Timestamp,Timeframe,Signal_Type,Signal_Price,In_FVG,Max_Advance_Pct,Max_Drawdown_Pct,RSI_T0,RSI_T-1,RSI_T-2,RSI_T-3,RSI_T-4,VOLUME_T0,VOLUME_T-1,VOLUME_T-2,VOLUME_T-3,VOLUME_T-4,MACD_T0,MACD_T-1,MACD_T-2,MACD_T-3,MACD_T-4,ADX_T0,ADX_T-1,ADX_T-2,ADX_T-3,ADX_T-4,ATR_T0,ATR_T-1,ATR_T-2,ATR_T-3,ATR_T-4
2025-01-15,1d,SHORT_MID,316.411,True,39.12,19.62,50.02836477095449,44.79003447195236,37.9604239235159,34.43317588218952,29.62401455427533,238759.852,166640.496,316087.272,78375.505,80313.229,-7.887957941727677,-10.035542774457497,-10.146306793331462,-9.53428113315482,-8.446433383138071,61.52770526640893,63.32238654708463,65.6885130391017,68.32671770205862,70.03945344715619,25.803571428571423,24.26642857142857,24.722857142857134,23.652857142857137,24.93714285714285
2025-01-16,1d,LONG_MID,315.772,True,19.86,39.0,41.81550900404264,50.02836477095449,44.79003447195236,37.9604239235159,34.43317588218952,161303.479,238759.852,166640.496,316087.272,78375.505,-6.808705346948216,-7.887957941727677,-10.035542774457497,-10.146306793331462,-9.53428113315482,59.861215505781495,61.52770526640893,63.32238654708463,65.6885130391017,68.32671770205862,25.47428571428571,25.803571428571423,24.26642857142857,24.722857142857134,23.652857142857137
2025-01-17,1d,SHORT_MID,314.8115,True,38.81,20.23,44.53086679279658,41.81550900404264,50.02836477095449,44.79003447195236,37.9604239235159,167317.241,161303.479,238759.852,166640.496,316087.272,-3.9742059596201775,-6.808705346948216,-7.887957941727677,-10.035542774457497,-10.146306793331462,58.5851003402656,59.861215505781495,61.52770526640893,63.32238654708463,65.6885130391017,24.519285714285708,25.47428571428571,25.803571428571423,24.26642857142857,24.722857142857134
2025-01-18,1d,LONG_MID,313.953,True,20.56,38.64,38.84727295239274,44.53086679279658,41.81550900404264,50.02836477095449,44.79003447195236,220504.431,167317.241,161303.479,238759.852,166640.496,-3.273282440093965,-3.9742059596201775,-6.808705346948216,-7.887957941727677,-10.035542774457497,57.29608646653151,58.5851003402656,59.861215505781495,61.52770526640893,63.32238654708463,25.475,24.519285714285708,25.47428571428571,25.803571428571423,24.26642857142857
2025-01-19,1d,LONG_MID,313.3205,True,20.8,38.52,39.76804613727106,38.84727295239274,44.53086679279658,41.81550900404264,50.02836477095449,542806.161,220504.431,167317.241,161303.479,238759.852,-3.178219483882856,-3.273282440093965,-3.9742059596201775,-6.808705346948216,-7.887957941727677,55.64110799759103,57.29608646653151,58.5851003402656,59.861215505781495,61.52770526640893,28.495,25.475,24.519285714285708,25.47428571428571,25.803571428571423
2025-01-20,1d,SHORT,361.6704,False,46.74,4.65,48.93112917990415,39.76804613727106,38.84727295239274,44.53086679279658,41.81550900404264,1016783.784,542806.161,220504.431,167317.241,161303.479,-0.8243300511375651,-3.178219483882856,-3.273282440093965,-3.9742059596201775,-6.808705346948216,54.4400471228288,55.64110799759103,57.29608646653151,58.5851003402656,59.861215505781495,32.04714285714286,28.495,25.475,24.519285714285708,25.47428571428571
2025-01-20,1d,SHORT_MID,314.756,True,38.8,20.25,48.93112917990415,39.76804613727106,38.84727295239274,44.53086679279658,41.81550900404264,1016783.784,542806.161,220504.431,167317.241,161303.479,-0.8243300511375651,-3.178219483882856,-3.273282440093965,-3.9742059596201775,-6.808705346948216,54.4400471228288,55.64110799759103,57.29608646653151,58.5851003402656,59.861215505781495,32.04714285714286,28.495,25.475,24.519285714285708,25.47428571428571
2025-01-21,1d,SHORT,370.4964,False,48.01,0.51,67.33564764591019,48.93112917990415,39.76804613727106,38.84727295239274,44.53086679279658,684136.842,1016783.784,542806.161,220504.431,167317.241,3.683296485071821,-0.8243300511375651,-3.178219483882856,-3.273282440093965,-3.9742059596201775,53.5662119242684,54.4400471228288,55.64110799759103,57.29608646653151,58.5851003402656,33.017857142857146,32.04714285714286,28.495,25.475,24.519285714285708
2025-01-22,1d,SHORT,372.3094,False,48.26,-3.96,63.681132656201896,67.33564764591019,48.93112917990415,39.76804613727106,38.84727295239274,233350.263,684136.842,1016783.784,542806.161,220504.431,5.246442101930256,3.683296485071821,-0.8243300511375651,-3.178219483882856,-3.273282440093965,52.75479352560517,53.5662119242684,54.4400471228288,55.64110799759103,57.29608646653151,32.337857142857146,33.017857142857146,32.04714285714286,28.495,25.475
2025-01-27,1d,LONG_MID,314.359,True,11.09,38.72,53.58962482630847,56.94943220421237,59.95835872435508,62.95515624176635,64.65625,321955.984,111837.022,113108.822,239363.708,275833.043,1.6362456173523017,3.678592856387184,5.061972890844288,5.750112892775405,5.674246307708927,43.694697120293576,46.4912796266954,48.26182712630566,49.650746724221136,51.05876477380674,32.64142857142858,33.24,32.59142857142858,32.67857142857143,32.306428571428576
2025-01-30,1d,SHORT_MID,315.8765,True,39.02,10.56,50.91901331586988,43.21815368746776,47.539634410465226,53.58962482630847,56.94943220421237,174687.445,216684.912,181046.333,321955.984,111837.022,-3.2458364090969667,-3.6620480911375353,-1.6505648476164083,1.6362456173523017,3.678592856387184,36.40505726770274,38.16124801445336,40.82550128763568,43.694697120293576,46.4912796266954,33.43857142857143,32.07142857142857,33.41785714285715,32.64142857142858,33.24
2025-01-31,1d,SHORT_MID,318.152,True,39.45,4.84,49.442345745637695,50.91901331586988,43.21815368746776,47.539634410465226,53.58962482630847,335111.11,174687.445,216684.912,181046.333,321955.984,-1.505091229047025,-3.2458364090969667,-3.6620480911375353,-1.6505648476164083,1.6362456173523017,35.56540214467124,36.40505726770274,38.16124801445336,40.82550128763568,43.694697120293576,34.21857142857143,33.43857142857143,32.07142857142857,33.41785714285715,32.64142857142858
2025-02-01,1d,LONG_MID,318.559,True,-4.33,39.53,45.925059526296,49.442345745637695,50.91901331586988,43.21815368746776,47.539634410465226,167928.935,335111.11,174687.445,216684.912,181046.333,-3.0477542221241265,-1.505091229047025,-3.2458364090969667,-3.6620480911375353,-1.6505648476164083,34.04763438069317,35.56540214467124,36.40505726770274,38.16124801445336,40.82550128763568,34.42428571428572,34.21857142857143,33.43857142857143,32.07142857142857,33.41785714285715
2025-02-02,1d,LONG,266.8837,False,6.78,27.82,40.590732877976734,45.925059526296,49.442345745637695,50.91901331586988,43.21815368746776,366449.871,167928.935,335111.11,174687.445,216684.912,-7.222686718442389,-3.0477542221241265,-1.505091229047025,-3.2458364090969667,-3.6620480911375353,32.24166952472978,34.04763438069317,35.56540214467124,36.40505726770274,38.16124801445336,34.705714285714286,34.42428571428572,34.21857142857143,33.43857142857143,32.07142857142857
2025-02-03,1d,LONG,263.5407,False,7.53,12.82,38.28718263404158,40.590732877976734,45.925059526296,49.442345745637695,50.91901331586988,1127436.263,366449.871,167928.935,335111.11,174687.445,-8.974640250105494,-7.222686718442389,-3.0477542221241265,-1.505091229047025,-3.2458364090969667,31.78281110181121,32.24166952472978,34.04763438069317,35.56540214467124,36.40505726770274,36.355,34.705714285714286,34.42428571428572,34.21857142857143,33.43857142857143
2025-02-04,1d,LONG,257.6944,False,9.97,20.36,28.73672394439167,38.28718263404158,40.590732877976734,45.925059526296,49.442345745637695,459215.108,1127436.263,366449.871,167928.935,335111.11,-10.576032444427256,-8.974640250105494,-7.222686718442389,-3.0477542221241265,-1.505091229047025,31.35672828052968,31.78281110181121,32.24166952472978,34.04763438069317,35.56540214467124,34.78428571428572,36.355,34.705714285714286,34.42428571428572,34.21857142857143
2025-02-17,1d,SHORT_MID,265.091,False,36.81,1.52,44.12462908011869,47.93068485574707,35.337364298474654,29.735198889916745,33.965442295153224,255620.395,59418.353,63140.469,135543.126,181007.592,-13.425042247952147,-15.070057316331486,-15.869184806279977,-16.600301205359187,-18.231794482651537,23.971968899496023,25.60241286989176,26.312077189503448,27.07633107216219,28.03296681602628,21.715714285714284,26.232142857142858,29.83928571428571,31.586428571428566,32.973571428571425
2025-02-18,1d,SHORT_MID,263.0215,False,36.31,2.31,39.85882773409578,44.12462908011869,47.93068485574707,35.337364298474654,29.735198889916745,177667.031,255620.395,59418.353,63140.469,135543.126,-13.177408878162623,-13.425042247952147,-15.070057316331486,-15.869184806279977,-16.600301205359187,22.799645146010608,23.971968899496023,25.60241286989176,26.312077189503448,27.07633107216219,21.367142857142856,21.715714285714284,26.232142857142858,29.83928571428571,31.586428571428566
2025-02-20,1d,SHORT_MID,256.327,False,36.08,4.99,60.670403104117256,46.723785415246816,39.85882773409578,44.12462908011869,47.93068485574707,125911.839,139948.517,177667.031,255620.395,59418.353,-11.277402845286986,-12.563594598376936,-13.177408878162623,-13.425042247952147,-15.070057316331486,20.432670959826982,21.71105880348844,22.799645146010608,23.971968899496023,25.60241286989176,19.149285714285718,20.242142857142856,21.367142857142856,21.715714285714284,26.232142857142858
2025-02-21,1d,LONG_MID,253.67,False,0.22,36.87,52.26070002785256,60.670403104117256,46.723785415246816,39.85882773409578,44.12462908011869,258217.285,125911.839,139948.517,177667.031,255620.395,-11.605800727107804,-11.277402845286986,-12.563594598376936,-13.177408878162623,-13.425042247952147,19.53344921454514,20.432670959826982,21.71105880348844,22.799645146010608,23.971968899496023,19.113571428571426,19.149285714285718,20.242142857142856,21.367142857142856,21.715714285714284
2025-02-23,1d,SHORT_MID,251.6675,False,36.37,-0.92,52.95086467197365,53.73402915242036,52.26070002785256,60.670403104117256,46.723785415246816,83526.179,132479.048,258217.285,125911.839,139948.517,-11.053885411936308,-11.394194500875043,-11.605800727107804,-11.277402845286986,-12.563594598376936,17.78055450665107,18.698457593926285,19.53344921454514,20.432670959826982,21.71105880348844,18.39642857142857,19.253571428571423,19.113571428571426,19.149285714285718,20.242142857142856
2025-02-24,1d,LONG,224.7389,False,7.6,28.75,34.49017426770486,52.95086467197365,53.73402915242036,52.26070002785256,60.670403104117256,232853.204,83526.179,132479.048,258217.285,125911.839,-13.60647646291659,-11.053885411936308,-11.394194500875043,-11.605800727107804,-11.277402845286986,18.503048919394967,17.78055450665107,18.698457593926285,19.53344921454514,20.432670959826982,19.87142857142857,18.39642857142857,19.253571428571423,19.113571428571426,19.149285714285718
2025-02-24,1d,SHORT_MID,248.5915,False,35.59,-2.72,34.49017426770486,52.95086467197365,53.73402915242036,52.26070002785256,60.670403104117256,232853.204,83526.179,132479.048,258217.285,125911.839,-13.60647646291659,-11.053885411936308,-11.394194500875043,-11.605800727107804,-11.277402845286986,18.503048919394967,17.78055450665107,18.698457593926285,19.53344921454514,20.432670959826982,19.87142857142857,18.39642857142857,19.253571428571423,19.113571428571426,19.149285714285718
2025-02-25,1d,LONG,215.7091,False,12.11,25.77,35.331206320267384,34.49017426770486,52.95086467197365,53.73402915242036,52.26070002785256,475176.508,232853.204,83526.179,132479.048,258217.285,-15.902022426357943,-13.60647646291659,-11.053885411936308,-11.394194500875043,-11.605800727107804,19.659623217403613,18.503048919394967,17.78055450665107,18.698457593926285,19.53344921454514,20.106428571428577,19.87142857142857,18.39642857142857,19.253571428571423,19.113571428571426
2025-02-26,1d,LONG,208.0806,False,16.22,23.04,29.921700223713643,35.331206320267384,34.49017426770486,52.95086467197365,53.73402915242036,295382.838,475176.508,232853.204,83526.179,132479.048,-17.72511943559138,-15.902022426357943,-13.60647646291659,-11.053885411936308,-11.394194500875043,20.7335850655545,19.659623217403613,18.503048919394967,17.78055450665107,18.698457593926285,19.40928571428572,20.106428571428577,19.87142857142857,18.39642857142857,19.253571428571423
2025-02-27,1d,LONG,202.204,False,19.6,20.81,28.673660242335515,29.921700223713643,35.331206320267384,34.49017426770486,52.95086467197365,146454.592,295382.838,475176.508,232853.204,83526.179,-18.838199776892907,-17.72511943559138,-15.902022426357943,-13.60647646291659,-11.053885411936308,21.73083535312318,20.7335850655545,19.659623217403613,18.503048919394967,17.78055450665107,19.53357142857143,19.40928571428572,20.106428571428577,19.87142857142857,18.39642857142857
2025-02-28,1d,LONG,194.0468,False,24.62,17.48,22.6225680933852,28.673660242335515,29.921700223713643,35.331206320267384,34.49017426770486,304630.917,146454.592,295382.838,475176.508,232853.204,-20.430519704956566,-18.838199776892907,-17.72511943559138,-15.902022426357943,-13.60647646291659,23.22232730786218,21.73083535312318,20.7335850655545,19.659623217403613,18.503048919394967,20.183571428571437,19.53357142857143,19.40928571428572,20.106428571428577,19.87142857142857
2025-03-01,1d,LONG,187.5468,False,28.94,14.62,26.071633472666164,22.6225680933852,28.673660242335515,29.921700223713643,35.331206320267384,125176.086,304630.917,146454.592,295382.838,475176.508,-21.226661874180703,-20.430519704956566,-18.838199776892907,-17.72511943559138,-15.902022426357943,24.607284122976967,23.22232730786218,21.73083535312318,20.7335850655545,19.659623217403613,20.14571428571429,20.183571428571437,19.53357142857143,19.40928571428572,20.106428571428577
2025-03-04,1d,LONG,174.854,False,38.3,8.42,38.873327108621226,27.011431083754672,39.85463759418551,26.071633472666164,22.6225680933852,654727.541,301482.223,312986.775,125176.086,304630.917,-20.058378468818372,-21.027463410138097,-19.33262326745688,-21.226661874180703,-20.430519704956566,24.13260818564911,23.88331574542674,23.99474529831709,24.607284122976967,23.22232730786218,25.167857142857144,23.39428571428572,22.13928571428572,20.14571428571429,20.183571428571437
2025-03-06,1d,SHORT_MID,226.1835,True,29.2,-6.16,37.28576930483343,42.118964585686925,38.873327108621226,27.011431083754672,39.85463759418551,456119.8,379318.7,654727.541,301482.223,312986.775,-17.064894745363404,-17.938572563581374,-20.058378468818372,-21.027463410138097,-19.33262326745688,22.718434203560594,23.8238438270419,24.13260818564911,23.88331574542674,23.99474529831709,27.428571428571427,25.90928571428572,25.167857142857144,23.39428571428572,22.13928571428572
2025-03-22,1d,SHORT_MID,183.148,False,37.73,6.32,41.26272021008864,39.87662480722626,35.45890880595553,32.67148014440434,33.73600994848108,84609.274,153103.753,175786.773,227825.467,141000.834,-13.279732463005018,-14.393823319111648,-15.452698218082446,-16.631368387778537,-18.272632955095645,23.73478984555839,24.23254654654193,24.71440883320872,25.203062229927237,25.72930434947025,14.401428571428568,15.014999999999995,15.559999999999995,17.14142857142857,17.642857142857142
2025-03-23,1d,SHORT_MID,183.355,False,37.8,6.2,54.055073557148255,41.26272021008864,39.87662480722626,35.45890880595553,32.67148014440434,112878.785,84609.274,153103.753,175786.773,227825.467,-11.834336692972728,-13.279732463005018,-14.393823319111648,-15.452698218082446,-16.631368387778537,23.002935725569014,23.73478984555839,24.23254654654193,24.71440883320872,25.203062229927237,13.334999999999996,14.401428571428568,15.014999999999995,15.559999999999995,17.14142857142857
2025-03-24,1d,LONG_MID,182.5585,False,5.46,37.53,56.23427955443765,54.055073557148255,41.26272021008864,39.87662480722626,35.45890880595553,134165.595,112878.785,84609.274,153103.753,175786.773,-10.110743577500443,-11.834336692972728,-13.279732463005018,-14.393823319111648,-15.452698218082446,21.548527122551484,23.002935725569014,23.73478984555839,24.23254654654193,24.71440883320872,12.387142857142855,13.334999999999996,14.401428571428568,15.014999999999995,15.559999999999995
2025-03-26,1d,LONG_MID,179.296,False,4.3,36.39,51.47962667880719,52.67264469546988,56.23427955443765,54.055073557148255,41.26272021008864,185901.176,114808.321,134165.595,112878.785,84609.274,-8.715013864225654,-8.97219348899651,-10.110743577500443,-11.834336692972728,-13.279732463005018,19.78666830364968,20.19800484832092,21.548527122551484,23.002935725569014,23.73478984555839,11.159999999999997,11.537142857142854,12.387142857142855,13.334999999999996,14.401428571428568
2025-03-27,1d,SHORT_MID,178.7,False,36.18,4.65,63.17815469746181,51.47962667880719,52.67264469546988,56.23427955443765,54.055073557148255,111413.715,185901.176,114808.321,134165.595,112878.785,-7.832664997362741,-8.715013864225654,-8.97219348899651,-10.110743577500443,-11.834336692972728,19.404712940740676,19.78666830364968,20.19800484832092,21.548527122551484,23.002935725569014,10.661428571428567,11.159999999999997,11.537142857142854,12.387142857142855,13.334999999999996
2025-03-28,1d,LONG_MID,177.7045,False,1.64,35.82,51.65238678090576,63.17815469746181,51.47962667880719,52.67264469546988,56.23427955443765,161365.104,111413.715,185901.176,114808.321,134165.595,-7.761278677201062,-7.832664997362741,-8.715013864225654,-8.97219348899651,-10.110743577500443,19.61625209590037,19.404712940740676,19.78666830364968,20.19800484832092,21.548527122551484,10.892142857142852,10.661428571428567,11.159999999999997,11.537142857142854,12.387142857142855
2025-03-29,1d,SHORT_MID,177.182,False,35.63,-3.23,47.27761595339459,51.65238678090576,63.17815469746181,51.47962667880719,52.67264469546988,176026.568,161365.104,111413.715,185901.176,114808.321,-8.229551176479504,-7.761278677201062,-7.832664997362741,-8.715013864225654,-8.97219348899651,19.99714944637031,19.61625209590037,19.404712940740676,19.78666830364968,20.19800484832092,11.550714285714282,10.892142857142852,10.661428571428567,11.159999999999997,11.537142857142854
2025-03-31,1d,LONG,158.126,False,8.43,27.87,40.4953482524516,49.38560561732006,47.27761595339459,51.65238678090576,63.17815469746181,174133.212,132333.992,176026.568,161365.104,111413.715,-9.578489235608204,-8.860026198119527,-8.229551176479504,-7.761278677201062,-7.832664997362741,21.86380894875824,20.66092527086363,19.99714944637031,19.61625209590037,19.404712940740676,11.311428571428568,11.370714285714282,11.550714285714282,10.892142857142852,10.661428571428567
2025-04-02,1d,LONG,154.0656,False,3.22,25.97,30.99173553719008,47.51720747295968,40.4953482524516,49.38560561732006,47.27761595339459,280168.932,153539.609,174133.212,132333.992,176026.568,-10.618021564545955,-9.51770113978759,-9.578489235608204,-8.860026198119527,-8.229551176479504,23.037299915054216,22.166021617015225,21.86380894875824,20.66092527086363,19.99714944637031,11.762142857142855,11.440714285714282,11.311428571428568,11.370714285714282,11.550714285714282
2025-04-03,1d,LONG,150.4743,False,12.25,24.21,33.109264238572464,30.99173553719008,47.51720747295968,40.4953482524516,49.38560561732006,154185.86,280168.932,153539.609,174133.212,132333.992,-11.292084329646656,-10.618021564545955,-9.51770113978759,-9.578489235608204,-8.860026198119527,24.02575613247024,23.037299915054216,22.166021617015225,21.86380894875824,20.66092527086363,11.724285714285717,11.762142857142855,11.440714285714282,11.311428571428568,11.370714285714282
2025-04-04,1d,LONG,147.5429,False,15.7,22.7,34.03892944038931,33.109264238572464,30.99173553719008,47.51720747295968,40.4953482524516,196022.179,154185.86,280168.932,153539.609,174133.212,-11.620514309943276,-11.292084329646656,-10.618021564545955,-9.51770113978759,-9.578489235608204,25.05329686032331,24.02575613247024,23.037299915054216,22.166021617015225,21.86380894875824,11.750714285714286,11.724285714285717,11.762142857142855,11.440714285714282,11.311428571428568
2025-04-06,1d,LONG,137.1785,False,26.26,16.86,21.820010055304152,33.226600985221665,34.03892944038931,33.109264238572464,30.99173553719008,214453.046,69132.948,196022.179,154185.86,280168.932,-13.514342983699464,-11.704719971885709,-11.620514309943276,-11.292084329646656,-10.618021564545955,27.68248794027549,25.824353664681816,25.05329686032331,24.02575613247024,23.037299915054216,13.147857142857143,11.777857142857144,11.750714285714286,11.724285714285717,11.762142857142855
2025-04-07,1d,LONG,131.24,False,36.69,8.69,19.646548160396847,21.820010055304152,33.226600985221665,34.03892944038931,33.109264238572464,596014.993,214453.046,69132.948,196022.179,154185.86,-14.536419782314823,-13.514342983699464,-11.704719971885709,-11.620514309943276,-11.292084329646656,29.8368413507182,27.68248794027549,25.824353664681816,25.05329686032331,24.02575613247024,13.776428571428571,13.147857142857143,11.777857142857144,11.750714285714286,11.724285714285717
2025-04-08,1d,LONG,124.6007,False,43.97,3.82,19.12667270349128,19.646548160396847,21.820010055304152,33.226600985221665,34.03892944038931,361650.137,596014.993,214453.046,69132.948,196022.179,-15.708401094252023,-14.536419782314823,-13.514342983699464,-11.704719971885709,-11.620514309943276,31.83731237470071,29.8368413507182,27.68248794027549,25.824353664681816,25.05329686032331,14.162142857142856,13.776428571428571,13.147857142857143,11.777857142857144,11.750714285714286
2025-04-09,1d,LONG,122.3507,False,46.62,-4.79,34.12962962962963,19.12667270349128,19.646548160396847,21.820010055304152,33.226600985221665,345619.119,361650.137,596014.993,214453.046,69132.948,-15.02367532902619,-15.708401094252023,-14.536419782314823,-13.514342983699464,-11.704719971885709,32.76850448662424,31.83731237470071,29.8368413507182,27.68248794027549,25.824353664681816,14.88142857142857,14.162142857142856,13.776428571428571,13.147857142857143,11.777857142857144
2025-04-19,1d,SHORT_MID,142.1005,True,3.72,55.33,44.8160535117057,43.103448275862064,43.84156815196525,41.40221402214023,35.58676937018578,66400.56,76592.913,112434.126,160676.004,148674.597,-9.546304612633437,-10.48386447940902,-11.164548316938436,-11.923900439502347,-12.214653142272963,31.443874692879536,32.09249037549236,32.514014188059406,32.967962909285454,32.87234202853708,12.964999999999996,13.030714285714282,13.437142857142854,13.668571428571424,14.510714285714284
2025-04-20,1d,SHORT_MID,141.168,True,1.5,63.2,57.53978277342762,44.8160535117057,43.103448275862064,43.84156815196525,41.40221402214023,64713.51,66400.56,76592.913,112434.126,160676.004,-8.786720049061302,-9.546304612633437,-10.48386447940902,-11.164548316938436,-11.923900439502347,30.86776744885332,31.443874692879536,32.09249037549236,32.514014188059406,32.967962909285454,11.568571428571428,12.964999999999996,13.030714285714282,13.437142857142854,13.668571428571424
2025-04-21,1d,SHORT_MID,140.009,True,0.18,64.66,56.93608300243371,57.53978277342762,44.8160535117057,43.103448275862064,43.84156815196525,136874.98,64713.51,66400.56,76592.913,112434.126,-7.938307983025453,-8.786720049061302,-9.546304612633437,-10.48386447940902,-11.164548316938436,29.953024233948856,30.86776744885332,31.443874692879536,32.09249037549236,32.514014188059406,10.480714285714283,11.568571428571428,12.964999999999996,13.030714285714282,13.437142857142854
2025-04-22,1d,SHORT,157.566,True,1.36,46.31,68.9778495616059,56.93608300243371,57.53978277342762,44.8160535117057,43.103448275862064,204783.652,136874.98,64713.51,66400.56,76592.913,-5.959428922934421,-7.938307983025453,-8.786720049061302,-9.546304612633437,-10.48386447940902,28.139029634041083,29.953024233948856,30.86776744885332,31.443874692879536,32.09249037549236,10.95785714285714,10.480714285714283,11.568571428571428,12.964999999999996,13.030714285714282
2025-04-22,1d,LONG_MID,140.4045,True,64.2,-10.7,68.9778495616059,56.93608300243371,57.53978277342762,44.8160535117057,43.103448275862064,204783.652,136874.98,64713.51,66400.56,76592.913,-5.959428922934421,-7.938307983025453,-8.786720049061302,-9.546304612633437,-10.48386447940902,28.139029634041083,29.953024233948856,30.86776744885332,31.443874692879536,32.09249037549236,10.95785714285714,10.480714285714283,11.568571428571428,12.964999999999996,13.030714285714282
2025-04-23,1d,SHORT,161.9722,False,4.04,47.16,65.86263806017516,68.9778495616059,56.93608300243371,57.53978277342762,44.8160535117057,248577.84,204783.652,136874.98,64713.51,66400.56,-3.548176908071838,-5.959428922934421,-7.938307983025453,-8.786720049061302,-9.546304612633437,27.38053380575692,28.139029634041083,29.953024233948856,30.86776744885332,31.443874692879536,9.948571428571428,10.95785714285714,10.480714285714283,11.568571428571428,12.964999999999996
2025-04-24,1d,SHORT,165.5412,True,6.11,44.54,76.53046172001768,65.86263806017516,68.9778495616059,56.93608300243371,57.53978277342762,238796.662,248577.84,204783.652,136874.98,64713.51,-1.6361341396402054,-3.548176908071838,-5.959428922934421,-7.938307983025453,-8.786720049061302,26.82830726670879,27.38053380575692,28.139029634041083,29.953024233948856,30.86776744885332,9.753571428571425,9.948571428571428,10.95785714285714,10.480714285714283,11.568571428571428
2025-04-25,1d,SHORT,168.283,False,7.64,42.18,73.15716272600834,76.53046172001768,65.86263806017516,68.9778495616059,56.93608300243371,216716.797,238796.662,248577.84,204783.652,136874.98,-0.2359167667704866,-1.6361341396402054,-3.548176908071838,-5.959428922934421,-7.938307983025453,26.31552548044981,26.82830726670879,27.38053380575692,28.139029634041083,29.953024233948856,9.72285714285714,9.753571428571425,9.948571428571428,10.95785714285714,10.480714285714283
2025-04-26,1d,SHORT,172.9345,False,10.12,41.74,70.83123425692695,73.15716272600834,76.53046172001768,65.86263806017516,68.9778495616059,143654.91,216716.797,238796.662,248577.84,204783.652,1.3783380611675398,-0.2359167667704866,-1.6361341396402054,-3.548176908071838,-5.959428922934421,26.07768126157523,26.31552548044981,26.82830726670879,27.38053380575692,28.139029634041083,9.177142857142854,9.72285714285714,9.753571428571425,9.948571428571428,10.95785714285714
2025-04-27,1d,SHORT,175.5647,False,11.47,39.62,74.1040056219255,70.83123425692695,73.15716272600834,76.53046172001768,65.86263806017516,167845.334,143654.91,216716.797,238796.662,248577.84,2.125593689196819,1.3783380611675398,-0.2359167667704866,-1.6361341396402054,-3.548176908071838,26.38795935439016,26.07768126157523,26.31552548044981,26.82830726670879,27.38053380575692,9.330714285714285,9.177142857142854,9.72285714285714,9.753571428571425,9.948571428571428
2025-05-08,1d,SHORT,196.7039,False,-2.91,43.79,72.82789811949539,53.97364217252398,68.05964653902801,74.77464379179996,73.25420070911056,337309.174,157627.163,172834.332,153785.302,102426.493,8.128363112510328,5.688233826623446,5.969112682431472,5.66042914664564,5.273703191564096,23.23284197315698,21.840601554079587,22.73032167119113,23.81486644610762,24.01139767390569,12.96428571428572,11.25214285714286,11.150000000000002,11.403571428571428,11.098571428571429
2025-05-09,1d,SHORT,203.6108,True,-2.56,38.91,75.58272394881172,72.82789811949539,53.97364217252398,68.05964653902801,74.77464379179996,283918.985,337309.174,157627.163,172834.332,153785.302,10.343183913561177,8.128363112510328,5.688233826623446,5.969112682431472,5.66042914664564,25.10598083751493,23.23284197315698,21.840601554079587,22.73032167119113,23.81486644610762,13.717857142857143,12.96428571428572,11.25214285714286,11.150000000000002,11.403571428571428
2025-05-10,1d,SHORT,213.9872,True,1.73,32.18,78.29795876916829,75.58272394881172,72.82789811949539,53.97364217252398,68.05964653902801,208941.792,283918.985,337309.174,157627.163,172834.332,13.34860552220718,10.343183913561177,8.128363112510328,5.688233826623446,5.969112682431472,27.22495883776279,25.10598083751493,23.23284197315698,21.840601554079587,22.73032167119113,14.629285714285716,13.717857142857143,12.96428571428572,11.25214285714286,11.150000000000002
2025-05-11,1d,SHORT,219.8209,True,4.34,28.67,77.35527239891644,78.29795876916829,75.58272394881172,72.82789811949539,53.97364217252398,139746.809,208941.792,283918.985,337309.174,157627.163,14.953666833571331,13.34860552220718,10.343183913561177,8.128363112510328,5.688233826623446,29.198629483454404,27.22495883776279,25.10598083751493,23.23284197315698,21.840601554079587,14.827142857142858,14.629285714285716,13.717857142857143,12.96428571428572,11.25214285714286
2025-05-12,1d,SHORT,225.9086,True,6.91,25.2,77.80443911217759,77.35527239891644,78.29795876916829,75.58272394881172,72.82789811949539,242807.236,139746.809,208941.792,283918.985,337309.174,16.09821724180742,14.953666833571331,13.34860552220718,10.343183913561177,8.128363112510328,30.774017379478803,29.198629483454404,27.22495883776279,25.10598083751493,23.23284197315698,15.152142857142858,14.827142857142858,14.629285714285716,13.717857142857143,12.96428571428572
2025-05-13,1d,SHORT,234.9326,True,9.77,20.39,81.06020712655786,77.80443911217759,77.35527239891644,78.29795876916829,75.58272394881172,179353.002,242807.236,139746.809,208941.792,283918.985,17.971375342370635,16.09821724180742,14.953666833571331,13.34860552220718,10.343183913561177,32.386782246627625,30.774017379478803,29.198629483454404,27.22495883776279,25.10598083751493,16.587857142857143,15.152142857142858,14.827142857142858,14.629285714285716,13.717857142857143
2025-05-20,1d,SHORT,267.0039,False,11.01,7.0,77.07973994958208,75.30731846769584,73.44554607639691,67.35111320903155,73.15430730064878,453430.281,292232.54,206116.908,118983.177,202070.584,20.804331123186984,19.25342677002573,18.18513173351772,18.149524152614475,18.853173761678164,38.43607064267672,37.29514352461324,36.90693501163423,35.94332929146025,35.3117902612231,22.04928571428572,21.46071428571429,19.56142857142857,18.30785714285714,18.25142857142857
2025-05-27,1d,SHORT,280.4978,False,15.29,16.01,66.47919010123736,69.48024238286251,70.72246620167056,64.29124709527501,67.54790770434104,170465.692,207351.898,222579.022,288994.852,338570.162,22.519173972379065,22.40520242211585,22.34620306273092,21.76666274493081,21.466861644830573,42.37026454145107,41.51913605345285,40.83648423051715,40.3529849971204,39.83229351500082,20.90428571428572,21.49214285714286,21.505,21.669285714285717,21.33428571428572
2025-05-30,1d,LONG_MID,246.0985,True,32.23,3.45,59.11995618039074,61.29645635263614,66.66040041357273,66.47919010123736,69.48024238286251,215505.527,205370.915,131408.883,170465.692,207351.898,18.13388265119997,19.84006591783429,21.826938873897237,22.519173972379065,22.40520242211585,40.44763596960932,42.03565583106168,42.8429345459044,42.37026454145107,41.51913605345285,20.807142857142857,21.32785714285714,20.832142857142856,20.90428571428572,21.49214285714286
2025-05-31,1d,LONG_MID,247.3955,False,31.53,3.96,61.91204588910136,59.11995618039074,61.29645635263614,66.66040041357273,66.47919010123736,167004.296,215505.527,205370.915,131408.883,170465.692,16.281757497555418,18.13388265119997,19.84006591783429,21.826938873897237,22.519173972379065,38.97304609826069,40.44763596960932,42.03565583106168,42.8429345459044,42.37026454145107,20.802857142857142,20.807142857142857,21.32785714285714,20.832142857142856,20.90428571428572
2025-06-01,1d,SHORT_MID,248.6085,False,8.72,30.89,57.326639472858496,61.91204588910136,59.11995618039074,61.29645635263614,66.66040041357273,139665.72,167004.296,215505.527,205370.915,131408.883,14.56853400113812,16.281757497555418,18.13388265119997,19.84006591783429,21.826938873897237,37.18373796375758,38.97304609826069,40.44763596960932,42.03565583106168,42.8429345459044,20.178571428571427,20.802857142857142,20.807142857142857,21.32785714285714,20.832142857142856
2025-06-02,1d,SHORT_MID,249.6785,False,14.69,30.33,55.48281505728316,57.326639472858496,61.91204588910136,59.11995618039074,61.29645635263614,148460.574,139665.72,167004.296,215505.527,205370.915,13.99197959225117,14.56853400113812,16.281757497555418,18.13388265119997,19.84006591783429,35.78032915035503,37.18373796375758,38.97304609826069,40.44763596960932,42.03565583106168,18.83571428571428,20.178571428571427,20.802857142857142,20.807142857142857,21.32785714285714
2025-06-05,1d,LONG_MID,254.0735,False,28.08,16.17,41.79428695557728,60.50664977834073,53.93474088291749,55.48281505728316,57.326639472858496,199094.629,199537.289,152350.519,148460.574,139665.72,11.617352525255797,13.784555170264724,14.068445743781352,13.99197959225117,14.56853400113812,33.002606832588214,35.17169110709965,35.381243628385775,35.78032915035503,37.18373796375758,19.020714285714284,18.064999999999998,18.46428571428571,18.83571428571428,20.178571428571427
2025-06-07,1d,SHORT_MID,256.7755,True,17.05,26.73,47.82394157702554,47.40350179068841,41.79428695557728,60.50664977834073,53.93474088291749,63294.548,136129.784,199094.629,199537.289,152350.519,10.060249673354662,10.518520224747306,11.617352525255797,13.784555170264724,14.068445743781352,29.401801182847564,30.94258051602488,33.002606832588214,35.17169110709965,35.381243628385775,17.281428571428567,18.35642857142857,19.020714285714284,18.064999999999998,18.46428571428571
2025-06-08,1d,LONG_MID,257.0775,True,26.58,17.15,42.06479393069512,47.82394157702554,47.40350179068841,41.79428695557728,60.50664977834073,62246.441,63294.548,136129.784,199094.629,199537.289,9.29618870376379,10.060249673354662,10.518520224747306,11.617352525255797,13.784555170264724,27.97107751632577,29.401801182847564,30.94258051602488,33.002606832588214,35.17169110709965,16.636428571428567,17.281428571428567,18.35642857142857,19.020714285714284,18.064999999999998
2025-06-09,1d,SHORT,278.9678,False,23.65,16.65,56.301380796552,42.06479393069512,47.82394157702554,47.40350179068841,41.79428695557728,166118.033,62246.441,63294.548,136129.784,199094.629,10.945700038656838,9.29618870376379,10.060249673354662,10.518520224747306,11.617352525255797,28.09308673152087,27.97107751632577,29.401801182847564,30.94258051602488,33.002606832588214,17.909999999999993,16.636428571428567,17.281428571428567,18.35642857142857,19.020714285714284
2025-06-09,1d,SHORT_MID,258.27,True,17.53,26.0,56.301380796552,42.06479393069512,47.82394157702554,47.40350179068841,41.79428695557728,166118.033,62246.441,63294.548,136129.784,199094.629,10.945700038656838,9.29618870376379,10.060249673354662,10.518520224747306,11.617352525255797,28.09308673152087,27.97107751632577,29.401801182847564,30.94258051602488,33.002606832588214,17.909999999999993,16.636428571428567,17.281428571428567,18.35642857142857,19.020714285714284
2025-06-10,1d,SHORT,291.1938,True,26.85,11.75,62.56922130306966,56.301380796552,42.06479393069512,47.82394157702554,47.40350179068841,427174.508,166118.033,62246.441,63294.548,136129.784,14.110010058431612,10.945700038656838,9.29618870376379,10.060249673354662,10.518520224747306,29.361890532722505,28.09308673152087,27.97107751632577,29.401801182847564,30.94258051602488,18.997857142857136,17.909999999999993,16.636428571428567,17.281428571428567,18.35642857142857
2025-06-11,1d,SHORT,298.9613,False,28.75,3.55,63.46740638002773,62.56922130306966,56.301380796552,42.06479393069512,47.82394157702554,216952.423,427174.508,166118.033,62246.441,63294.548,16.068600415139144,14.110010058431612,10.945700038656838,9.29618870376379,10.060249673354662,30.755268046779936,29.361890532722505,28.09308673152087,27.97107751632577,29.401801182847564,19.766428571428573,18.997857142857136,17.909999999999993,16.636428571428567,17.281428571428567
2025-06-12,1d,SHORT,303.1258,True,29.73,-2.43,65.78493387004028,63.46740638002773,62.56922130306966,56.301380796552,42.06479393069512,207729.733,216952.423,427174.508,166118.033,62246.441,16.629449265378526,16.068600415139144,14.110010058431612,10.945700038656838,9.29618870376379,31.029747591249414,30.755268046779936,29.361890532722505,28.09308673152087,27.97107751632577,19.572857142857146,19.766428571428573,18.997857142857136,17.909999999999993,16.636428571428567
2025-06-13,1d,LONG_MID,267.0165,True,10.76,20.23,64.2679724646938,65.78493387004028,63.46740638002773,62.56922130306966,56.301380796552,529097.909,207729.733,216952.423,427174.508,166118.033,16.659978145020432,16.629449265378526,16.068600415139144,14.110010058431612,10.945700038656838,29.728125636588835,31.029747591249414,30.755268046779936,29.361890532722505,28.09308673152087,20.740714285714287,19.572857142857146,19.766428571428573,18.997857142857136,17.909999999999993
2025-06-15,1d,LONG_MID,267.6805,True,10.49,20.43,59.469398476490696,59.1508817766166,64.2679724646938,65.78493387004028,63.46740638002773,98219.224,166336.995,529097.909,207729.733,216952.423,13.894614632730224,15.212899880978966,16.659978145020432,16.629449265378526,16.068600415139144,27.305381858947968,28.519476678689724,29.728125636588835,31.029747591249414,30.755268046779936,21.211428571428574,21.52642857142858,20.740714285714287,19.572857142857146,19.766428571428573
2025-06-17,1d,LONG_MID,267.9365,True,8.92,20.5,50.04620086715474,56.14920071047957,59.469398476490696,59.1508817766166,64.2679724646938,286884.273,249880.545,98219.224,166336.995,529097.909,10.963747092178266,12.715392690281988,13.894614632730224,15.212899880978966,16.659978145020432,25.96987763287985,26.920807435281684,27.305381858947968,28.519476678689724,29.728125636588835,21.765714285714296,21.55714285714286,21.211428571428574,21.52642857142858,20.740714285714287
2025-06-18,1d,SHORT_MID,268.3895,True,20.64,9.91,48.26238947151964,50.04620086715474,56.14920071047957,59.469398476490696,59.1508817766166,145068.062,286884.273,249880.545,98219.224,166336.995,8.868141599735964,10.963747092178266,12.715392690281988,13.894614632730224,15.212899880978966,24.68244346727958,25.96987763287985,26.920807435281684,27.305381858947968,28.519476678689724,21.89285714285715,21.765714285714296,21.55714285714286,21.211428571428574,21.52642857142858
2025-06-21,1d,LONG,227.8244,True,39.66,6.51,41.406723198061776,48.58004125019832,55.475890324613935,48.26238947151964,50.04620086715474,141134.971,165238.363,154272.423,145068.062,286884.273,1.6561004638031136,4.529298192714691,6.850808047540568,8.868141599735964,10.963747092178266,21.03020477639193,21.64883472173721,23.130328244447885,24.68244346727958,25.96987763287985,22.58857142857144,21.72928571428572,21.237142857142864,21.89285714285715,21.765714285714296
2025-06-22,1d,LONG,222.6677,True,42.89,0.44,40.427261975162615,41.406723198061776,48.58004125019832,55.475890324613935,48.26238947151964,306273.969,141134.971,165238.363,154272.423,145068.062,-1.1594943433362346,1.6561004638031136,4.529298192714691,6.850808047540568,8.868141599735964,21.063496289604316,21.03020477639193,21.64883472173721,23.130328244447885,24.68244346727958,24.05714285714287,22.58857142857144,21.72928571428572,21.237142857142864,21.89285714285715
2025-06-23,1d,LONG,221.9916,True,43.33,-12.0,40.26387962345268,40.427261975162615,41.406723198061776,48.58004125019832,55.475890324613935,350889.69,306273.969,141134.971,165238.363,154272.423,-1.0276726755013783,-1.1594943433362346,1.6561004638031136,4.529298192714691,6.850808047540568,19.985662701789327,21.063496289604316,21.03020477639193,21.64883472173721,23.130328244447885,24.15000000000001,24.05714285714287,22.58857142857144,21.72928571428572,21.237142857142864
2025-06-24,1d,SHORT_MID,266.0985,True,6.56,24.77,31.096101231190147,40.26387962345268,40.427261975162615,41.406723198061776,48.58004125019832,208497.59,350889.69,306273.969,141134.971,165238.363,-0.3478958967077119,-1.0276726755013783,-1.1594943433362346,1.6561004638031136,4.529298192714691,18.69192836364665,19.985662701789327,21.063496289604316,21.03020477639193,21.64883472173721,22.831428571428575,24.15000000000001,24.05714285714287,22.58857142857144,21.72928571428572
2025-06-25,1d,SHORT_MID,266.81,True,6.81,24.43,30.152545183220013,31.096101231190147,40.26387962345268,40.427261975162615,41.406723198061776,138698.613,208497.59,350889.69,306273.969,141134.971,-0.4630805184880273,-0.3478958967077119,-1.0276726755013783,-1.1594943433362346,1.6561004638031136,17.557896166308222,18.69192836364665,19.985662701789327,21.063496289604316,21.03020477639193,22.23285714285715,22.831428571428575,24.15000000000001,24.05714285714287,22.58857142857144
2025-06-27,1d,SHORT_MID,266.8715,True,5.15,25.53,36.98294851921349,31.2564455139223,30.152545183220013,31.096101231190147,40.26387962345268,140571.753,178809.874,138698.613,208497.59,350889.69,-0.6923119385054406,-0.9987598601280184,-0.4630805184880273,-0.3478958967077119,-1.0276726755013783,15.248186338874438,16.385620273963227,17.557896166308222,18.69192836364665,19.985662701789327,20.84428571428572,21.793571428571436,22.23285714285715,22.831428571428575,24.15000000000001
2025-06-29,1d,SHORT_MID,266.9425,True,3.59,26.61,51.44766146993319,42.91312867406924,36.98294851921349,31.2564455139223,30.152545183220013,144538.614,59226.651,140571.753,178809.874,138698.613,1.3392647131304898,-0.391678245627304,-0.6923119385054406,-0.9987598601280184,-0.4630805184880273,14.22888192761306,14.191997684863424,15.248186338874438,16.385620273963227,17.557896166308222,20.65428571428572,19.808571428571437,20.84428571428572,21.793571428571436,22.23285714285715
2025-07-01,1d,LONG_MID,263.0545,True,28.48,2.16,47.556931240327216,49.75327679259831,51.44766146993319,42.91312867406924,36.98294851921349,101132.555,154839.828,144538.614,59226.651,140571.753,1.95565496022283,2.350695638503339,1.3392647131304898,-0.391678245627304,-0.6923119385054406,14.085296206117194,14.462359650205467,14.22888192761306,14.191997684863424,15.248186338874438,19.842142857142864,20.11428571428572,20.65428571428572,19.808571428571437,20.84428571428572
2025-07-02,1d,SHORT_MID,262.1665,True,1.38,28.92,55.920232654756965,47.556931240327216,49.75327679259831,51.44766146993319,42.91312867406924,179381.171,101132.555,154839.828,144538.614,59226.651,2.918564343789626,1.95565496022283,2.350695638503339,1.3392647131304898,-0.391678245627304,13.90659313857832,14.085296206117194,14.462359650205467,14.22888192761306,14.191997684863424,20.630714285714287,19.842142857142864,20.11428571428572,20.65428571428572,19.808571428571437
2025-07-04,1d,LONG_MID,261.1185,True,29.44,-1.51,56.24246483590086,58.23566128025522,55.920232654756965,47.556931240327216,49.75327679259831,156226.386,173027.338,179381.171,101132.555,154839.828,3.546482929134527,3.895788911042416,2.918564343789626,1.95565496022283,2.350695638503339,12.88033266096638,13.855178627720344,13.90659313857832,14.085296206117194,14.462359650205467,20.41071428571429,20.27642857142857,20.630714285714287,19.842142857142864,20.11428571428572
2025-07-06,1d,SHORT,291.1605,True,5.14,16.08,69.64769647696477,63.44741582374948,56.24246483590086,58.23566128025522,55.920232654756965,114798.087,75134.432,156226.386,173027.338,179381.171,5.125302745811894,3.839459918475825,3.546482929134527,3.895788911042416,2.918564343789626,12.016004263646629,11.975118548980555,12.88033266096638,13.855178627720344,13.90659313857832,19.298571428571424,19.583571428571428,20.41071428571429,20.27642857142857,20.630714285714287
2025-07-09,1d,SHORT,303.9042,True,9.12,11.21,67.65773418796819,61.19553419134749,60.36585365853659,69.64769647696477,63.44741582374948,207147.58,134841.356,140078.883,114798.087,75134.432,8.498511316834652,6.944975454062046,5.744862764427751,5.125302745811894,3.839459918475825,13.20068828912826,12.326121915136104,12.053969570122264,12.016004263646629,11.975118548980555,17.685,17.69142857142857,17.627142857142857,19.298571428571424,19.583571428571428
2025-07-10,1d,SHORT,310.2901,True,15.06,8.92,72.32661167124961,67.65773418796819,61.19553419134749,60.36585365853659,69.64769647696477,232006.347,207147.58,134841.356,140078.883,114798.087,10.183606237048709,8.498511316834652,6.944975454062046,5.744862764427751,5.125302745811894,14.446112857641248,13.20068828912826,12.326121915136104,12.053969570122264,12.016004263646629,18.19142857142857,17.685,17.69142857142857,17.627142857142857,19.298571428571424
2025-07-11,1d,SHORT,311.7511,True,16.6,8.41,64.3087540319556,72.32661167124961,67.65773418796819,61.19553419134749,60.36585365853659,235570.343,232006.347,207147.58,134841.356,140078.883,10.482371701751504,10.183606237048709,8.498511316834652,6.944975454062046,5.744862764427751,15.701900913968617,14.446112857641248,13.20068828912826,12.326121915136104,12.053969570122264,18.51428571428572,18.19142857142857,17.685,17.69142857142857,17.627142857142857
2025-07-13,1d,SHORT,314.981,True,22.22,7.3,61.11156518185534,65.37873826675398,64.3087540319556,72.32661167124961,67.65773418796819,132111.145,143181.973,235570.343,232006.347,207147.58,11.529717113511085,10.978300522225195,10.482371701751504,10.183606237048709,8.498511316834652,18.209249612464365,16.737212624707322,15.701900913968617,14.446112857641248,13.20068828912826,18.415000000000003,18.886428571428574,18.51428571428572,18.19142857142857,17.685
2025-07-14,1d,SHORT,320.2547,True,23.5,5.53,65.93759799310128,61.11156518185534,65.37873826675398,64.3087540319556,72.32661167124961,261896.293,132111.145,143181.973,235570.343,232006.347,12.575417096843296,11.529717113511085,10.978300522225195,10.482371701751504,10.183606237048709,20.1441580863602,18.209249612464365,16.737212624707322,15.701900913968617,14.446112857641248,19.157857142857143,18.415000000000003,18.886428571428574,18.51428571428572,18.19142857142857
2025-07-15,1d,SHORT,327.0161,True,25.08,3.35,76.95191004067311,65.93759799310128,61.11156518185534,65.37873826675398,64.3087540319556,243488.14,261896.293,132111.145,143181.973,235570.343,14.238966461598125,12.575417096843296,11.529717113511085,10.978300522225195,10.482371701751504,21.94085881212062,20.1441580863602,18.209249612464365,16.737212624707322,15.701900913968617,19.727857142857147,19.157857142857143,18.415000000000003,18.886428571428574,18.51428571428572
2025-07-16,1d,SHORT,330.6485,True,25.9,2.22,70.74482150727195,76.95191004067311,65.93759799310128,61.11156518185534,65.37873826675398,228870.542,243488.14,261896.293,132111.145,143181.973,15.03782745721412,14.238966461598125,12.575417096843296,11.529717113511085,10.978300522225195,23.74584944640263,21.94085881212062,20.1441580863602,18.209249612464365,16.737212624707322,18.859285714285715,19.727857142857147,19.157857142857143,18.415000000000003,18.886428571428574
2025-07-18,1d,SHORT,336.701,False,27.24,-0.42,78.9182240680313,68.9238751229985,70.74482150727195,76.95191004067311,65.93759799310128,419466.312,241112.907,228870.542,243488.14,261896.293,15.672955652899477,15.368697724922184,15.03782745721412,14.238966461598125,12.575417096843296,25.43195506217107,24.511546598547856,23.74584944640263,21.94085881212062,20.1441580863602,19.49785714285714,19.347857142857144,18.859285714285715,19.727857142857147,19.157857142857143
2025-07-22,1d,LONG_MID,304.324,True,2.83,19.49,59.73997110790087,72.0898570456093,70.50599201065249,73.09171897145174,78.9182240680313,261436.183,189540.216,217838.829,99200.516,419466.312,13.486460099081114,14.88346849271386,15.26592693705652,15.313124050569456,15.672955652899477,27.924795836089643,28.65915202102168,27.5168218195442,26.286620064106916,25.43195506217107,20.10357142857143,19.622142857142855,19.373571428571434,19.65642857142857,19.49785714285714
2025-07-23,1d,LONG_MID,304.875,True,6.35,19.64,44.43568260226712,59.73997110790087,72.0898570456093,70.50599201065249,73.09171897145174,246334.094,261436.183,189540.216,217838.829,99200.516,10.63163631376682,13.486460099081114,14.88346849271386,15.26592693705652,15.313124050569456,25.965388767768275,27.924795836089643,28.65915202102168,27.5168218195442,26.286620064106916,21.023571428571437,20.10357142857143,19.622142857142855,19.373571428571434,19.65642857142857
2025-07-28,1d,SHORT_MID,308.173,True,20.5,10.49,37.47128637059724,49.55544200306591,46.025150355385456,48.3087234265368,38.49660622024111,140535.822,99274.81,69026.646,186273.109,185389.048,3.3940907925116903,4.902836149039047,5.131193514657014,6.367225010196194,7.927581937081584,19.03321090448139,20.46277914879534,21.63147448321748,23.202332768645164,24.53269306451925,18.98642857142857,19.232857142857146,19.63357142857143,20.1,20.715000000000003
2025-07-30,1d,LONG,272.9058,True,24.76,10.23,26.196301007926408,27.119846013575128,37.47128637059724,49.55544200306591,46.025150355385456,151419.829,115665.648,140535.822,99274.81,69026.646,-0.3620801362832253,1.6460527975969512,3.3940907925116903,4.902836149039047,5.131193514657014,18.29229977751323,18.162966462572708,19.03321090448139,20.46277914879534,21.63147448321748,18.84,18.315,18.98642857142857,19.232857142857146,19.63357142857143
2025-07-31,1d,LONG,265.5776,True,28.21,7.75,23.43517464764072,26.196301007926408,27.119846013575128,37.47128637059724,49.55544200306591,134667.184,151419.829,115665.648,140535.822,99274.81,-3.015379954721766,-0.3620801362832253,1.6460527975969512,3.3940907925116903,4.902836149039047,18.60468841756093,18.29229977751323,18.162966462572708,19.03321090448139,20.46277914879534,18.88642857142857,18.84,18.315,18.98642857142857,19.232857142857146
2025-08-01,1d,LONG,257.5235,True,32.22,4.86,20.50384286934245,23.43517464764072,26.196301007926408,27.119846013575128,37.47128637059724,205487.148,134667.184,151419.829,115665.648,140535.822,-5.508929613558507,-3.015379954721766,-0.3620801362832253,1.6460527975969512,3.3940907925116903,19.445371456902173,18.60468841756093,18.29229977751323,18.162966462572708,19.03321090448139,17.975,18.88642857142857,18.84,18.315,18.98642857142857
2025-08-02,1d,LONG,249.0345,True,39.2,0.98,20.39065817409765,20.50384286934245,23.43517464764072,26.196301007926408,27.119846013575128,87719.319,205487.148,134667.184,151419.829,115665.648,-7.871238552948398,-5.508929613558507,-3.015379954721766,-0.3620801362832253,1.6460527975969512,20.418398650978663,19.445371456902173,18.60468841756093,18.29229977751323,18.162966462572708,17.913571428571426,17.975,18.88642857142857,18.84,18.315
2025-08-07,1d,SHORT_MID,284.5105,False,3.08,35.67,49.64034111976269,38.57859389611494,28.733415612465294,28.91182862465071,23.93086099164165,124492.762,78144.917,106421.002,105360.988,66369.983,-7.733255979372132,-9.61113841069988,-9.673000882529776,-8.78347987919227,-8.785967909416854,19.681365273690965,21.1801597168513,20.956520388946917,20.715678035819117,21.039172714262463,16.044285714285714,15.713571428571427,16.867142857142856,17.28642857142857,17.655714285714282
2025-08-08,1d,LONG_MID,283.098,False,36.35,2.59,48.77423248095346,49.64034111976269,38.57859389611494,28.733415612465294,28.91182862465071,161349.338,124492.762,78144.917,106421.002,105360.988,-5.707185630276399,-7.733255979372132,-9.61113841069988,-9.673000882529776,-8.78347987919227,18.802980648136813,19.681365273690965,21.1801597168513,20.956520388946917,20.715678035819117,16.083571428571428,16.044285714285714,15.713571428571427,16.867142857142856,17.28642857142857
2025-08-12,1d,SHORT,323.2061,True,14.68,19.43,62.49295686470919,51.54075908792891,50.44922989161437,54.32165198089727,48.77423248095346,198659.914,205193.204,126135.388,155347.309,161349.338,3.16295296056245,0.2731408238882977,-0.459428715268757,-2.711407600297946,-5.707185630276399,18.793156781393638,18.55607634483254,18.94150921562248,18.874810275721973,18.802980648136813,18.15714285714285,17.061428571428568,17.163571428571423,17.07285714285714,16.083571428571428
2025-08-13,1d,SHORT,331.2092,True,16.74,16.54,67.7849860982391,62.49295686470919,51.54075908792891,50.44922989161437,54.32165198089727,206556.064,198659.914,205193.204,126135.388,155347.309,6.179951609403361,3.16295296056245,0.2731408238882977,-0.459428715268757,-2.711407600297946,19.542938208339525,18.793156781393638,18.55607634483254,18.94150921562248,18.874810275721973,17.98142857142857,18.15714285714285,17.061428571428568,17.163571428571423,17.07285714285714
2025-08-14,1d,SHORT,333.6324,True,17.35,15.69,65.36971935887505,67.7849860982391,62.49295686470919,51.54075908792891,50.44922989161437,269906.899,206556.064,198659.914,205193.204,126135.388,6.912130589442199,6.179951609403361,3.16295296056245,0.2731408238882977,-0.459428715268757,19.491852987331782,19.542938208339525,18.793156781393638,18.55607634483254,18.94150921562248,19.162857142857145,17.98142857142857,18.15714285714285,17.061428571428568,17.163571428571423
2025-08-18,1d,LONG_MID,286.235,True,34.85,3.66,55.860433604336045,62.66885939151886,63.31736596063948,62.77033985581875,65.36971935887505,137118.474,99177.887,71925.761,158398.654,269906.899,4.170824395509442,5.479241848723973,5.5809784257546085,6.403471606971777,6.912130589442199,16.473703322949646,17.49986617442537,17.92274540744303,18.79051910990777,19.491852987331782,20.707857142857137,20.09357142857143,19.93,19.89785714285714,19.162857142857145
2025-08-19,1d,LONG_MID,286.377,True,34.78,3.34,56.2638612453796,55.860433604336045,62.66885939151886,63.31736596063948,62.77033985581875,116969.271,137118.474,99177.887,71925.761,158398.654,2.207923833640393,4.170824395509442,5.479241848723973,5.5809784257546085,6.403471606971777,15.578780369964504,16.473703322949646,17.49986617442537,17.92274540744303,18.79051910990777,20.608571428571427,20.707857142857137,20.09357142857143,19.93,19.89785714285714
2025-08-20,1d,SHORT_MID,288.295,True,-1.91,33.89,59.446348536778295,56.2638612453796,55.860433604336045,62.66885939151886,63.31736596063948,159605.205,116969.271,137118.474,99177.887,71925.761,2.3942789622769283,2.207923833640393,4.170824395509442,5.479241848723973,5.5809784257546085,14.605218915729225,15.578780369964504,16.473703322949646,17.49986617442537,17.92274540744303,21.28571428571428,20.608571428571427,20.707857142857137,20.09357142857143,19.93
2025-08-22,1d,SHORT,342.1435,False,13.82,12.82,63.11270983213431,54.447998104714536,59.446348536778295,56.2638612453796,55.860433604336045,286095.884,124865.71,159605.205,116969.271,137118.474,6.313823373703087,2.572827522179921,2.3942789622769283,2.207923833640393,4.170824395509442,15.327813696127768,14.031679622775991,14.605218915729225,15.578780369964504,16.473703322949646,23.00928571428571,20.38714285714285,21.28571428571428,20.608571428571427,20.707857142857137
2025-08-22,1d,LONG_MID,295.34,True,30.69,0.16,63.11270983213431,54.447998104714536,59.446348536778295,56.2638612453796,55.860433604336045,286095.884,124865.71,159605.205,116969.271,137118.474,6.313823373703087,2.572827522179921,2.3942789622769283,2.207923833640393,4.170824395509442,15.327813696127768,14.031679622775991,14.605218915729225,15.578780369964504,16.473703322949646,23.00928571428571,20.38714285714285,21.28571428571428,20.608571428571427,20.707857142857137
2025-08-23,1d,SHORT,351.6925,False,16.16,2.51,62.26757592111074,63.11270983213431,54.447998104714536,59.446348536778295,56.2638612453796,443289.636,286095.884,124865.71,159605.205,116969.271,10.143676837161877,6.313823373703087,2.572827522179921,2.3942789622769283,2.207923833640393,17.591164992075683,15.327813696127768,14.031679622775991,14.605218915729225,15.578780369964504,24.779285714285717,23.00928571428571,20.38714285714285,21.28571428571428,20.608571428571427
2025-08-24,1d,SHORT,357.6818,False,17.56,-1.96,60.04920514761546,62.26757592111074,63.11270983213431,54.447998104714536,59.446348536778295,177381.18,443289.636,286095.884,124865.71,159605.205,12.301953176485256,10.143676837161877,6.313823373703087,2.572827522179921,2.3942789622769283,19.69284833831303,17.591164992075683,15.327813696127768,14.031679622775991,14.605218915729225,25.035714285714285,24.779285714285717,23.00928571428571,20.38714285714285,21.28571428571428
2025-08-28,1d,LONG_MID,314.1465,True,5.63,7.85,51.21297739672642,47.40283163495356,53.109849009558125,55.55215126712479,60.04920514761546,161583.38,161177.428,212758.42,200797.868,177381.18,10.0584064060713,11.12992451918069,12.023099645088564,11.450779901864223,12.301953176485256,19.683847052200623,19.972404924762163,19.886033694213893,19.79301852285422,19.69284833831303,24.25214285714285,25.73,25.86428571428571,26.355,25.035714285714285
2025-08-29,1d,LONG_MID,314.718,True,5.44,8.02,54.939796233405374,51.21297739672642,47.40283163495356,53.109849009558125,55.55215126712479,233659.936,161583.38,161177.428,212758.42,200797.868,9.235098409691377,10.0584064060713,11.12992451918069,12.023099645088564,11.450779901864223,18.94560176734917,19.683847052200623,19.972404924762163,19.886033694213893,19.79301852285422,23.79785714285714,24.25214285714285,25.73,25.86428571428571,26.355
2025-08-30,1d,LONG_MID,315.378,True,5.22,8.21,56.25624572660811,54.939796233405374,51.21297739672642,47.40283163495356,53.109849009558125,96835.421,233659.936,161583.38,161177.428,212758.42,8.499969940622293,9.235098409691377,10.0584064060713,11.12992451918069,12.023099645088564,18.26008828855854,18.94560176734917,19.683847052200623,19.972404924762163,19.886033694213893,23.51785714285714,23.79785714285714,24.25214285714285,25.73,25.86428571428571
2025-08-31,1d,LONG_MID,316.503,True,4.84,8.54,53.35338022874941,56.25624572660811,54.939796233405374,51.21297739672642,47.40283163495356,87367.956,96835.421,233659.936,161583.38,161177.428,7.531992137897248,8.499969940622293,9.235098409691377,10.0584064060713,11.12992451918069,17.8728458770068,18.26008828855854,18.94560176734917,19.683847052200623,19.972404924762163,23.03714285714285,23.51785714285714,23.79785714285714,24.25214285714285,25.73
2025-09-01,1d,SHORT_MID,315.6335,True,8.29,5.13,54.46472619634929,53.35338022874941,56.25624572660811,54.939796233405374,51.21297739672642,123593.016,87367.956,96835.421,233659.936,161583.38,5.824636399148062,7.531992137897248,8.499969940622293,9.235098409691377,10.0584064060713,16.621595165873206,17.8728458770068,18.26008828855854,18.94560176734917,19.683847052200623,23.052857142857132,23.03714285714285,23.51785714285714,23.79785714285714,24.25214285714285
2025-09-02,1d,SHORT_MID,314.813,True,21.01,5.41,60.51938069616779,54.46472619634929,53.35338022874941,56.25624572660811,54.939796233405374,141958.637,123593.016,87367.956,96835.421,233659.936,5.287709408399792,5.824636399148062,7.531992137897248,8.499969940622293,9.235098409691377,15.45971950553487,16.621595165873206,17.8728458770068,18.26008828855854,18.94560176734917,22.872142857142848,23.052857142857132,23.03714285714285,23.51785714285714,23.79785714285714
2025-09-03,1d,LONG_MID,315.5775,True,5.15,21.2,58.27434141812695,60.51938069616779,54.46472619634929,53.35338022874941,56.25624572660811,107198.694,141958.637,123593.016,87367.956,96835.421,5.774416644612415,5.287709408399792,5.824636399148062,7.531992137897248,8.499969940622293,14.940701518296889,15.45971950553487,16.621595165873206,17.8728458770068,18.26008828855854,22.394285714285704,22.872142857142848,23.052857142857132,23.03714285714285,23.51785714285714
2025-09-04,1d,LONG_MID,315.9045,True,1.88,21.28,51.66908563134979,58.27434141812695,60.51938069616779,54.46472619634929,53.35338022874941,155854.11000000002,107198.694,141958.637,123593.016,87367.956,4.388396198401722,5.774416644612415,5.287709408399792,5.824636399148062,7.531992137897248,14.21021983900212,14.940701518296889,15.45971950553487,16.621595165873206,17.8728458770068,23.42357142857142,22.394285714285704,22.872142857142848,23.052857142857132,23.03714285714285
2025-09-12,1d,SHORT_MID,314.24,True,20.86,2.37,51.18063166284746,45.543454100911326,37.7599808749701,30.473035917606865,42.81646151019659,106230.307,96856.917,107837.566,127892.491,103477.993,0.0727257714058851,-1.1881762629368495,-1.555390477491585,-1.045392758941432,-0.1603354125892906,9.482078926238618,9.09409949379748,9.504770921982471,10.23111907387819,11.013340160535115,13.27285714285713,13.548571428571416,13.896428571428556,14.330714285714274,15.029999999999983
2025-09-13,1d,LONG_MID,312.5575,True,0.94,20.44,47.95277803803992,51.18063166284746,45.543454100911326,37.7599808749701,30.473035917606865,82754.594,106230.307,96856.917,107837.566,127892.491,0.5372760744218681,0.0727257714058851,-1.1881762629368495,-1.555390477491585,-1.045392758941432,9.842345542076814,9.482078926238618,9.09409949379748,9.504770921982471,10.23111907387819,13.458571428571418,13.27285714285713,13.548571428571416,13.896428571428556,14.330714285714274
2025-09-14,1d,LONG_MID,311.9385,True,0.34,20.28,45.74953070528292,47.95277803803992,51.18063166284746,45.543454100911326,37.7599808749701,73208.848,82754.594,106230.307,96856.917,107837.566,0.1899319975890989,0.5372760744218681,0.0727257714058851,-1.1881762629368495,-1.555390477491585,9.544834066637687,9.842345542076814,9.482078926238618,9.09409949379748,9.504770921982471,13.698571428571418,13.458571428571418,13.27285714285713,13.548571428571416,13.896428571428556
2025-09-15,1d,SHORT_MID,310.119,True,19.81,0.93,47.437204560200186,45.74953070528292,47.95277803803992,51.18063166284746,45.543454100911326,77785.678,73208.848,82754.594,106230.307,96856.917,-0.630009167993137,0.1899319975890989,0.5372760744218681,0.0727257714058851,-1.1881762629368495,9.002479639225694,9.544834066637687,9.842345542076814,9.482078926238618,9.09409949379748,13.30714285714285,13.698571428571418,13.458571428571418,13.27285714285713,13.548571428571416
2025-09-16,1d,LONG,290.6574,True,7.69,14.44,41.35207221994254,47.437204560200186,45.74953070528292,47.95277803803992,51.18063166284746,116292.108,77785.678,73208.848,82754.594,106230.307,-1.3019287801387804,-0.630009167993137,0.1899319975890989,0.5372760744218681,0.0727257714058851,8.925225315214457,9.002479639225694,9.544834066637687,9.842345542076814,9.482078926238618,13.157857142857138,13.30714285714285,13.698571428571418,13.458571428571418,13.27285714285713
2025-09-17,1d,SHORT_MID,308.453,True,19.38,1.48,38.16785637032231,41.35207221994254,47.437204560200186,45.74953070528292,47.95277803803992,120089.268,116292.108,77785.678,73208.848,82754.594,-1.2463452423026524,-1.3019287801387804,-0.630009167993137,0.1899319975890989,0.5372760744218681,8.306642636136534,8.925225315214457,9.002479639225694,9.544834066637687,9.842345542076814,13.287142857142852,13.157857142857138,13.30714285714285,13.698571428571418,13.458571428571418
2025-09-18,1d,SHORT_MID,307.956,True,19.25,1.33,51.82795698924729,38.16785637032231,41.35207221994254,47.437204560200186,45.74953070528292,95459.047,120089.268,116292.108,77785.678,73208.848,-0.9277388210087452,-1.2463452423026524,-1.3019287801387804,-0.630009167993137,0.1899319975890989,8.038506906172024,8.306642636136534,8.925225315214457,9.002479639225694,9.544834066637687,12.18571428571428,13.287142857142852,13.157857142857138,13.30714285714285,13.698571428571418
2025-09-19,1d,LONG_MID,306.9175,True,-1.54,18.97,47.72277227722772,51.82795698924729,38.16785637032231,41.35207221994254,47.437204560200186,102846.705,95459.047,120089.268,116292.108,77785.678,-1.5163208120632703,-0.9277388210087452,-1.2463452423026524,-1.3019287801387804,-0.630009167993137,7.624185851651735,8.038506906172024,8.306642636136534,8.925225315214457,9.002479639225694,12.18785714285714,12.18571428571428,13.287142857142852,13.157857142857138,13.30714285714285
2025-09-22,1d,LONG,280.1538,True,7.87,71.62,33.78109452736318,45.17656090071647,49.07101043522526,47.72277227722772,51.82795698924729,265238.413,36261.032,44883.633,102846.705,95459.047,-5.137928786722739,-2.7615622384261087,-2.1013771205867897,-1.5163208120632703,-0.9277388210087452,9.714525710910344,7.334477459666555,7.390988584716485,7.624185851651735,8.038506906172024,14.786428571428567,12.124999999999996,12.110714285714282,12.18785714285714,12.18571428571428
2025-09-23,1d,LONG,277.1877,True,9.02,71.32,38.25268009217514,33.78109452736318,45.17656090071647,49.07101043522526,47.72277227722772,111249.573,265238.413,36261.032,44883.633,102846.705,-6.603766637533795,-5.137928786722739,-2.7615622384261087,-2.1013771205867897,-1.5163208120632703,11.924570515636718,9.714525710910344,7.334477459666555,7.390988584716485,7.624185851651735,14.949285714285711,14.786428571428567,12.124999999999996,12.110714285714282,12.18785714285714
2025-09-24,1d,LONG,273.9436,True,10.31,70.98,39.166913434014425,38.25268009217514,33.78109452736318,45.17656090071647,49.07101043522526,86870.674,111249.573,265238.413,36261.032,44883.633,-7.385790405120417,-6.603766637533795,-5.137928786722739,-2.7615622384261087,-2.1013771205867897,13.892743966205874,11.924570515636718,9.714525710910344,7.334477459666555,7.390988584716485,15.095,14.949285714285711,14.786428571428567,12.124999999999996,12.110714285714282
2025-09-25,1d,LONG,266.4917,True,13.4,70.16,27.55640465793301,39.166913434014425,38.25268009217514,33.78109452736318,45.17656090071647,217501.49,86870.674,111249.573,265238.413,36261.032,-9.350215973399145,-7.385790405120417,-6.603766637533795,-5.137928786722739,-2.7615622384261087,16.21960861073515,13.892743966205874,11.924570515636718,9.714525710910344,7.334477459666555,15.98785714285714,15.095,14.949285714285711,14.786428571428567,12.124999999999996
2025-09-26,1d,LONG,262.957,True,14.92,69.76,26.581228102526268,27.55640465793301,39.166913434014425,38.25268009217514,33.78109452736318,130078.739,217501.49,86870.674,111249.573,265238.413,-9.939549783607331,-9.350215973399145,-7.385790405120417,-6.603766637533795,-5.137928786722739,18.38026863779805,16.21960861073515,13.892743966205874,11.924570515636718,9.714525710910344,16.170714285714286,15.98785714285714,15.095,14.949285714285711,14.786428571428567
2025-10-02,1d,SHORT_MID,287.3455,True,72.33,5.17,40.57971014492755,41.1537399944797,38.16107512327177,38.994269907132974,35.353440150801134,117808.713,107569.648,83792.499,90679.798,62028.154,-6.9843092478445215,-8.286327498581215,-9.601611484087698,-9.881241422183678,-10.366278304303648,23.609222992150038,24.15308860104201,24.07730523458042,22.964381355094364,21.90279585227302,16.19714285714286,15.825714285714286,15.804285714285712,15.756428571428572,15.987857142857148
2025-10-03,1d,LONG_MID,286.1205,True,5.53,72.21,45.88999391110208,40.57971014492755,41.1537399944797,38.16107512327177,38.994269907132974,133934.406,117808.713,107569.648,83792.499,90679.798,-5.761767208118044,-6.9843092478445215,-8.286327498581215,-9.601611484087698,-9.881241422183678,22.41018914525748,23.609222992150038,24.15308860104201,24.07730523458042,22.964381355094364,16.404285714285717,16.19714285714286,15.825714285714286,15.804285714285712,15.756428571428572
2025-10-04,1d,LONG_MID,284.9705,True,5.96,72.1,43.43482854672941,45.88999391110208,40.57971014492755,41.1537399944797,38.16107512327177,56843.409,133934.406,117808.713,107569.648,83792.499,-5.323801026473461,-5.761767208118044,-6.9843092478445215,-8.286327498581215,-9.601611484087698,21.589076344195227,22.41018914525748,23.609222992150038,24.15308860104201,24.07730523458042,16.823571428571427,16.404285714285717,16.19714285714286,15.825714285714286,15.804285714285712
2025-10-05,1d,SHORT_MID,284.287,True,72.03,6.21,45.97667919437218,43.43482854672941,45.88999391110208,40.57971014492755,41.1537399944797,93848.058,56843.409,133934.406,117808.713,107569.648,-4.721362553373297,-5.323801026473461,-5.761767208118044,-6.9843092478445215,-8.286327498581215,20.456860309992013,21.589076344195227,22.41018914525748,23.609222992150038,24.15308860104201,17.446428571428573,16.823571428571427,16.404285714285717,16.19714285714286,15.825714285714286
2025-10-06,1d,LONG_MID,284.2005,True,4.95,72.02,64.65319497542328,45.97667919437218,43.43482854672941,45.88999391110208,40.57971014492755,100641.006,93848.058,56843.409,133934.406,117808.713,-3.2797784214187686,-4.721362553373297,-5.323801026473461,-5.761767208118044,-6.9843092478445215,19.085690288566163,20.456860309992013,21.589076344195227,22.41018914525748,23.609222992150038,15.46,17.446428571428573,16.823571428571427,16.404285714285717,16.19714285714286
2025-10-07,1d,LONG_MID,282.7075,True,1.61,71.88,50.72918589625253,64.65319497542328,45.97667919437218,43.43482854672941,45.88999391110208,131234.345,100641.006,93848.058,56843.409,133934.406,-3.789764888731725,-3.2797784214187686,-4.721362553373297,-5.323801026473461,-5.761767208118044,18.23438140119152,19.085690288566163,20.456860309992013,21.589076344195227,22.41018914525748,15.845714285714283,15.46,17.446428571428573,16.823571428571427,16.404285714285717
2025-10-08,1d,SHORT_MID,281.5175,True,71.76,1.85,53.18365199087879,50.72918589625253,64.65319497542328,45.97667919437218,43.43482854672941,59562.618,131234.345,100641.006,93848.058,56843.409,-3.4018652276380976,-3.789764888731725,-3.2797784214187686,-4.721362553373297,-5.323801026473461,17.51223999375462,18.23438140119152,19.085690288566163,20.456860309992013,21.589076344195227,15.83071428571428,15.845714285714283,15.46,17.446428571428573,16.823571428571427
2025-10-09,1d,LONG_MID,280.2715,True,-0.1,71.63,56.262757468918174,53.18365199087879,50.72918589625253,64.65319497542328,45.97667919437218,80379.242,59562.618,131234.345,100641.006,93848.058,-3.997307199970521,-3.4018652276380976,-3.789764888731725,-3.2797784214187686,-4.721362553373297,17.317832723248188,17.51223999375462,18.23438140119152,19.085690288566163,20.456860309992013,15.434285714285709,15.83071428571428,15.845714285714283,15.46,17.446428571428573
2025-10-10,1d,LONG,245.6391,True,7.33,18.51,34.18680868496516,56.262757468918174,53.18365199087879,50.72918589625253,64.65319497542328,430454.429,80379.242,59562.618,131234.345,100641.006,-8.347043136128775,-3.997307199970521,-3.4018652276380976,-3.789764888731725,-3.2797784214187686,21.45303520333831,17.317832723248188,17.51223999375462,18.23438140119152,19.085690288566163,28.585,15.434285714285709,15.83071428571428,15.845714285714283,15.46
2025-10-10,1d,SHORT_MID,276.6515,True,27.65,-4.7,34.18680868496516,56.262757468918174,53.18365199087879,50.72918589625253,64.65319497542328,430454.429,80379.242,59562.618,131234.345,100641.006,-8.347043136128775,-3.997307199970521,-3.4018652276380976,-3.789764888731725,-3.2797784214187686,21.45303520333831,17.317832723248188,17.51223999375462,18.23438140119152,19.085690288566163,28.585,15.434285714285709,15.83071428571428,15.845714285714283,15.46
2025-10-11,1d,LONG,238.4984,True,10.55,16.07,39.4632991318074,34.18680868496516,56.262757468918174,53.18365199087879,50.72918589625253,553601.311,430454.429,80379.242,59562.618,131234.345,-10.867696155784015,-8.347043136128775,-3.997307199970521,-3.4018652276380976,-3.789764888731725,25.29286607770771,21.45303520333831,17.317832723248188,17.51223999375462,18.23438140119152,30.102857142857136,28.585,15.434285714285709,15.83071428571428,15.845714285714283
2025-10-12,1d,LONG,236.1107,True,11.66,15.22,42.46421203975744,39.4632991318074,34.18680868496516,56.262757468918174,53.18365199087879,241316.167,553601.311,430454.429,80379.242,59562.618,-11.393704120975087,-10.867696155784015,-8.347043136128775,-3.997307199970521,-3.4018652276380976,28.2754762494776,25.29286607770771,21.45303520333831,17.317832723248188,17.51223999375462,31.174999999999997,30.102857142857136,28.585,15.434285714285709,15.83071428571428
2025-10-16,1d,LONG,222.9762,True,11.67,20.75,32.572548188943,37.06309973829602,44.44314664486364,45.25990246223385,42.46421203975744,143715.972,114500.436,180282.062,143913.122,241316.167,-13.7195462951002,-11.652987524663956,-10.791554511857498,-10.867884673521132,-11.393704120975087,37.321143954742105,35.144986604815955,32.99606395226414,30.70233793095594,28.2754762494776,33.71285714285714,33.12785714285714,32.57071428571428,31.67857142857142,31.174999999999997
2025-10-17,1d,LONG,212.2859,False,17.29,16.76,29.412918730688105,32.572548188943,37.06309973829602,44.44314664486364,45.25990246223385,361871.542,143715.972,114500.436,180282.062,143913.122,-16.50571574435824,-13.7195462951002,-11.652987524663956,-10.791554511857498,-10.867884673521132,39.59907116481053,37.321143954742105,35.144986604815955,32.99606395226414,30.70233793095594,34.35571428571428,33.71285714285714,33.12785714285714,32.57071428571428,31.67857142857142
2025-10-26,1d,SHORT_MID,237.778,True,27.3,4.72,46.036419992251055,46.91263912181735,51.62152401589021,36.5833697075513,31.559809635848357,78385.192,34790.503,89339.136,75047.651,216313.041,-13.12761395654158,-15.125549312326145,-15.981306085530091,-17.111943914811746,-17.856111559970344,44.76399475360135,45.64340990178472,45.63534132092781,45.62665208000497,45.11998121940975,17.852857142857143,18.722857142857144,20.417857142857144,33.88785714285715,34.298571428571435
2025-10-27,1d,LONG_MID,235.73,True,1.46,28.84,39.57915026905468,46.036419992251055,46.91263912181735,51.62152401589021,36.5833697075513,68688.204,78385.192,34790.503,89339.136,75047.651,-11.858603476009025,-13.12761395654158,-15.125549312326145,-15.981306085530091,-17.111943914811746,43.52662194107695,44.76399475360135,45.64340990178472,45.63534132092781,45.62665208000497,17.639999999999997,17.852857142857143,18.722857142857144,20.417857142857144,33.88785714285715
2025-10-28,1d,SHORT_MID,232.875,True,29.19,1.8,39.24816820643516,39.57915026905468,46.036419992251055,46.91263912181735,51.62152401589021,94769.681,68688.204,78385.192,34790.503,89339.136,-11.272471578429275,-11.858603476009025,-13.12761395654158,-15.125549312326145,-15.981306085530091,42.69038213476599,43.52662194107695,44.76399475360135,45.64340990178472,45.63534132092781,16.867857142857144,17.639999999999997,17.852857142857143,18.722857142857144,20.417857142857144
2025-10-29,1d,SHORT_MID,230.5715,True,28.48,2.82,43.53356890459363,39.24816820643516,39.57915026905468,46.036419992251055,46.91263912181735,110867.033,94769.681,68688.204,78385.192,34790.503,-10.743023834417473,-11.272471578429275,-11.858603476009025,-13.12761395654158,-15.125549312326145,42.00215379603649,42.69038213476599,43.52662194107695,44.76399475360135,45.64340990178472,15.965714285714286,16.867857142857144,17.639999999999997,17.852857142857143,18.722857142857144
2025-10-30,1d,SHORT_MID,230.106,True,28.86,3.03,46.23756802401951,43.53356890459363,39.24816820643516,39.57915026905468,46.036419992251055,141091.637,110867.033,94769.681,68688.204,78385.192,-11.20214000267697,-10.743023834417473,-11.272471578429275,-11.858603476009025,-13.12761395654158,41.850638052106255,42.00215379603649,42.69038213476599,43.52662194107695,44.76399475360135,15.968571428571428,15.965714285714286,16.867857142857144,17.639999999999997,17.852857142857143
2025-10-31,1d,SHORT_MID,229.8095,True,30.62,3.16,60.59051306873185,46.23756802401951,43.53356890459363,39.24816820643516,39.57915026905468,147461.361,141091.637,110867.033,94769.681,68688.204,-10.372420305413868,-11.20214000267697,-10.743023834417473,-11.272471578429275,-11.858603476009025,41.3843839304994,41.850638052106255,42.00215379603649,42.69038213476599,43.52662194107695,15.689285714285711,15.968571428571428,15.965714285714286,16.867857142857144,17.639999999999997
2025-11-01,1d,SHORT_MID,228.408,True,35.58,3.79,54.02527614688029,60.59051306873185,46.23756802401951,43.53356890459363,39.24816820643516,63123.789,147461.361,141091.637,110867.033,94769.681,-10.042099513479371,-10.372420305413868,-11.20214000267697,-10.743023834417473,-11.272471578429275,40.95143367472161,41.3843839304994,41.850638052106255,42.00215379603649,42.69038213476599,15.436428571428566,15.689285714285711,15.968571428571428,15.965714285714286,16.867857142857144
2025-11-02,1d,SHORT_MID,226.9205,True,35.16,2.68,54.40639494720222,54.02527614688029,60.59051306873185,46.23756802401951,43.53356890459363,114316.248,63123.789,147461.361,141091.637,110867.033,-8.997978100841465,-10.042099513479371,-10.372420305413868,-11.20214000267697,-10.743023834417473,40.081487875041375,40.95143367472161,41.3843839304994,41.850638052106255,42.00215379603649,15.71214285714285,15.436428571428566,15.689285714285711,15.968571428571428,15.965714285714286
2025-11-03,1d,LONG,203.3795,True,14.2,27.66,38.43722841115588,54.40639494720222,54.02527614688029,60.59051306873185,46.23756802401951,228140.427,114316.248,63123.789,147461.361,141091.637,-10.60776356842328,-8.997978100841465,-10.042099513479371,-10.372420305413868,-11.20214000267697,40.10449587430322,40.081487875041375,40.95143367472161,41.3843839304994,41.850638052106255,17.125714285714277,15.71214285714285,15.436428571428566,15.689285714285711,15.968571428571428
2025-11-03,1d,LONG_MID,224.135,True,3.62,34.36,38.43722841115588,54.40639494720222,54.02527614688029,60.59051306873185,46.23756802401951,228140.427,114316.248,63123.789,147461.361,141091.637,-10.60776356842328,-8.997978100841465,-10.042099513479371,-10.372420305413868,-11.20214000267697,40.10449587430322,40.081487875041375,40.95143367472161,41.3843839304994,41.850638052106255,17.125714285714277,15.71214285714285,15.436428571428566,15.689285714285711,15.968571428571428
2025-11-04,1d,LONG,196.8494,True,17.98,25.26,38.02266510355607,38.43722841115588,54.40639494720222,54.02527614688029,60.59051306873185,341245.207,228140.427,114316.248,63123.789,147461.361,-12.66947282572042,-10.60776356842328,-8.997978100841465,-10.042099513479371,-10.372420305413868,40.64164234917616,40.10449587430322,40.081487875041375,40.95143367472161,41.3843839304994,17.88357142857142,17.125714285714277,15.71214285714285,15.436428571428566,15.689285714285711
2025-11-05,1d,LONG,194.3313,True,19.51,24.29,44.81770646801805,38.02266510355607,38.43722841115588,54.40639494720222,54.02527614688029,248859.582,341245.207,228140.427,114316.248,63123.789,-13.029963294249852,-12.66947282572042,-10.60776356842328,-8.997978100841465,-10.042099513479371,41.11041591356988,40.64164234917616,40.10449587430322,40.081487875041375,40.95143367472161,18.48285714285713,17.88357142857142,17.125714285714277,15.71214285714285,15.436428571428566
2025-11-07,1d,LONG,191.7682,True,21.11,23.28,42.69899103139013,40.00880281690141,44.81770646801805,38.02266510355607,38.43722841115588,248263.657,175948.13,248859.582,341245.207,228140.427,-12.925760873009324,-13.542028894445307,-13.029963294249852,-12.66947282572042,-10.60776356842328,41.48079358797092,41.545705651935485,41.11041591356988,40.64164234917616,40.10449587430322,19.329285714285707,18.538571428571423,18.48285714285713,17.88357142857142,17.125714285714277
2025-11-10,1d,SHORT_MID,218.237,True,32.58,6.42,47.76040286244368,39.873237430565446,41.92061635825824,42.69899103139013,40.00880281690141,222389.945,142294.295,522758.606,248263.657,175948.13,-9.399930647416369,-11.652219372661309,-12.719217427462524,-12.925760873009324,-13.542028894445307,39.77191635963301,41.16105382846175,41.42051810000381,41.48079358797092,41.545705651935485,20.182142857142853,19.96214285714285,20.000714285714285,19.329285714285707,18.538571428571423
2025-11-11,1d,LONG_MID,217.7995,True,0.81,32.45,43.74317271513533,47.76040286244368,39.873237430565446,41.92061635825824,42.69899103139013,156987.004,222389.945,142294.295,522758.606,248263.657,-9.177084145900608,-9.399930647416369,-11.652219372661309,-12.719217427462524,-12.925760873009324,38.45201902383647,39.77191635963301,41.16105382846175,41.42051810000381,41.48079358797092,20.93,20.182142857142853,19.96214285714285,20.000714285714285,19.329285714285707
2025-11-12,1d,SHORT_MID,216.8315,True,32.15,0.14,43.25751665366381,43.74317271513533,47.76040286244368,39.873237430565446,41.92061635825824,157687.854,156987.004,222389.945,142294.295,522758.606,-9.103719118833853,-9.177084145900608,-9.399930647416369,-11.652219372661309,-12.719217427462524,37.42679296073031,38.45201902383647,39.77191635963301,41.16105382846175,41.42051810000381,21.162142857142857,20.93,20.182142857142853,19.96214285714285,20.000714285714285
2025-11-13,1d,SHORT_MID,215.3225,True,31.67,-6.83,44.89846767160833,43.25751665366381,43.74317271513533,47.76040286244368,39.873237430565446,171316.444,157687.854,156987.004,222389.945,142294.295,-9.453034620489971,-9.103719118833853,-9.177084145900608,-9.399930647416369,-11.652219372661309,37.02499383588258,37.42679296073031,38.45201902383647,39.77191635963301,41.16105382846175,21.349999999999994,21.162142857142857,20.93,20.182142857142853,19.96214285714285
2025-11-14,1d,LONG,177.9403,False,12.74,17.31,34.15668952690923,44.89846767160833,43.25751665366381,43.74317271513533,47.76040286244368,501942.847,171316.444,157687.854,156987.004,222389.945,-11.599728707308998,-9.453034620489971,-9.103719118833853,-9.177084145900608,-9.399930647416369,37.31994264367358,37.02499383588258,37.42679296073031,38.45201902383647,39.77191635963301,21.610714285714284,21.349999999999994,21.162142857142857,20.93,20.182142857142853
2025-11-15,1d,LONG,174.2571,False,15.12,15.57,37.00695377782972,34.15668952690923,44.89846767160833,43.25751665366381,43.74317271513533,98326.775,501942.847,171316.444,157687.854,156987.004,-12.78566021456254,-11.599728707308998,-9.453034620489971,-9.103719118833853,-9.177084145900608,37.5938236794795,37.31994264367358,37.02499383588258,37.42679296073031,38.45201902383647,21.67428571428572,21.610714285714284,21.349999999999994,21.162142857142857,20.93
2025-11-16,1d,LONG,169.6896,True,18.22,13.29,32.63026558136772,37.00695377782972,34.15668952690923,44.89846767160833,43.25751665366381,153771.308,98326.775,501942.847,171316.444,157687.854,-14.01502922777189,-12.78566021456254,-11.599728707308998,-9.453034620489971,-9.103719118833853,38.06641427116897,37.5938236794795,37.31994264367358,37.02499383588258,37.42679296073031,21.38642857142857,21.67428571428572,21.610714285714284,21.349999999999994,21.162142857142857
2025-11-21,1d,LONG,151.2029,True,37.01,-2.64,30.504925153183905,37.72094772470853,39.23793130427978,46.45783481981003,39.14190007839784,283024.365,186586.668,142049.054,158389.871,191194.382,-16.777068219712106,-15.87121683366604,-15.176530637895723,-15.075072538743145,-15.115246782533944,41.16968352904844,40.175286463984754,39.59022285801376,39.07655053720721,38.59018863133695,18.477857142857147,18.624285714285715,18.125000000000004,18.871428571428574,19.937142857142856
2025-11-26,1d,SHORT_MID,185.252,True,12.4,11.83,40.59367396593675,35.39805036555644,28.96511039946064,31.87035240866473,33.62469485786282,101090.992,99571.677,153214.639,108533.159,118984.507,-11.954307664427574,-13.717379124890158,-15.070719365336773,-16.528972263283663,-17.02675727465177,38.35818692274713,40.01383166427869,41.017616743469205,41.95740848267339,42.09305223232187,15.865000000000004,16.04928571428572,17.327857142857145,17.629285714285718,18.09571428571429
2025-11-27,1d,LONG_MID,184.1445,True,12.5,11.87,43.36063024774541,40.59367396593675,35.39805036555644,28.96511039946064,31.87035240866473,99837.491,101090.992,99571.677,153214.639,108533.159,-10.427179794669968,-11.954307664427574,-13.717379124890158,-15.070719365336773,-16.528972263283663,36.8208025198964,38.35818692274713,40.01383166427869,41.017616743469205,41.95740848267339,14.40714285714286,15.865000000000004,16.04928571428572,17.327857142857145,17.629285714285718
2025-11-28,1d,LONG_MID,183.271,True,13.03,11.45,57.88017157880172,43.36063024774541,40.59367396593675,35.39805036555644,28.96511039946064,76847.619,99837.491,101090.992,99571.677,153214.639,-9.162140240932018,-10.427179794669968,-11.954307664427574,-13.717379124890158,-15.070719365336773,35.24461543278267,36.8208025198964,38.35818692274713,40.01383166427869,41.017616743469205,12.985714285714293,14.40714285714286,15.865000000000004,16.04928571428572,17.327857142857145
2025-11-29,1d,LONG_MID,181.7585,True,13.98,10.71,52.52254791431792,57.88017157880172,43.36063024774541,40.59367396593675,35.39805036555644,39197.99,76847.619,99837.491,101090.992,99571.677,-8.325859790101077,-9.162140240932018,-10.427179794669968,-11.954307664427574,-13.717379124890158,33.89403991710285,35.24461543278267,36.8208025198964,38.35818692274713,40.01383166427869,12.764285714285718,12.985714285714293,14.40714285714286,15.865000000000004,16.04928571428572
2025-11-30,1d,LONG_MID,179.211,False,15.6,9.44,53.258073735352966,52.52254791431792,57.88017157880172,43.36063024774541,40.59367396593675,109211.325,39197.99,76847.619,99837.491,101090.992,-7.943522003380565,-8.325859790101077,-9.162140240932018,-10.427179794669968,-11.954307664427574,32.54928300463041,33.89403991710285,35.24461543278267,36.8208025198964,38.35818692274713,12.749285714285715,12.764285714285718,12.985714285714293,14.40714285714286,15.865000000000004
2025-12-01,1d,SHORT_MID,177.394,False,11.95,16.78,51.53484513274337,53.258073735352966,52.52254791431792,57.88017157880172,43.36063024774541,176219.557,109211.325,39197.99,76847.619,99837.491,-8.03686394252108,-7.943522003380565,-8.325859790101077,-9.162140240932018,-10.427179794669968,32.262165566408235,32.54928300463041,33.89403991710285,35.24461543278267,36.8208025198964,12.611428571428576,12.749285714285715,12.764285714285718,12.985714285714293,14.40714285714286
2025-12-02,1d,SHORT_MID,176.629,False,16.12,17.29,57.062354526522114,51.53484513274337,53.258073735352966,52.52254791431792,57.88017157880172,149502.8,176219.557,109211.325,39197.99,76847.619,-6.545814305750611,-8.03686394252108,-7.943522003380565,-8.325859790101077,-9.162140240932018,30.75847964769081,32.262165566408235,32.54928300463041,33.89403991710285,35.24461543278267,13.265000000000002,12.611428571428576,12.749285714285715,12.764285714285718,12.985714285714293
2025-12-03,1d,SHORT,196.3032,True,24.76,5.53,63.6098811465859,57.062354526522114,51.53484513274337,53.258073735352966,52.52254791431792,135802.139,149502.8,176219.557,109211.325,39197.99,-4.664042489981711,-6.545814305750611,-8.03686394252108,-7.943522003380565,-8.325859790101077,28.573006681915224,30.75847964769081,32.262165566408235,32.54928300463041,33.89403991710285,12.965000000000003,13.265000000000002,12.611428571428576,12.749285714285715,12.764285714285718
2025-12-04,1d,SHORT,198.0412,True,26.08,4.6,65.55782394619912,63.6098811465859,57.062354526522114,51.53484513274337,53.258073735352966,71015.053,135802.139,149502.8,176219.557,109211.325,-3.7212977056615273,-4.664042489981711,-6.545814305750611,-8.03686394252108,-7.943522003380565,26.702347888316805,28.573006681915224,30.75847964769081,32.262165566408235,32.54928300463041,12.389285714285716,12.965000000000003,13.265000000000002,12.611428571428576,12.749285714285715
2025-12-09,1d,SHORT,205.0958,True,28.62,1.01,64.4103194103194,59.17993518388052,62.86373541853608,65.5938242280285,65.33030157970319,146288.543,101193.536,97989.168,37091.969,75689.015,-0.3787881739702072,-1.8210424882562397,-2.523541013206767,-2.977223988496945,-3.505856091670978,20.473198378127265,21.32122821583862,22.807383117983463,24.22311173155947,25.416818029257445,12.72642857142857,11.884285714285712,11.917142857142858,11.832857142857142,11.763571428571428
2025-12-10,1d,SHORT,206.3173,True,29.04,0.24,56.967879015123096,64.4103194103194,59.17993518388052,62.86373541853608,65.5938242280285,141954.143,146288.543,101193.536,97989.168,37091.969,0.3199442736780895,-0.3787881739702072,-1.8210424882562397,-2.523541013206767,-2.977223988496945,19.75227025070335,20.473198378127265,21.32122821583862,22.807383117983463,24.22311173155947,12.500714285714286,12.72642857142857,11.884285714285712,11.917142857142858,11.832857142857142
2025-12-12,1d,SHORT,205.3515,True,28.71,-1.31,53.14065108514191,59.66494845360825,56.967879015123096,64.4103194103194,59.17993518388052,145380.142,97755.376,141954.143,146288.543,101193.536,1.1669292986136668,1.3000914133036474,0.3199442736780895,-0.3787881739702072,-1.8210424882562397,17.344843668372498,18.493392363185933,19.75227025070335,20.473198378127265,21.32122821583862,13.969285714285714,13.23214285714286,12.500714285714286,12.72642857142857,11.884285714285712
2025-12-14,1d,LONG_MID,188.7295,True,4.24,22.43,55.39505574406205,57.834008097166,53.14065108514191,59.66494845360825,56.967879015123096,60358.673,49895.996,145380.142,97755.376,141954.143,1.1082886337819955,1.5446862822769276,1.1669292986136668,1.3000914133036474,0.3199442736780895,15.503390914474192,16.278334166045735,17.344843668372498,18.493392363185933,19.75227025070335,14.226428571428572,14.367857142857144,13.969285714285714,13.23214285714286,12.500714285714286
2025-12-15,1d,SHORT_MID,189.428,True,22.71,2.05,60.62099556431739,55.39505574406205,57.834008097166,53.14065108514191,59.66494845360825,143040.296,60358.673,49895.996,145380.142,97755.376,1.1015578421260557,1.1082886337819955,1.5446862822769276,1.1669292986136668,1.3000914133036474,15.425185311875214,15.503390914474192,16.278334166045735,17.344843668372498,18.493392363185933,14.40785714285714,14.226428571428572,14.367857142857144,13.969285714285714,13.23214285714286
2025-12-16,1d,LONG_MID,189.4485,True,2.02,22.72,47.98216276477146,60.62099556431739,55.39505574406205,57.834008097166,53.14065108514191,91052.035,143040.296,60358.673,49895.996,145380.142,0.5484604088671006,1.1015578421260557,1.1082886337819955,1.5446862822769276,1.1669292986136668,15.352565823747591,15.425185311875214,15.503390914474192,16.278334166045735,17.344843668372498,13.432142857142855,14.40785714285714,14.226428571428572,14.367857142857144,13.969285714285714
2025-12-17,1d,SHORT_MID,189.1505,True,22.6,-0.83,39.83397771207641,47.98216276477146,60.62099556431739,55.39505574406205,57.834008097166,106121.692,91052.035,143040.296,60358.673,49895.996,-0.3897037956390932,0.5484604088671006,1.1015578421260557,1.1082886337819955,1.5446862822769276,15.840270223051338,15.352565823747591,15.425185311875214,15.503390914474192,16.278334166045735,13.808571428571426,13.432142857142855,14.40785714285714,14.226428571428572,14.367857142857144
2025-12-18,1d,LONG,171.0441,True,9.67,14.41,40.24124066628375,39.83397771207641,47.98216276477146,60.62099556431739,55.39505574406205,122323.972,106121.692,91052.035,143040.296,60358.673,-1.634023855629522,-0.3897037956390932,0.5484604088671006,1.1015578421260557,1.1082886337819955,16.84698687663969,15.840270223051338,15.352565823747591,15.425185311875214,15.503390914474192,14.070714285714285,13.808571428571426,13.432142857142855,14.40785714285714,14.226428571428572
2025-12-21,1d,LONG,169.6066,True,-1.78,13.68,38.85013949780789,45.59355667094665,48.94318181818183,40.24124066628375,39.83397771207641,172741.405,39601.511,96727.516,122323.972,106121.692,-3.739495890393471,-2.307457719114865,-1.9489296136775351,-1.634023855629522,-0.3897037956390932,20.07335567337403,18.059225661539088,17.475555135476416,16.84698687663969,15.840270223051338,14.696428571428571,13.920714285714284,14.332857142857142,14.070714285714285,13.808571428571426
2025-12-22,1d,LONG,161.1954,False,-2.18,9.18,31.55427335016228,38.85013949780789,45.59355667094665,48.94318181818183,40.24124066628375,385088.402,172741.405,39601.511,96727.516,122323.972,-5.979531541504713,-3.739495890393471,-2.307457719114865,-1.9489296136775351,-1.634023855629522,22.298659190668342,20.07335567337403,18.059225661539088,17.475555135476416,16.84698687663969,15.000714285714286,14.696428571428571,13.920714285714284,14.332857142857142,14.070714285714285
2025-12-23,1d,LONG,154.8881,True,1.8,5.48,24.26177174780527,31.55427335016228,38.85013949780789,45.59355667094665,48.94318181818183,175706.356,385088.402,172741.405,39601.511,96727.516,-7.647257119537699,-5.979531541504713,-3.739495890393471,-2.307457719114865,-1.9489296136775351,24.385179159391985,22.298659190668342,20.07335567337403,18.059225661539088,17.475555135476416,14.200714285714286,15.000714285714286,14.696428571428571,13.920714285714284,14.332857142857142
2025-12-24,1d,LONG,149.0187,True,5.81,0.62,25.10840388189139,24.26177174780527,31.55427335016228,38.85013949780789,45.59355667094665,93240.249,175706.356,385088.402,172741.405,39601.511,-9.03265742005314,-7.647257119537699,-5.979531541504713,-3.739495890393471,-2.307457719114865,26.380928885452462,24.385179159391985,22.298659190668342,20.07335567337403,18.059225661539088,13.807857142857143,14.200714285714286,15.000714285714286,14.696428571428571,13.920714285714284
