Trade_ID,Strategy,Mode,Side,Entry_Time,Entry_Price,status,Is_Risk_Free,Peak_Price,Rem_Qty,TP1_Hit,TP2_Hit,SL,Fibo_Target,Exit_Price,Exit_Time,Exit_Reason,PnL_Pct
G_231845,GAMMA,GAMMA_HEDGE,LONG,2024-12-23 18:45:00,352.38,CLOSED,True,372.32,1.0,False,False,362.9281,368.2371,372.32,2024-12-23 21:00:00,TP_FULL,0.05658663942334979
G_232130,GAMMA,GAMMA_HEDGE,LONG,2024-12-23 21:30:00,370.18,CLOSED,True,388.58,1.0,False,False,382.1391,386.8381,388.58,2024-12-23 22:45:00,TP_FULL,0.04970554865200707
G_232300,GAMMA,GAMMA_HEDGE,LONG,2024-12-23 23:00:00,383.66,CLOSED,False,386.24,1.0,False,False,377.9051,400.9247,375.87,2024-12-24 01:15:00,SL_HIT,-0.020304436219569462
G_241100,GAMMA,GAMMA_HEDGE,SHORT,2024-12-24 11:00:00,369.18,CLOSED,False,368.73,1.0,False,False,374.7177,352.5669,376.31,2024-12-24 12:00:00,SL_HIT,-0.019313072214096092
G_241400,GAMMA,GAMMA_HEDGE,LONG,2024-12-24 14:00:00,375.39,CLOSED,False,379.49,1.0,False,False,369.75915,392.28254999999996,369.38,2024-12-25 00:45:00,SL_HIT,-0.016010016249766886
G_250245,GAMMA,GAMMA_HEDGE,SHORT,2024-12-25 02:45:00,368.61,CLOSED,False,365.88,1.0,False,False,374.13915,352.02255,376.58,2024-12-25 05:00:00,SL_HIT,-0.02162176826456138
G_260415,GAMMA,GAMMA_HEDGE,SHORT,2024-12-26 04:15:00,355.5,CLOSED,True,349.8,1.0,False,False,351.5775,339.5025,351.8,2024-12-26 07:00:00,SL_HIT,0.01040787623066101
G_260630,GAMMA,GAMMA_HEDGE,SHORT,2024-12-26 06:30:00,350.92,CLOSED,True,339.56,1.0,False,False,341.3146,335.1286,342.46,2024-12-26 09:00:00,SL_HIT,0.02410805881682445
G_260900,GAMMA,GAMMA_HEDGE,SHORT,2024-12-26 09:00:00,342.46,CLOSED,True,337.24,1.0,False,False,338.95230000000004,327.04929999999996,341.36,2024-12-26 14:00:00,SL_HIT,0.0032120539625064707
G_270515,GAMMA,GAMMA_HEDGE,SHORT,2024-12-27 05:15:00,339.38,CLOSED,False,335.25,1.0,False,False,344.47069999999997,324.1079,350.16,2024-12-27 09:00:00,SL_HIT,-0.03176380458483125
S_231400,SWING,SWING_HEDGE,LONG,2024-12-23 14:00:00,335.62,CLOSED,False,388.58,1.0,False,False,325.5514,375.8944,322.87,2024-12-27 15:00:00,SL_HIT,-0.037989392765627794
S_231500,SWING,SWING_HEDGE,LONG,2024-12-23 15:00:00,333.74,CLOSED,False,388.58,1.0,False,False,323.7278,373.78880000000004,322.87,2024-12-27 15:00:00,SL_HIT,-0.03257026427758136
G_271545,GAMMA,GAMMA_HEDGE,SHORT,2024-12-27 15:45:00,325.9,CLOSED,True,321.34,1.0,False,False,322.9695,311.23449999999997,324.57,2024-12-27 17:15:00,SL_HIT,0.004081006443694336
G_281000,GAMMA,GAMMA_HEDGE,LONG,2024-12-28 10:00:00,326.45,CLOSED,True,335.05,1.0,False,False,333.41775,341.14025,330.65,2024-12-28 12:45:00,SL_HIT,0.012865676213815251
G_291645,GAMMA,GAMMA_HEDGE,SHORT,2024-12-29 16:45:00,331.71,CLOSED,False,327.75,1.0,False,False,336.68564999999995,316.78304999999995,337.7,2024-12-30 00:00:00,SL_HIT,-0.01805794217840888
S_280300,SWING,SWING_NORMAL,LONG,2024-12-28 03:00:00,324.17,CLOSED,True,357.39,0.7,True,False,324.17,363.07040000000006,323.83,2024-12-30 21:30:00,SL_HIT,-0.0010488324027517408
G_311745,GAMMA,GAMMA_HEDGE,SHORT,2024-12-31 17:45:00,312.56,CLOSED,True,308.0,1.0,False,False,309.5628,298.4948,310.06,2024-12-31 21:45:00,SL_HIT,0.007998464294855387
G_311800,GAMMA,GAMMA_HEDGE,SHORT,2024-12-31 18:00:00,312.67,CLOSED,True,308.0,1.0,False,False,309.56335,298.59985,310.06,2024-12-31 21:45:00,SL_HIT,0.008347458982313665
G_010615,GAMMA,GAMMA_HEDGE,SHORT,2025-01-01 06:15:00,309.78,CLOSED,False,307.68,1.0,False,False,314.4266999999999,295.83989999999994,314.57,2025-01-01 13:15:00,SL_HIT,-0.015462586351604432
G_012100,GAMMA,GAMMA_HEDGE,LONG,2025-01-01 21:00:00,319.76,CLOSED,True,328.34,1.0,False,False,326.7412,334.14919999999995,324.8,2025-01-02 00:45:00,SL_HIT,0.015761821366024584
G_022245,GAMMA,GAMMA_HEDGE,SHORT,2025-01-02 22:45:00,331.51,CLOSED,True,323.79,1.0,False,False,325.44755000000004,316.59205,325.65,2025-01-03 06:00:00,SL_HIT,0.01767669150251882
G_031530,GAMMA,GAMMA_HEDGE,LONG,2025-01-03 15:30:00,347.02,CLOSED,True,355.52,1.0,False,False,353.7849,362.63589999999994,353.55,2025-01-03 16:45:00,SL_HIT,0.018817359230015648
G_031700,GAMMA,GAMMA_HEDGE,LONG,2025-01-03 17:00:00,351.06,CLOSED,False,353.36,1.0,False,False,345.7941,366.85769999999997,345.69,2025-01-04 00:30:00,SL_HIT,-0.01529653050760555
G_040115,GAMMA,GAMMA_HEDGE,SHORT,2025-01-04 01:15:00,343.49,CLOSED,False,339.71,1.0,False,False,348.64234999999996,328.03294999999997,350.03,2025-01-04 12:15:00,SL_HIT,-0.019039855599871796
G_040230,GAMMA,GAMMA_HEDGE,SHORT,2025-01-04 02:30:00,343.99,CLOSED,False,339.71,1.0,False,False,349.14984999999996,328.51045,350.03,2025-01-04 12:15:00,SL_HIT,-0.017558649960754565
G_041400,GAMMA,GAMMA_HEDGE,LONG,2025-01-04 14:00:00,357.9,CLOSED,False,357.9,1.0,False,False,352.5315,374.0054999999999,347.21,2025-01-04 15:30:00,SL_HIT,-0.029868678401788206
G_041415,GAMMA,GAMMA_HEDGE,LONG,2025-01-04 14:15:00,356.49,CLOSED,False,356.49,1.0,False,False,351.14265,372.53204999999997,347.21,2025-01-04 15:30:00,SL_HIT,-0.026031585738730482
G_050230,GAMMA,GAMMA_HEDGE,SHORT,2025-01-05 02:30:00,345.86,CLOSED,False,345.86,1.0,False,False,351.04789999999997,330.2963,351.14,2025-01-05 04:30:00,SL_HIT,-0.015266292719597445
G_050815,GAMMA,GAMMA_HEDGE,SHORT,2025-01-05 08:15:00,344.51,CLOSED,True,339.83,1.0,False,False,341.55255,329.00705,342.42,2025-01-05 22:15:00,SL_HIT,0.006066587326928028
G_062315,GAMMA,GAMMA_HEDGE,SHORT,2025-01-06 23:15:00,339.38,CLOSED,True,333.26,1.0,False,False,334.9569,324.1079,335.46,2025-01-07 11:15:00,SL_HIT,0.011550474394484107
G_062330,GAMMA,GAMMA_HEDGE,SHORT,2025-01-06 23:30:00,340.36,CLOSED,True,333.26,1.0,False,False,334.9618,325.0438,335.46,2025-01-07 11:15:00,SL_HIT,0.014396521330356193
S_311100,SWING,SWING_NORMAL,LONG,2024-12-31 11:00:00,312.46,CLOSED,True,359.32,0.39999999999999997,True,True,331.2076,349.9552,330.94,2025-01-07 12:15:00,SL_HIT,0.05914357037700832
S_010300,SWING,SWING_NORMAL,LONG,2025-01-01 03:00:00,312.33,CLOSED,True,359.32,0.39999999999999997,True,True,331.0698,349.8096,330.94,2025-01-07 12:15:00,SL_HIT,0.05958441392117317
G_071545,GAMMA,GAMMA_HEDGE,SHORT,2025-01-07 15:45:00,315.92,CLOSED,True,309.2,1.0,False,False,310.7796,301.7036,311.0,2025-01-07 19:00:00,SL_HIT,0.015573562927323422
G_071800,GAMMA,GAMMA_HEDGE,SHORT,2025-01-07 18:00:00,313.65,CLOSED,True,309.2,1.0,False,False,310.76824999999997,299.53574999999995,311.0,2025-01-07 19:00:00,SL_HIT,0.008448908018491878
G_071830,GAMMA,GAMMA_HEDGE,SHORT,2025-01-07 18:30:00,309.2,CLOSED,True,292.01,1.0,False,False,297.396,295.286,292.01,2025-01-08 06:45:00,TP_FULL,0.05559508408796895
G_080500,GAMMA,GAMMA_HEDGE,SHORT,2025-01-08 05:00:00,301.47,CLOSED,True,292.01,1.0,False,False,293.51734999999996,287.90385000000003,295.18,2025-01-08 07:00:00,SL_HIT,0.020864430954987294
G_080600,GAMMA,GAMMA_HEDGE,SHORT,2025-01-08 06:00:00,300.41,CLOSED,True,292.01,1.0,False,False,293.51205,286.89155,295.18,2025-01-08 07:00:00,SL_HIT,0.01740954029493032
G_080700,GAMMA,GAMMA_HEDGE,SHORT,2025-01-08 07:00:00,295.18,CLOSED,False,294.68,1.0,False,False,299.60769999999997,281.8969,300.25,2025-01-08 08:00:00,SL_HIT,-0.01717596043092348
G_081730,GAMMA,GAMMA_HEDGE,SHORT,2025-01-08 17:30:00,280.75,CLOSED,False,280.75,1.0,False,False,284.96124999999995,268.11625,285.09,2025-01-08 17:45:00,SL_HIT,-0.0154585930543187
G_081745,GAMMA,GAMMA_HEDGE,SHORT,2025-01-08 17:45:00,285.09,CLOSED,False,285.09,1.0,False,False,289.36634999999995,272.26095,292.12,2025-01-08 18:15:00,SL_HIT,-0.024658879652039813
G_090630,GAMMA,GAMMA_HEDGE,SHORT,2025-01-09 06:30:00,288.52,CLOSED,True,282.92,1.0,False,False,284.36260000000004,275.53659999999996,286.58,2025-01-09 08:30:00,SL_HIT,0.006723970608623312
S_081200,SWING,SWING_NORMAL,LONG,2025-01-08 12:00:00,293.86,CLOSED,False,299.64,1.0,False,False,276.2284,329.12320000000005,275.51,2025-01-09 13:45:00,SL_HIT,-0.06244470155856538
S_081300,SWING,SWING_NORMAL,LONG,2025-01-08 13:00:00,294.12,CLOSED,False,299.64,1.0,False,False,276.4728,329.41440000000006,275.51,2025-01-09 13:45:00,SL_HIT,-0.06327349381204955
G_091730,GAMMA,GAMMA_HEDGE,LONG,2025-01-09 17:30:00,286.21,CLOSED,False,286.21,1.0,False,False,281.91684999999995,299.08944999999994,280.17,2025-01-09 19:15:00,SL_HIT,-0.02110338562593887
G_092030,GAMMA,GAMMA_HEDGE,SHORT,2025-01-09 20:30:00,277.23,CLOSED,False,277.23,1.0,False,False,281.38845,264.75465,282.9,2025-01-09 22:30:00,SL_HIT,-0.02045233199870129
G_092045,GAMMA,GAMMA_HEDGE,SHORT,2025-01-09 20:45:00,278.19,CLOSED,False,278.19,1.0,False,False,282.36285,265.67145,282.9,2025-01-09 22:30:00,SL_HIT,-0.01693087458212006
G_101345,GAMMA,GAMMA_HEDGE,SHORT,2025-01-10 13:45:00,282.18,CLOSED,True,277.44,1.0,False,False,278.8509,269.4819,279.38,2025-01-10 15:15:00,SL_HIT,0.0099227443475796
G_130945,GAMMA,GAMMA_HEDGE,SHORT,2025-01-13 09:45:00,267.7,CLOSED,True,256.66,1.0,False,False,257.99850000000004,255.65349999999998,261.91,2025-01-13 12:00:00,SL_HIT,0.02162868883078059
G_131200,GAMMA,GAMMA_HEDGE,SHORT,2025-01-13 12:00:00,261.91,CLOSED,False,261.91,1.0,False,False,265.83865,250.12405,269.51,2025-01-13 14:30:00,SL_HIT,-0.029017601466152364
S_130900,SWING,SWING_HEDGE,SHORT,2025-01-13 09:00:00,267.7,CLOSED,False,256.66,1.0,False,False,275.731,235.576,275.75,2025-01-13 15:30:00,SL_HIT,-0.03007097497198361
S_130800,SWING,SWING_HEDGE,SHORT,2025-01-13 08:00:00,269.4,CLOSED,False,256.66,1.0,False,False,277.48199999999997,237.07199999999997,279.15,2025-01-13 20:45:00,SL_HIT,-0.036191536748329624
G_132300,GAMMA,GAMMA_HEDGE,LONG,2025-01-13 23:00:00,293.43,CLOSED,False,293.43,1.0,False,False,289.02855,306.63435,287.43,2025-01-14 00:00:00,SL_HIT,-0.020447806972702178
G_132315,GAMMA,GAMMA_HEDGE,LONG,2025-01-13 23:15:00,289.75,CLOSED,True,295.61,1.0,False,False,294.16125,302.78875,293.37,2025-01-14 03:15:00,SL_HIT,0.012493528904227799
G_151630,GAMMA,GAMMA_HEDGE,LONG,2025-01-15 16:30:00,316.0,CLOSED,True,322.77,1.0,False,False,321.19,330.21999999999997,318.73,2025-01-15 20:30:00,SL_HIT,0.00863924050632917
G_151645,GAMMA,GAMMA_HEDGE,LONG,2025-01-15 16:45:00,313.59,CLOSED,True,322.77,1.0,False,False,321.20205,327.70154999999994,318.73,2025-01-15 20:30:00,SL_HIT,0.016390828789183468
G_160330,GAMMA,GAMMA_HEDGE,SHORT,2025-01-16 03:30:00,311.55,CLOSED,True,306.4,1.0,False,False,307.95775,297.53025,308.81,2025-01-16 09:45:00,SL_HIT,0.008794735997432223
G_160530,GAMMA,GAMMA_HEDGE,SHORT,2025-01-16 05:30:00,312.63,CLOSED,True,306.4,1.0,False,False,307.96315,298.56165,308.81,2025-01-16 09:45:00,SL_HIT,0.012218916930556867
S_040200,SWING,SWING_NORMAL,SHORT,2025-01-04 02:00:00,344.59,CLOSED,True,256.66,0.39999999999999997,True,True,323.91459999999995,303.2392,325.07,2025-01-17 02:00:00,SL_HIT,0.05664702980353459
G_170745,GAMMA,GAMMA_HEDGE,LONG,2025-01-17 07:45:00,322.77,CLOSED,True,328.88,1.0,False,False,327.26615,337.29464999999993,326.3,2025-01-17 10:30:00,SL_HIT,0.010936580227406605
S_160200,SWING,SWING_NORMAL,SHORT,2025-01-16 02:00:00,314.52,CLOSED,False,306.4,1.0,False,False,333.39119999999997,276.7776,333.81,2025-01-17 20:30:00,SL_HIT,-0.061331552842426626
G_180600,GAMMA,GAMMA_HEDGE,SHORT,2025-01-18 06:00:00,316.95,CLOSED,True,311.87,1.0,False,False,313.45475,302.68724999999995,314.08,2025-01-18 08:45:00,SL_HIT,0.009055056002524072
G_180615,GAMMA,GAMMA_HEDGE,SHORT,2025-01-18 06:15:00,317.75,CLOSED,True,311.87,1.0,False,False,313.45875,303.45124999999996,314.08,2025-01-18 08:45:00,SL_HIT,0.011549960660896981
G_191515,GAMMA,GAMMA_HEDGE,LONG,2025-01-19 15:15:00,328.89,CLOSED,True,345.4,1.0,False,False,341.97555,343.69005,345.4,2025-01-19 17:15:00,TP_FULL,0.050199154732585335
G_192330,GAMMA,GAMMA_HEDGE,SHORT,2025-01-19 23:30:00,310.04,CLOSED,True,299.3,1.0,False,False,300.85020000000003,296.08820000000003,302.3,2025-01-20 01:00:00,SL_HIT,0.024964520707005576
G_200100,GAMMA,GAMMA_HEDGE,SHORT,2025-01-20 01:00:00,302.3,CLOSED,False,299.62,1.0,False,False,306.8345,288.6965,312.11,2025-01-20 02:15:00,SL_HIT,-0.03245120740985776
G_200730,GAMMA,GAMMA_HEDGE,LONG,2025-01-20 07:30:00,352.51,CLOSED,True,362.16,1.0,False,False,360.39745000000005,368.37294999999995,357.78,2025-01-20 08:15:00,SL_HIT,0.014949930498425525
G_200815,GAMMA,GAMMA_HEDGE,LONG,2025-01-20 08:15:00,357.78,CLOSED,False,357.78,1.0,False,False,352.4133,373.88009999999997,346.2,2025-01-20 09:15:00,SL_HIT,-0.032366258594667074
S_201300,SWING,SWING_HEDGE,LONG,2025-01-20 13:00:00,348.99,CLOSED,False,352.58,1.0,False,False,338.5203,390.8688,338.18,2025-01-20 17:00:00,SL_HIT,-0.030975099573053676
S_201400,SWING,SWING_HEDGE,LONG,2025-01-20 14:00:00,351.0,CLOSED,False,352.58,1.0,False,False,340.46999999999997,393.12000000000006,338.18,2025-01-20 17:00:00,SL_HIT,-0.0365242165242165
G_202115,GAMMA,GAMMA_HEDGE,LONG,2025-01-20 21:15:00,348.8,CLOSED,False,348.8,1.0,False,False,343.568,364.496,341.75,2025-01-20 21:45:00,SL_HIT,-0.020212155963302784
G_220745,GAMMA,GAMMA_HEDGE,SHORT,2025-01-22 07:45:00,356.91,CLOSED,False,355.42,1.0,False,False,362.26365,340.84905000000003,362.9,2025-01-22 09:30:00,SL_HIT,-0.016782942478495846
G_220800,GAMMA,GAMMA_HEDGE,SHORT,2025-01-22 08:00:00,356.96,CLOSED,False,355.42,1.0,False,False,362.3143999999999,340.8968,362.9,2025-01-22 09:30:00,SL_HIT,-0.016640519946212455
G_230215,GAMMA,GAMMA_HEDGE,SHORT,2025-01-23 02:15:00,337.3,CLOSED,True,331.42,1.0,False,False,333.10650000000004,322.12149999999997,336.26,2025-01-23 11:00:00,SL_HIT,0.0030833086273347773
G_240300,GAMMA,GAMMA_HEDGE,SHORT,2025-01-24 03:00:00,330.68,CLOSED,False,330.68,1.0,False,False,335.6402,315.7994,337.06,2025-01-24 04:45:00,SL_HIT,-0.019293576871900312
G_240715,GAMMA,GAMMA_HEDGE,LONG,2025-01-24 07:15:00,349.39,CLOSED,True,354.25,1.0,False,False,352.50305,365.11254999999994,351.8,2025-01-24 12:15:00,SL_HIT,0.006897736054266078
G_242215,GAMMA,GAMMA_HEDGE,SHORT,2025-01-24 22:15:00,338.64,CLOSED,True,331.17,1.0,False,False,332.8632,323.40119999999996,333.03,2025-01-25 01:00:00,SL_HIT,0.016566265060241003
G_242345,GAMMA,GAMMA_HEDGE,SHORT,2025-01-24 23:45:00,334.97,CLOSED,True,329.49,1.0,False,False,331.16485,319.89635000000004,331.84,2025-01-25 10:45:00,SL_HIT,0.009344120368988422
G_270000,GAMMA,GAMMA_HEDGE,SHORT,2025-01-27 00:00:00,317.54,CLOSED,True,302.48,1.0,False,False,305.7877,303.2507,302.48,2025-01-27 02:45:00,TP_FULL,0.04742709579895447
G_270115,GAMMA,GAMMA_HEDGE,SHORT,2025-01-27 01:15:00,308.58,CLOSED,True,302.48,1.0,False,False,304.0229,294.6939,304.94,2025-01-27 03:00:00,SL_HIT,0.011795968630500961
G_270300,GAMMA,GAMMA_HEDGE,SHORT,2025-01-27 03:00:00,304.94,CLOSED,True,288.69,1.0,False,False,297.3947,291.2177,288.69,2025-01-27 07:15:00,TP_FULL,0.05328917164032269
G_280530,GAMMA,GAMMA_HEDGE,LONG,2025-01-28 05:30:00,305.75,CLOSED,False,305.75,1.0,False,False,301.16375,319.50874999999996,299.99,2025-01-28 06:30:00,SL_HIT,-0.01883892068683562
G_290700,GAMMA,GAMMA_HEDGE,LONG,2025-01-29 07:00:00,297.87,CLOSED,False,300.45,1.0,False,False,293.40195,311.27414999999996,293.09,2025-01-29 12:45:00,SL_HIT,-0.016047268942827507
G_301100,GAMMA,GAMMA_HEDGE,LONG,2025-01-30 11:00:00,307.61,CLOSED,True,318.03,1.0,False,False,316.49195,321.45245,315.44,2025-01-30 14:30:00,SL_HIT,0.025454309027664847
G_011145,GAMMA,GAMMA_HEDGE,SHORT,2025-02-01 11:45:00,314.95,CLOSED,True,304.47,1.0,False,False,306.04475,300.77725,306.34,2025-02-01 20:30:00,SL_HIT,0.02733767264645186
G_012230,GAMMA,GAMMA_HEDGE,SHORT,2025-02-01 22:30:00,301.01,CLOSED,True,296.73,1.0,False,False,298.23505,287.46455,299.29,2025-02-01 23:30:00,SL_HIT,0.0057140958772132835
G_020400,GAMMA,GAMMA_HEDGE,SHORT,2025-02-02 04:00:00,290.96,CLOSED,False,290.82,1.0,False,False,295.32439999999997,277.86679999999996,295.72,2025-02-02 05:30:00,SL_HIT,-0.01635963706351405
G_021800,GAMMA,GAMMA_HEDGE,SHORT,2025-02-02 18:00:00,266.87,CLOSED,True,260.54,1.0,False,False,261.87435,254.86085,262.79,2025-02-02 19:15:00,SL_HIT,0.015288342638737903
G_030200,GAMMA,GAMMA_HEDGE,SHORT,2025-02-03 02:00:00,219.12,CLOSED,False,217.42,1.0,False,False,222.40679999999998,209.2596,225.56,2025-02-03 03:00:00,SL_HIT,-0.029390288426432994
G_030330,GAMMA,GAMMA_HEDGE,SHORT,2025-02-03 03:30:00,227.26,CLOSED,True,222.29,1.0,False,False,223.4263,217.03329999999997,223.67,2025-02-03 05:00:00,SL_HIT,0.015796884625539045
G_030800,GAMMA,GAMMA_HEDGE,LONG,2025-02-03 08:00:00,242.54,CLOSED,False,242.54,1.0,False,False,238.90189999999998,253.45429999999996,237.77,2025-02-03 08:15:00,SL_HIT,-0.019666859074791713
G_030815,GAMMA,GAMMA_HEDGE,LONG,2025-02-03 08:15:00,237.77,CLOSED,True,242.38,1.0,False,False,241.19115,248.46965,239.63,2025-02-03 09:15:00,SL_HIT,0.007822685788787422
G_040300,GAMMA,GAMMA_HEDGE,SHORT,2025-02-04 03:00:00,269.3,CLOSED,True,255.77,1.0,False,False,266.2665,257.1815,255.77,2025-02-04 05:00:00,TP_FULL,0.05024136650575566
G_041330,GAMMA,GAMMA_HEDGE,LONG,2025-02-04 13:30:00,268.61,CLOSED,False,268.61,1.0,False,False,264.58085,280.69745,264.57,2025-02-04 13:45:00,SL_HIT,-0.015040393135028555
G_050115,GAMMA,GAMMA_HEDGE,LONG,2025-02-05 01:15:00,268.9,CLOSED,True,273.54,1.0,False,False,272.19550000000004,281.00049999999993,270.74,2025-02-05 06:00:00,SL_HIT,0.006842692450725296
G_051900,GAMMA,GAMMA_HEDGE,SHORT,2025-02-05 19:00:00,259.71,CLOSED,False,256.25,1.0,False,False,263.60564999999997,248.02304999999998,263.61,2025-02-06 02:45:00,SL_HIT,-0.01501674945131121
G_061800,GAMMA,GAMMA_HEDGE,SHORT,2025-02-06 18:00:00,244.39,CLOSED,True,240.16,1.0,False,False,241.38195,233.39244999999997,241.48,2025-02-06 23:45:00,SL_HIT,0.011907197512173152
G_071030,GAMMA,GAMMA_HEDGE,LONG,2025-02-07 10:30:00,249.63,CLOSED,True,254.97,1.0,False,False,253.72185,260.86334999999997,252.89,2025-02-07 13:00:00,SL_HIT,0.013059327805151589
G_071200,GAMMA,GAMMA_HEDGE,LONG,2025-02-07 12:00:00,253.9,CLOSED,True,261.36,1.0,False,False,260.0905,265.3255,256.96,2025-02-07 14:30:00,SL_HIT,0.012051988972036132
G_071800,GAMMA,GAMMA_HEDGE,SHORT,2025-02-07 18:00:00,246.43,CLOSED,True,233.79,1.0,False,False,237.60215,235.34065,233.79,2025-02-07 20:45:00,TP_FULL,0.05129245627561585
G_072245,GAMMA,GAMMA_HEDGE,SHORT,2025-02-07 22:45:00,233.97,CLOSED,False,233.97,1.0,False,False,237.47955,223.44135,238.05,2025-02-07 23:45:00,SL_HIT,-0.017438133093986462
G_081930,GAMMA,GAMMA_HEDGE,LONG,2025-02-08 19:30:00,239.32,CLOSED,True,243.81,1.0,False,False,242.6134,250.08939999999998,241.36,2025-02-09 02:15:00,SL_HIT,0.008524151763329518
G_090400,GAMMA,GAMMA_HEDGE,LONG,2025-02-09 04:00:00,248.52,CLOSED,False,249.47,1.0,False,False,244.7922,259.7034,244.57,2025-02-09 07:15:00,SL_HIT,-0.01589409303074206
G_100545,GAMMA,GAMMA_HEDGE,LONG,2025-02-10 05:45:00,246.0,CLOSED,True,251.45,1.0,False,False,250.22,257.07,249.44,2025-02-10 08:45:00,SL_HIT,0.013983739837398364
G_111245,GAMMA,GAMMA_HEDGE,SHORT,2025-02-11 12:45:00,255.94,CLOSED,True,248.21,1.0,False,False,249.4897,244.4227,249.73,2025-02-11 14:00:00,SL_HIT,0.02426349925763854
G_111400,GAMMA,GAMMA_HEDGE,SHORT,2025-02-11 14:00:00,249.73,CLOSED,True,242.65,1.0,False,False,243.89865,238.49214999999998,244.2,2025-02-11 20:00:00,SL_HIT,0.022143915428662963
G_111900,GAMMA,GAMMA_HEDGE,SHORT,2025-02-11 19:00:00,244.56,CLOSED,True,240.43,1.0,False,False,241.6528,233.5548,242.68,2025-02-12 03:15:00,SL_HIT,0.00768727510631336
G_120815,GAMMA,GAMMA_HEDGE,LONG,2025-02-12 08:15:00,245.14,CLOSED,False,247.61,1.0,False,False,241.4629,256.1713,237.96,2025-02-12 13:30:00,SL_HIT,-0.029289385657175405
G_122230,GAMMA,GAMMA_HEDGE,LONG,2025-02-12 22:30:00,256.31,CLOSED,False,256.31,1.0,False,False,252.46535,267.84395,252.45,2025-02-12 23:15:00,SL_HIT,-0.015059888416370855
G_161300,GAMMA,GAMMA_HEDGE,LONG,2025-02-16 13:00:00,256.9,CLOSED,False,257.13,1.0,False,False,253.04649999999998,268.46049999999997,252.36,2025-02-16 14:15:00,SL_HIT,-0.01767224601012053
G_170915,GAMMA,GAMMA_HEDGE,LONG,2025-02-17 09:15:00,265.69,CLOSED,True,271.77,1.0,False,False,270.44155,277.64605,268.19,2025-02-17 10:45:00,SL_HIT,0.009409462155143213
G_171030,GAMMA,GAMMA_HEDGE,LONG,2025-02-17 10:30:00,270.57,CLOSED,False,270.57,1.0,False,False,266.51144999999997,282.74564999999996,266.44,2025-02-17 11:15:00,SL_HIT,-0.015264072143992296
G_180615,GAMMA,GAMMA_HEDGE,SHORT,2025-02-18 06:15:00,251.84,CLOSED,False,250.2,1.0,False,False,255.61759999999998,240.50719999999998,256.5,2025-02-18 09:45:00,SL_HIT,-0.018503811944091474
G_190830,GAMMA,GAMMA_HEDGE,LONG,2025-02-19 08:30:00,254.51,CLOSED,False,257.64,1.0,False,False,250.69234999999998,265.96295,250.52,2025-02-19 15:00:00,SL_HIT,-0.015677183607716715
G_211900,GAMMA,GAMMA_HEDGE,SHORT,2025-02-21 19:00:00,245.15,CLOSED,True,240.53,1.0,False,False,241.75575,234.11825,242.89,2025-02-21 20:00:00,SL_HIT,0.009218845604731876
G_212000,GAMMA,GAMMA_HEDGE,SHORT,2025-02-21 20:00:00,242.89,CLOSED,True,239.19,1.0,False,False,240.40445,231.95994999999996,241.74,2025-02-21 22:15:00,SL_HIT,0.004734653546872977
G_220115,GAMMA,GAMMA_HEDGE,LONG,2025-02-22 01:15:00,245.38,CLOSED,False,245.72,1.0,False,False,241.6993,256.4221,241.58,2025-02-22 02:15:00,SL_HIT,-0.015486184693128955
G_220730,GAMMA,GAMMA_HEDGE,LONG,2025-02-22 07:30:00,245.22,CLOSED,True,250.15,1.0,False,False,248.9239,256.25489999999996,248.81,2025-02-22 16:45:00,SL_HIT,0.014639915178207338
G_221630,GAMMA,GAMMA_HEDGE,LONG,2025-02-22 16:30:00,249.45,CLOSED,False,250.54,1.0,False,False,245.70825,260.67524999999995,245.66,2025-02-23 04:00:00,SL_HIT,-0.015193425536179564
G_230800,GAMMA,GAMMA_HEDGE,LONG,2025-02-23 08:00:00,252.09,CLOSED,False,252.09,1.0,False,False,248.30865,263.43405,247.7,2025-02-23 11:30:00,SL_HIT,-0.017414415486532647
G_240500,GAMMA,GAMMA_HEDGE,SHORT,2025-02-24 05:00:00,237.64,CLOSED,True,233.71,1.0,False,False,234.8982,226.94619999999998,235.18,2025-02-24 09:00:00,SL_HIT,0.010351792627503702
G_250730,GAMMA,GAMMA_HEDGE,SHORT,2025-02-25 07:30:00,194.21,CLOSED,False,194.21,1.0,False,False,197.12314999999998,185.47055,198.03,2025-02-25 08:00:00,SL_HIT,-0.019669429998455244
G_252315,GAMMA,GAMMA_HEDGE,LONG,2025-02-25 23:15:00,205.55,CLOSED,False,205.55,1.0,False,False,202.46675000000002,214.79975,202.13,2025-02-26 00:30:00,SL_HIT,-0.016638287521284434
G_260445,GAMMA,GAMMA_HEDGE,LONG,2025-02-26 04:45:00,207.57,CLOSED,False,207.79,1.0,False,False,204.45645,216.91064999999998,203.54,2025-02-26 07:30:00,SL_HIT,-0.019415137062195893
G_261145,GAMMA,GAMMA_HEDGE,LONG,2025-02-26 11:45:00,209.1,CLOSED,False,209.1,1.0,False,False,205.96349999999998,218.50949999999997,205.76,2025-02-26 12:30:00,SL_HIT,-0.015973218555714985
G_261430,GAMMA,GAMMA_HEDGE,SHORT,2025-02-26 14:30:00,202.3,CLOSED,False,202.3,1.0,False,False,205.3345,193.19650000000001,205.55,2025-02-26 14:45:00,SL_HIT,-0.016065249629263468
G_261900,GAMMA,GAMMA_HEDGE,SHORT,2025-02-26 19:00:00,196.35,CLOSED,True,193.65,1.0,False,False,194.63175,187.51424999999998,194.7,2025-02-26 19:30:00,SL_HIT,0.008403361344537844
G_261930,GAMMA,GAMMA_HEDGE,SHORT,2025-02-26 19:30:00,194.7,CLOSED,False,194.55,1.0,False,False,197.62049999999996,185.93849999999998,199.86,2025-02-26 20:30:00,SL_HIT,-0.02650231124807409
G_280415,GAMMA,GAMMA_HEDGE,SHORT,2025-02-28 04:15:00,185.9,CLOSED,True,182.83,1.0,False,False,183.7595,177.5345,184.89,2025-02-28 07:00:00,SL_HIT,0.005433028509951691
G_281530,GAMMA,GAMMA_HEDGE,LONG,2025-02-28 15:30:00,190.75,CLOSED,True,195.64,1.0,False,False,194.68624999999997,199.33374999999998,193.61,2025-03-01 05:00:00,SL_HIT,0.014993446920052497
G_011930,GAMMA,GAMMA_HEDGE,LONG,2025-03-01 19:30:00,193.83,CLOSED,True,196.96,1.0,False,False,195.99085,202.55235,195.45,2025-03-01 22:45:00,SL_HIT,0.008357839343754713
G_021745,GAMMA,GAMMA_HEDGE,LONG,2025-03-02 17:45:00,221.9,CLOSED,False,221.9,1.0,False,False,218.57150000000001,231.88549999999998,217.14,2025-03-02 18:30:00,SL_HIT,-0.021451104100946458
G_021830,GAMMA,GAMMA_HEDGE,LONG,2025-03-02 18:30:00,217.14,CLOSED,True,222.32,1.0,False,False,221.2343,226.91129999999998,221.23,2025-03-02 20:30:00,SL_HIT,0.01883577415492311
G_030230,GAMMA,GAMMA_HEDGE,SHORT,2025-03-03 02:30:00,215.13,CLOSED,True,207.66,1.0,False,False,208.73565,205.44914999999997,209.77,2025-03-03 07:45:00,SL_HIT,0.02491516757309527
G_030730,GAMMA,GAMMA_HEDGE,SHORT,2025-03-03 07:30:00,208.39,CLOSED,True,204.71,1.0,False,False,205.75195000000002,199.01244999999997,205.94,2025-03-03 09:15:00,SL_HIT,0.011756802149815197
G_031245,GAMMA,GAMMA_HEDGE,LONG,2025-03-03 12:45:00,209.38,CLOSED,False,212.12,1.0,False,False,206.2393,218.80209999999997,201.49,2025-03-03 14:45:00,SL_HIT,-0.037682682204604
G_031715,GAMMA,GAMMA_HEDGE,SHORT,2025-03-03 17:15:00,199.21,CLOSED,True,189.81,1.0,False,False,193.46605,190.24555,189.81,2025-03-03 18:30:00,TP_FULL,0.04718638622559111
G_032200,GAMMA,GAMMA_HEDGE,SHORT,2025-03-03 22:00:00,180.19,CLOSED,False,180.19,1.0,False,False,182.89284999999998,172.08145,183.7,2025-03-03 22:45:00,SL_HIT,-0.01947943837060875
G_040230,GAMMA,GAMMA_HEDGE,SHORT,2025-03-04 02:30:00,171.52,CLOSED,False,170.87,1.0,False,False,174.09279999999998,163.8016,174.18,2025-03-04 04:15:00,SL_HIT,-0.015508395522388039
G_041915,GAMMA,GAMMA_HEDGE,LONG,2025-03-04 19:15:00,209.8,CLOSED,False,210.43,1.0,False,False,206.65300000000002,219.24099999999999,205.01,2025-03-04 20:45:00,SL_HIT,-0.022831267874165968
G_050515,GAMMA,GAMMA_HEDGE,LONG,2025-03-05 05:15:00,212.36,CLOSED,True,224.13,1.0,False,False,220.2882,221.9162,224.13,2025-03-05 09:00:00,TP_FULL,0.05542475042380854
G_050915,GAMMA,GAMMA_HEDGE,LONG,2025-03-05 09:15:00,223.12,CLOSED,False,224.11,1.0,False,False,219.7732,233.16039999999998,219.77,2025-03-05 10:45:00,SL_HIT,-0.015014342058085309
G_060930,GAMMA,GAMMA_HEDGE,SHORT,2025-03-06 09:30:00,227.1,CLOSED,True,215.26,1.0,False,False,219.6155,216.88049999999998,215.26,2025-03-06 14:30:00,TP_FULL,0.052135623073535906
G_061415,GAMMA,GAMMA_HEDGE,SHORT,2025-03-06 14:15:00,218.98,CLOSED,True,215.26,1.0,False,False,216.3549,209.12589999999997,217.68,2025-03-06 14:45:00,SL_HIT,0.005936615216001384
G_061445,GAMMA,GAMMA_HEDGE,SHORT,2025-03-06 14:45:00,217.68,CLOSED,True,210.97,1.0,False,False,212.0584,207.8844,212.19,2025-03-06 18:15:00,SL_HIT,0.025220507166482952
G_080900,GAMMA,GAMMA_HEDGE,SHORT,2025-03-08 09:00:00,186.95,CLOSED,False,185.22,1.0,False,False,189.75424999999996,178.53724999999997,191.48,2025-03-08 10:30:00,SL_HIT,-0.024231077828296345
G_091100,GAMMA,GAMMA_HEDGE,SHORT,2025-03-09 11:00:00,189.56,CLOSED,False,189.56,1.0,False,False,192.40339999999998,181.0298,193.25,2025-03-09 12:30:00,SL_HIT,-0.01946613209537876
G_091845,GAMMA,GAMMA_HEDGE,SHORT,2025-03-09 18:45:00,179.45,CLOSED,False,179.16,1.0,False,False,182.14174999999997,171.37474999999998,182.64,2025-03-09 20:00:00,SL_HIT,-0.01777653942602395
G_101500,GAMMA,GAMMA_HEDGE,SHORT,2025-03-10 15:00:00,186.0,CLOSED,True,181.08,1.0,False,False,182.01000000000002,177.63,186.83,2025-03-10 18:00:00,SL_HIT,-0.004462365591397917
G_120045,GAMMA,GAMMA_HEDGE,SHORT,2025-03-12 00:45:00,179.62,CLOSED,True,170.53,1.0,False,False,172.8181,171.5371,170.53,2025-03-12 04:15:00,TP_FULL,0.050606836655160914
G_120400,GAMMA,GAMMA_HEDGE,SHORT,2025-03-12 04:00:00,172.13,CLOSED,False,169.95,1.0,False,False,174.71194999999997,164.38414999999998,175.04,2025-03-12 07:45:00,SL_HIT,-0.01690582699122754
G_130545,GAMMA,GAMMA_HEDGE,SHORT,2025-03-13 05:45:00,170.76,CLOSED,False,169.46,1.0,False,False,173.32139999999998,163.0758,173.68,2025-03-13 09:45:00,SL_HIT,-0.017100023424689716
G_131945,GAMMA,GAMMA_HEDGE,SHORT,2025-03-13 19:45:00,161.11,CLOSED,False,160.77,1.0,False,False,163.52665,153.86005,163.69,2025-03-13 22:30:00,SL_HIT,-0.016013903544162274
G_140300,GAMMA,GAMMA_HEDGE,LONG,2025-03-14 03:00:00,166.25,CLOSED,False,166.95,1.0,False,False,163.75625,173.73125,163.44,2025-03-14 06:15:00,SL_HIT,-0.01690225563909776
G_141545,GAMMA,GAMMA_HEDGE,LONG,2025-03-14 15:45:00,173.16,CLOSED,True,176.58,1.0,False,False,175.7142,180.95219999999998,175.28,2025-03-15 05:15:00,SL_HIT,0.01224301224301227
G_150815,GAMMA,GAMMA_HEDGE,SHORT,2025-03-15 08:15:00,174.02,CLOSED,True,169.63,1.0,False,False,170.5001,166.1891,171.19,2025-03-16 03:00:00,SL_HIT,0.01626249856338359
G_161415,GAMMA,GAMMA_HEDGE,SHORT,2025-03-16 14:15:00,164.74,CLOSED,False,164.36,1.0,False,False,167.2111,157.3267,167.6,2025-03-16 16:00:00,SL_HIT,-0.017360689571445823
G_170645,GAMMA,GAMMA_HEDGE,SHORT,2025-03-17 06:45:00,166.28,CLOSED,False,166.28,1.0,False,False,168.77419999999998,158.79739999999998,169.18,2025-03-17 08:45:00,SL_HIT,-0.017440461871542013
G_171000,GAMMA,GAMMA_HEDGE,LONG,2025-03-17 10:00:00,170.87,CLOSED,True,176.94,1.0,False,False,176.08565,178.55915,175.34,2025-03-17 20:15:00,SL_HIT,0.02616023877801837
G_172015,GAMMA,GAMMA_HEDGE,LONG,2025-03-17 20:15:00,175.34,CLOSED,False,176.11,1.0,False,False,172.7099,183.2303,172.4,2025-03-18 01:15:00,SL_HIT,-0.01676742329189003
G_191200,GAMMA,GAMMA_HEDGE,LONG,2025-03-19 12:00:00,179.78,CLOSED,True,182.28,1.0,False,False,181.3811,187.87009999999998,180.76,2025-03-19 16:15:00,SL_HIT,0.005451106908443596
G_210015,GAMMA,GAMMA_HEDGE,LONG,2025-03-21 00:15:00,179.56,CLOSED,True,182.0,1.0,False,False,181.1022,187.6402,180.12,2025-03-21 01:15:00,SL_HIT,0.0031187346847850426
G_222015,GAMMA,GAMMA_HEDGE,LONG,2025-03-22 20:15:00,182.67,CLOSED,False,182.67,1.0,False,False,179.92995,190.89014999999998,179.89,2025-03-22 23:00:00,SL_HIT,-0.015218700388679045
G_240545,GAMMA,GAMMA_HEDGE,LONG,2025-03-24 05:45:00,188.97,CLOSED,True,192.0,1.0,False,False,191.05515,197.47365,191.0,2025-03-24 07:30:00,SL_HIT,0.010742445890882156
G_240630,GAMMA,GAMMA_HEDGE,LONG,2025-03-24 06:30:00,191.24,CLOSED,True,193.96,1.0,False,False,193.0038,199.8458,192.77,2025-03-24 11:15:00,SL_HIT,0.008000418322526674
G_261715,GAMMA,GAMMA_HEDGE,SHORT,2025-03-26 17:15:00,179.5,CLOSED,True,175.46,1.0,False,False,176.35750000000002,171.42249999999999,177.59,2025-03-26 19:30:00,SL_HIT,0.010640668523676861
G_291745,GAMMA,GAMMA_HEDGE,SHORT,2025-03-29 17:45:00,169.14,CLOSED,True,166.32,1.0,False,False,167.1657,161.5287,167.75,2025-03-29 21:00:00,SL_HIT,0.008218044223719915
G_302115,GAMMA,GAMMA_HEDGE,LONG,2025-03-30 21:15:00,166.62,CLOSED,False,166.62,1.0,False,False,164.1207,174.1179,162.77,2025-03-30 22:00:00,SL_HIT,-0.0231064698115472
G_311015,GAMMA,GAMMA_HEDGE,SHORT,2025-03-31 10:15:00,153.89,CLOSED,False,153.89,1.0,False,False,156.19834999999998,146.96495,156.35,2025-03-31 11:45:00,SL_HIT,-0.015985444148417755
G_311300,GAMMA,GAMMA_HEDGE,LONG,2025-03-31 13:00:00,158.29,CLOSED,False,158.44,1.0,False,False,155.91565,165.41304999999997,155.67,2025-03-31 13:30:00,SL_HIT,-0.016551898414302893
G_011930,GAMMA,GAMMA_HEDGE,SHORT,2025-04-01 19:30:00,166.86,CLOSED,True,163.57,1.0,False,False,164.4043,159.3513,164.64,2025-04-02 01:45:00,SL_HIT,0.013304566702625118
G_020215,GAMMA,GAMMA_HEDGE,SHORT,2025-04-02 02:15:00,162.96,CLOSED,True,158.47,1.0,False,False,159.2848,155.6268,159.34,2025-04-02 06:30:00,SL_HIT,0.022214040255277394
G_030000,GAMMA,GAMMA_HEDGE,SHORT,2025-04-03 00:00:00,150.71,CLOSED,False,150.71,1.0,False,False,152.97065,143.92805,153.39,2025-04-03 00:30:00,SL_HIT,-0.017782496184725487
G_030300,GAMMA,GAMMA_HEDGE,LONG,2025-04-03 03:00:00,154.89,CLOSED,False,156.81,1.0,False,False,152.56664999999998,161.86004999999997,152.44,2025-04-03 07:30:00,SL_HIT,-0.01581767706114009
G_031315,GAMMA,GAMMA_HEDGE,SHORT,2025-04-03 13:15:00,147.54,CLOSED,False,147.13,1.0,False,False,149.7531,140.9007,150.0,2025-04-03 15:30:00,SL_HIT,-0.016673444489629985
G_040845,GAMMA,GAMMA_HEDGE,LONG,2025-04-04 08:45:00,153.43,CLOSED,False,153.48,1.0,False,False,151.12855000000002,160.33435,149.05,2025-04-04 10:15:00,SL_HIT,-0.028547220230724077
G_041145,GAMMA,GAMMA_HEDGE,SHORT,2025-04-04 11:45:00,147.31,CLOSED,True,145.3,1.0,False,False,146.03655,140.68105,146.5,2025-04-04 12:30:00,SL_HIT,0.005498608376892283
G_041230,GAMMA,GAMMA_HEDGE,SHORT,2025-04-04 12:30:00,146.5,CLOSED,False,145.97,1.0,False,False,148.6975,139.9075,149.31,2025-04-04 13:45:00,SL_HIT,-0.019180887372013667
G_061745,GAMMA,GAMMA_HEDGE,SHORT,2025-04-06 17:45:00,138.4,CLOSED,True,131.93,1.0,False,False,133.192,132.172,131.93,2025-04-06 20:00:00,TP_FULL,0.046748554913294785
G_062100,GAMMA,GAMMA_HEDGE,SHORT,2025-04-06 21:00:00,129.69,CLOSED,True,127.04,1.0,False,False,127.68845,123.85395,129.92,2025-04-06 23:30:00,SL_HIT,-0.0017734597887268855
G_070800,GAMMA,GAMMA_HEDGE,SHORT,2025-04-07 08:00:00,116.62,CLOSED,False,116.62,1.0,False,False,118.3693,111.3721,119.91,2025-04-07 08:15:00,SL_HIT,-0.028211284513805453
G_071045,GAMMA,GAMMA_HEDGE,LONG,2025-04-07 10:45:00,123.2,CLOSED,True,125.54,1.0,False,False,124.924,128.744,124.06,2025-04-07 12:30:00,SL_HIT,0.006980519480519476
G_080830,GAMMA,GAMMA_HEDGE,SHORT,2025-04-08 08:30:00,130.76,CLOSED,False,130.76,1.0,False,False,132.7214,124.87579999999998,132.87,2025-04-08 11:30:00,SL_HIT,-0.01613643315998787
G_081730,GAMMA,GAMMA_HEDGE,SHORT,2025-04-08 17:30:00,127.29,CLOSED,True,125.2,1.0,False,False,125.83645,121.56195,125.95,2025-04-08 21:30:00,SL_HIT,0.010527142744913216
G_091830,GAMMA,GAMMA_HEDGE,LONG,2025-04-09 18:30:00,141.69,CLOSED,True,144.38,1.0,False,False,143.67155,148.06605,142.96,2025-04-09 21:30:00,SL_HIT,0.008963229585715366
G_092045,GAMMA,GAMMA_HEDGE,LONG,2025-04-09 20:45:00,144.07,CLOSED,False,144.72,1.0,False,False,141.90895,150.55315,141.31,2025-04-10 00:30:00,SL_HIT,-0.019157354063996605
G_100330,GAMMA,GAMMA_HEDGE,SHORT,2025-04-10 03:30:00,138.87,CLOSED,True,136.63,1.0,False,False,137.32434999999998,132.62085,139.18,2025-04-10 12:15:00,SL_HIT,-0.0022323035932887035
G_101600,GAMMA,GAMMA_HEDGE,SHORT,2025-04-10 16:00:00,129.96,CLOSED,False,128.68,1.0,False,False,131.9094,124.1118,132.55,2025-04-10 20:30:00,SL_HIT,-0.019929208987380757
G_121500,GAMMA,GAMMA_HEDGE,LONG,2025-04-12 15:00:00,146.79,CLOSED,True,148.82,1.0,False,False,148.08605,153.39555,148.05,2025-04-12 16:30:00,SL_HIT,0.008583690987124595
G_130230,GAMMA,GAMMA_HEDGE,SHORT,2025-04-13 02:30:00,145.54,CLOSED,True,142.99,1.0,False,False,143.7177,138.99069999999998,144.2,2025-04-13 05:15:00,SL_HIT,0.009207090834134969
G_131845,GAMMA,GAMMA_HEDGE,LONG,2025-04-13 18:45:00,144.28,CLOSED,False,144.28,1.0,False,False,142.1158,150.77259999999998,139.15,2025-04-13 19:30:00,SL_HIT,-0.03555586359855833
G_140615,GAMMA,GAMMA_HEDGE,SHORT,2025-04-14 06:15:00,140.84,CLOSED,False,140.27,1.0,False,False,142.9526,134.5022,143.08,2025-04-14 08:30:00,SL_HIT,-0.01590457256461239
G_141045,GAMMA,GAMMA_HEDGE,LONG,2025-04-14 10:45:00,145.98,CLOSED,False,146.88,1.0,False,False,143.7903,152.54909999999998,143.56,2025-04-14 13:30:00,SL_HIT,-0.01657761337169467
G_141630,GAMMA,GAMMA_HEDGE,SHORT,2025-04-14 16:30:00,139.52,CLOSED,True,136.93,1.0,False,False,137.6276,133.2416,137.65,2025-04-14 23:45:00,SL_HIT,0.013403096330275262
G_211830,GAMMA,GAMMA_HEDGE,SHORT,2025-04-21 18:30:00,139.85,CLOSED,False,139.29,1.0,False,False,141.94774999999998,133.55675,142.32,2025-04-21 22:30:00,SL_HIT,-0.017661780479084725
G_220900,GAMMA,GAMMA_HEDGE,LONG,2025-04-22 09:00:00,146.87,CLOSED,True,149.86,1.0,False,False,149.12565,153.47915,148.34,2025-04-22 13:15:00,SL_HIT,0.010008851365152848
G_221515,GAMMA,GAMMA_HEDGE,LONG,2025-04-22 15:15:00,153.47,CLOSED,False,153.47,1.0,False,False,151.16795,160.37615,150.96,2025-04-22 15:30:00,SL_HIT,-0.016354987945526755
G_222215,GAMMA,GAMMA_HEDGE,LONG,2025-04-22 22:15:00,156.98,CLOSED,True,159.6,1.0,False,False,158.8151,164.0441,158.46,2025-04-23 00:30:00,SL_HIT,0.009427952605427559
G_240600,GAMMA,GAMMA_HEDGE,SHORT,2025-04-24 06:00:00,164.4,CLOSED,True,158.91,1.0,False,False,159.732,157.002,159.99,2025-04-24 09:00:00,SL_HIT,0.026824817518248154
G_241515,GAMMA,GAMMA_HEDGE,LONG,2025-04-24 15:15:00,166.03,CLOSED,True,168.95,1.0,False,False,168.11984999999999,173.50135,168.03,2025-04-24 16:45:00,SL_HIT,0.012046015780280672
G_241645,GAMMA,GAMMA_HEDGE,LONG,2025-04-24 16:45:00,168.03,CLOSED,False,168.03,1.0,False,False,165.50955,175.59134999999998,164.73,2025-04-24 17:30:00,SL_HIT,-0.019639350116050773
G_270445,GAMMA,GAMMA_HEDGE,SHORT,2025-04-27 04:45:00,168.64,CLOSED,True,166.06,1.0,False,False,166.9032,161.0512,166.91,2025-04-27 17:00:00,SL_HIT,0.01025853889943068
G_272000,GAMMA,GAMMA_HEDGE,LONG,2025-04-27 20:00:00,169.59,CLOSED,False,170.19,1.0,False,False,167.04615,177.22154999999998,166.69,2025-04-27 23:30:00,SL_HIT,-0.017100064862315027
G_280215,GAMMA,GAMMA_HEDGE,SHORT,2025-04-28 02:15:00,163.78,CLOSED,False,163.78,1.0,False,False,166.23669999999998,156.4099,167.55,2025-04-28 03:30:00,SL_HIT,-0.023018683599951215
G_280645,GAMMA,GAMMA_HEDGE,LONG,2025-04-28 06:45:00,173.21,CLOSED,False,174.51,1.0,False,False,170.61185,181.00445,169.57,2025-04-28 10:15:00,SL_HIT,-0.0210149529472895
G_281545,GAMMA,GAMMA_HEDGE,SHORT,2025-04-28 15:45:00,164.68,CLOSED,False,163.44,1.0,False,False,167.15019999999998,157.2694,167.66,2025-04-28 19:15:00,SL_HIT,-0.018095700752975404
G_301115,GAMMA,GAMMA_HEDGE,LONG,2025-04-30 11:15:00,164.99,CLOSED,False,165.0,1.0,False,False,162.51515,172.41455,160.99,2025-04-30 12:30:00,SL_HIT,-0.02424389356930723
G_301315,GAMMA,GAMMA_HEDGE,SHORT,2025-04-30 13:15:00,159.34,CLOSED,True,155.76,1.0,False,False,156.55669999999998,152.1697,157.46,2025-04-30 14:00:00,SL_HIT,0.011798669511735882
G_301400,GAMMA,GAMMA_HEDGE,SHORT,2025-04-30 14:00:00,157.46,CLOSED,False,157.46,1.0,False,False,159.8219,150.3743,160.15,2025-04-30 15:30:00,SL_HIT,-0.0170837037977899
G_302030,GAMMA,GAMMA_HEDGE,LONG,2025-04-30 20:30:00,165.59,CLOSED,True,168.36,1.0,False,False,167.53205000000003,173.04155,167.46,2025-05-01 04:15:00,SL_HIT,0.011292952472975449
G_010330,GAMMA,GAMMA_HEDGE,LONG,2025-05-01 03:30:00,168.3,CLOSED,True,173.51,1.0,False,False,172.6685,175.8735,171.84,2025-05-01 11:15:00,SL_HIT,0.021033868092691574
G_011030,GAMMA,GAMMA_HEDGE,LONG,2025-05-01 10:30:00,172.3,CLOSED,True,175.64,1.0,False,False,174.77849999999998,180.05349999999999,173.67,2025-05-01 13:45:00,SL_HIT,0.007951247823563413
G_050645,GAMMA,GAMMA_HEDGE,LONG,2025-05-05 06:45:00,177.86,CLOSED,True,180.45,1.0,False,False,179.5607,185.8637,179.19,2025-05-05 09:00:00,SL_HIT,0.007477791521421253
G_051915,GAMMA,GAMMA_HEDGE,LONG,2025-05-05 19:15:00,178.61,CLOSED,False,178.61,1.0,False,False,175.93085000000002,186.64745,175.71,2025-05-05 20:30:00,SL_HIT,-0.016236492917529845
G_061100,GAMMA,GAMMA_HEDGE,SHORT,2025-05-06 11:00:00,167.18,CLOSED,True,163.84,1.0,False,False,164.6759,159.6569,165.03,2025-05-06 13:30:00,SL_HIT,0.012860389998803718
G_080415,GAMMA,GAMMA_HEDGE,LONG,2025-05-08 04:15:00,186.18,CLOSED,False,186.18,1.0,False,False,183.3873,194.5581,183.2,2025-05-08 04:45:00,SL_HIT,-0.01600601568374701
G_080445,GAMMA,GAMMA_HEDGE,LONG,2025-05-08 04:45:00,183.2,CLOSED,True,188.13,1.0,False,False,187.214,191.444,187.02,2025-05-08 08:45:00,SL_HIT,0.020851528384279595
G_080845,GAMMA,GAMMA_NORMAL,SHORT,2025-05-08 08:45:00,187.02,CLOSED,False,186.59,1.0,False,False,190.7604,180.4743,192.14,2025-05-08 15:15:00,SL_HIT,-0.027376751149609538
G_082130,GAMMA,GAMMA_HEDGE,LONG,2025-05-08 21:30:00,202.96,CLOSED,True,206.28,1.0,False,False,205.2652,212.0932,203.91,2025-05-09 00:00:00,SL_HIT,0.004680725266062222
G_090745,GAMMA,GAMMA_HEDGE,LONG,2025-05-09 07:45:00,212.21,CLOSED,True,216.48,1.0,False,False,215.41895,221.75945,211.59,2025-05-09 08:30:00,SL_HIT,-0.0029216342302436477
G_092030,GAMMA,GAMMA_HEDGE,LONG,2025-05-09 20:30:00,210.21,CLOSED,True,214.36,1.0,False,False,213.30895,219.66944999999998,212.9,2025-05-10 06:30:00,SL_HIT,0.012796727082441357
G_130400,GAMMA,GAMMA_HEDGE,SHORT,2025-05-13 04:00:00,211.44,CLOSED,False,211.44,1.0,False,False,214.61159999999998,201.9252,214.96,2025-05-13 04:30:00,SL_HIT,-0.016647748770336788
G_131945,GAMMA,GAMMA_HEDGE,LONG,2025-05-13 19:45:00,235.2,CLOSED,True,238.56,1.0,False,False,237.38400000000001,245.78399999999996,235.5,2025-05-14 01:45:00,SL_HIT,0.0012755102040816811
G_151445,GAMMA,GAMMA_HEDGE,SHORT,2025-05-15 14:45:00,219.75,CLOSED,False,219.75,1.0,False,False,223.04625,209.86124999999998,224.12,2025-05-15 15:15:00,SL_HIT,-0.01988623435722414
G_151745,GAMMA,GAMMA_HEDGE,LONG,2025-05-15 17:45:00,231.58,CLOSED,False,231.58,1.0,False,False,228.1063,242.0011,227.59,2025-05-15 18:15:00,SL_HIT,-0.017229467138785773
G_152130,GAMMA,GAMMA_HEDGE,SHORT,2025-05-15 21:30:00,222.19,CLOSED,False,220.45,1.0,False,False,225.52284999999998,212.19144999999997,225.84,2025-05-16 00:30:00,SL_HIT,-0.01642738197038573
G_160430,GAMMA,GAMMA_HEDGE,LONG,2025-05-16 04:30:00,228.99,CLOSED,True,236.15,1.0,False,False,235.00505,239.29455,234.98,2025-05-16 06:00:00,SL_HIT,0.026158347526092758
G_161445,GAMMA,GAMMA_HEDGE,SHORT,2025-05-16 14:45:00,234.5,CLOSED,True,231.05,1.0,False,False,232.22250000000003,223.9475,232.4,2025-05-16 21:00:00,SL_HIT,0.008955223880596991
G_182015,GAMMA,GAMMA_HEDGE,SHORT,2025-05-18 20:15:00,220.29,CLOSED,False,220.29,1.0,False,False,223.59434999999996,210.37695,225.46,2025-05-18 21:15:00,SL_HIT,-0.023469063507195135
G_191030,GAMMA,GAMMA_HEDGE,LONG,2025-05-19 10:30:00,221.32,CLOSED,True,228.82,1.0,False,False,227.7134,231.27939999999998,227.57,2025-05-19 16:00:00,SL_HIT,0.028239652991144046
G_191600,GAMMA,GAMMA_HEDGE,LONG,2025-05-19 16:00:00,227.57,CLOSED,True,239.15,1.0,False,False,234.63215000000002,237.81064999999998,239.15,2025-05-19 17:15:00,TP_FULL,0.050885441842070625
G_191730,GAMMA,GAMMA_HEDGE,LONG,2025-05-19 17:30:00,236.71,CLOSED,True,240.36,1.0,False,False,239.17645000000002,247.36194999999998,238.07,2025-05-19 20:00:00,SL_HIT,0.005745426893667294
G_200300,GAMMA,GAMMA_HEDGE,LONG,2025-05-20 03:00:00,263.54,CLOSED,True,269.62,1.0,False,False,268.3023,275.3993,267.92,2025-05-20 05:30:00,SL_HIT,0.016619867951734063
G_242130,GAMMA,GAMMA_HEDGE,SHORT,2025-05-24 21:30:00,261.8,CLOSED,True,257.6,1.0,False,False,258.90900000000005,250.019,260.1,2025-05-25 01:15:00,SL_HIT,0.00649350649350645
G_260100,GAMMA,GAMMA_HEDGE,LONG,2025-05-26 01:00:00,273.62,CLOSED,False,273.62,1.0,False,False,269.5157,285.93289999999996,269.14,2025-05-26 02:30:00,SL_HIT,-0.0163730721438492
G_291430,GAMMA,GAMMA_HEDGE,SHORT,2025-05-29 14:30:00,255.75,CLOSED,True,242.76,1.0,False,False,250.19875,244.24124999999998,242.76,2025-05-30 00:45:00,TP_FULL,0.050791788856305024
G_300100,GAMMA,GAMMA_HEDGE,SHORT,2025-05-30 01:00:00,246.51,CLOSED,False,245.67,1.0,False,False,250.20764999999997,235.41705,250.72,2025-05-30 02:45:00,SL_HIT,-0.01707841466877615
G_300430,GAMMA,GAMMA_HEDGE,LONG,2025-05-30 04:30:00,252.03,CLOSED,False,253.91,1.0,False,False,248.24955,263.37135,246.82,2025-05-30 12:00:00,SL_HIT,-0.02067214220529305
G_302100,GAMMA,GAMMA_HEDGE,LONG,2025-05-30 21:00:00,254.01,CLOSED,False,254.95,1.0,False,False,250.19985,265.44045,249.24,2025-05-30 22:30:00,SL_HIT,-0.018778788236683525
G_010030,GAMMA,GAMMA_HEDGE,SHORT,2025-06-01 00:30:00,243.2,CLOSED,True,237.73,1.0,False,False,238.946,232.25599999999997,240.24,2025-06-01 02:15:00,SL_HIT,0.012171052631578864
G_010215,GAMMA,GAMMA_HEDGE,SHORT,2025-06-01 02:15:00,240.24,CLOSED,False,239.05,1.0,False,False,243.84359999999998,229.4292,245.07,2025-06-01 05:00:00,SL_HIT,-0.020104895104895038
G_011615,GAMMA,GAMMA_HEDGE,LONG,2025-06-01 16:15:00,251.68,CLOSED,False,253.02,1.0,False,False,247.9048,263.0056,246.93,2025-06-01 18:15:00,SL_HIT,-0.018873172282263193
G_020215,GAMMA,GAMMA_HEDGE,SHORT,2025-06-02 02:15:00,243.23,CLOSED,True,239.81,1.0,False,False,241.02615,232.28464999999997,241.24,2025-06-02 09:45:00,SL_HIT,0.008181556551412164
G_031400,GAMMA,GAMMA_HEDGE,LONG,2025-06-03 14:00:00,266.22,CLOSED,True,271.92,1.0,False,False,270.5889,278.1999,269.62,2025-06-03 15:30:00,SL_HIT,0.012771392081736823
G_031500,GAMMA,GAMMA_HEDGE,LONG,2025-06-03 15:00:00,270.8,CLOSED,False,271.64,1.0,False,False,266.738,282.986,266.54,2025-06-03 20:15:00,SL_HIT,-0.01573116691285078
G_032215,GAMMA,GAMMA_HEDGE,SHORT,2025-06-03 22:15:00,265.1,CLOSED,False,263.28,1.0,False,False,269.0765,253.1705,269.59,2025-06-04 08:45:00,SL_HIT,-0.016937004903809703
G_041100,GAMMA,GAMMA_HEDGE,LONG,2025-06-04 11:00:00,271.18,CLOSED,False,271.18,1.0,False,False,267.1123,283.3831,267.11,2025-06-04 13:00:00,SL_HIT,-0.015008481451434446
G_051700,GAMMA,GAMMA_HEDGE,SHORT,2025-06-05 17:00:00,255.91,CLOSED,True,250.94,1.0,False,False,252.21955,244.39405,252.25,2025-06-05 19:30:00,SL_HIT,0.014301903012777917
G_051930,GAMMA,GAMMA_HEDGE,SHORT,2025-06-05 19:30:00,252.25,CLOSED,True,240.47,1.0,False,False,245.76125,240.89874999999998,240.47,2025-06-05 20:30:00,TP_FULL,0.046699702675916756
G_052100,GAMMA,GAMMA_HEDGE,SHORT,2025-06-05 21:00:00,242.22,CLOSED,False,241.27,1.0,False,False,245.85329999999996,231.3201,246.38,2025-06-06 02:45:00,SL_HIT,-0.017174469490545772
G_071415,GAMMA,GAMMA_HEDGE,LONG,2025-06-07 14:15:00,256.94,CLOSED,False,260.28,1.0,False,False,253.08589999999998,268.5023,252.68,2025-06-08 10:00:00,SL_HIT,-0.016579746244259324
G_091930,GAMMA,GAMMA_HEDGE,LONG,2025-06-09 19:30:00,267.66,CLOSED,True,275.74,1.0,False,False,274.4017,279.7047,274.23,2025-06-09 21:30:00,SL_HIT,0.024546065904505688
G_092130,GAMMA,GAMMA_HEDGE,LONG,2025-06-09 21:30:00,274.23,CLOSED,True,284.98,1.0,False,False,283.60885,286.57035,283.31,2025-06-09 23:45:00,SL_HIT,0.03311089231666843
G_092345,GAMMA,GAMMA_HEDGE,LONG,2025-06-09 23:45:00,283.31,CLOSED,True,288.12,1.0,False,False,286.70345000000003,296.05895,286.44,2025-06-10 00:30:00,SL_HIT,0.011047968656242262
G_100030,GAMMA,GAMMA_HEDGE,LONG,2025-06-10 00:30:00,286.44,CLOSED,True,290.72,1.0,False,False,289.2878,299.3298,288.24,2025-06-10 03:00:00,SL_HIT,0.006284038542103098
G_101145,GAMMA,GAMMA_HEDGE,LONG,2025-06-10 11:45:00,313.69,CLOSED,False,317.18,1.0,False,False,308.98465,327.80604999999997,308.27,2025-06-10 13:30:00,SL_HIT,-0.017278204596895073
G_110545,GAMMA,GAMMA_HEDGE,LONG,2025-06-11 05:45:00,311.46,CLOSED,False,312.1,1.0,False,False,306.7881,325.47569999999996,306.18,2025-06-11 09:45:00,SL_HIT,-0.016952417645925554
G_122200,GAMMA,GAMMA_HEDGE,SHORT,2025-06-12 22:00:00,291.12,CLOSED,False,290.21,1.0,False,False,295.48679999999996,278.01959999999997,295.81,2025-06-12 23:15:00,SL_HIT,-0.016110195108546294
G_130115,GAMMA,GAMMA_HEDGE,SHORT,2025-06-13 01:15:00,270.86,CLOSED,True,263.51,1.0,False,False,264.8643,258.6713,266.75,2025-06-13 02:45:00,SL_HIT,0.01517389057077462
G_130300,GAMMA,GAMMA_HEDGE,SHORT,2025-06-13 03:00:00,268.35,CLOSED,False,268.35,1.0,False,False,272.37525,256.27425,272.48,2025-06-13 03:45:00,SL_HIT,-0.015390348425563612
G_130745,GAMMA,GAMMA_HEDGE,LONG,2025-06-13 07:45:00,280.79,CLOSED,True,284.93,1.0,False,False,283.52605,293.42555,283.17,2025-06-13 08:15:00,SL_HIT,0.008476085330674153
G_140730,GAMMA,GAMMA_HEDGE,SHORT,2025-06-14 07:30:00,280.05,CLOSED,True,273.91,1.0,False,False,275.31025000000005,267.44775,275.39,2025-06-14 10:30:00,SL_HIT,0.016639885734690323
G_140815,GAMMA,GAMMA_HEDGE,SHORT,2025-06-14 08:15:00,276.83,CLOSED,True,269.89,1.0,False,False,271.27414999999996,264.37264999999996,272.01,2025-06-14 17:15:00,SL_HIT,0.01741140772315137
G_141700,GAMMA,GAMMA_HEDGE,SHORT,2025-06-14 17:00:00,270.35,CLOSED,False,268.98,1.0,False,False,274.40525,258.18425,275.01,2025-06-14 21:00:00,SL_HIT,-0.017236915110042418
G_150830,GAMMA,GAMMA_HEDGE,SHORT,2025-06-15 08:30:00,272.29,CLOSED,False,270.94,1.0,False,False,276.37435,260.03695,276.62,2025-06-15 12:00:00,SL_HIT,-0.015902163134892885
G_160815,GAMMA,GAMMA_HEDGE,LONG,2025-06-16 08:15:00,287.41,CLOSED,False,288.98,1.0,False,False,283.09885,300.34345,282.28,2025-06-16 11:15:00,SL_HIT,-0.017849065794509764
G_170745,GAMMA,GAMMA_HEDGE,SHORT,2025-06-17 07:45:00,275.95,CLOSED,True,267.66,1.0,False,False,269.03975,263.53225,269.18,2025-06-17 10:45:00,SL_HIT,0.024533429969197253
G_170945,GAMMA,GAMMA_HEDGE,SHORT,2025-06-17 09:45:00,271.42,CLOSED,True,267.66,1.0,False,False,269.0171,259.2061,269.18,2025-06-17 10:45:00,SL_HIT,0.008252892196595715
G_181330,GAMMA,GAMMA_HEDGE,SHORT,2025-06-18 13:30:00,257.34,CLOSED,False,257.34,1.0,False,False,261.20009999999996,245.75969999999995,263.33,2025-06-18 14:00:00,SL_HIT,-0.023276599051838074
G_191700,GAMMA,GAMMA_HEDGE,SHORT,2025-06-19 17:00:00,250.33,CLOSED,False,250.33,1.0,False,False,254.08495,239.06515,254.25,2025-06-19 18:00:00,SL_HIT,-0.01565932968481599
G_201745,GAMMA,GAMMA_HEDGE,SHORT,2025-06-20 17:45:00,247.56,CLOSED,False,245.19,1.0,False,False,251.27339999999998,236.41979999999998,251.95,2025-06-20 20:30:00,SL_HIT,-0.01773307481014698
G_212200,GAMMA,GAMMA_HEDGE,SHORT,2025-06-21 22:00:00,234.64,CLOSED,True,229.03,1.0,False,False,230.2032,224.08119999999997,234.74,2025-06-21 23:45:00,SL_HIT,-0.00042618479372665674
G_232030,GAMMA,GAMMA_HEDGE,LONG,2025-06-23 20:30:00,248.67,CLOSED,True,256.26,1.0,False,False,255.01665,259.86015,252.58,2025-06-23 22:30:00,SL_HIT,0.01572364981702668
G_232230,GAMMA,GAMMA_HEDGE,LONG,2025-06-23 22:30:00,252.58,CLOSED,True,257.62,1.0,False,False,256.3571,263.9461,255.39,2025-06-24 00:00:00,SL_HIT,0.011125188059228654
G_240600,GAMMA,GAMMA_NORMAL,SHORT,2025-06-24 06:00:00,261.68,CLOSED,False,257.35,1.0,False,False,266.91360000000003,252.5212,269.22,2025-06-24 16:45:00,SL_HIT,-0.028813818404157827
G_241700,GAMMA,GAMMA_HEDGE,LONG,2025-06-24 17:00:00,267.5,CLOSED,False,267.5,1.0,False,False,263.4875,279.53749999999997,263.06,2025-06-24 19:15:00,SL_HIT,-0.016598130841121488
G_250600,GAMMA,GAMMA_HEDGE,SHORT,2025-06-25 06:00:00,263.9,CLOSED,True,259.55,1.0,False,False,260.8695,252.02449999999996,261.8,2025-06-25 13:00:00,SL_HIT,0.007957559681697484
G_290445,GAMMA,GAMMA_HEDGE,SHORT,2025-06-29 04:45:00,256.94,CLOSED,False,256.62,1.0,False,False,260.79409999999996,245.37769999999998,261.68,2025-06-29 06:45:00,SL_HIT,-0.018447886666147776
G_291100,GAMMA,GAMMA_HEDGE,LONG,2025-06-29 11:00:00,268.47,CLOSED,True,272.86,1.0,False,False,271.51765,280.55115,270.8,2025-06-29 12:00:00,SL_HIT,0.008678809550415256
G_291145,GAMMA,GAMMA_HEDGE,LONG,2025-06-29 11:45:00,272.55,CLOSED,True,276.57,1.0,False,False,275.20725,284.81475,275.11,2025-06-29 19:45:00,SL_HIT,0.009392771968446165
G_302030,GAMMA,GAMMA_HEDGE,LONG,2025-06-30 20:30:00,281.03,CLOSED,False,281.03,1.0,False,False,276.81455,293.67634999999996,274.22,2025-06-30 21:45:00,SL_HIT,-0.024232288367789723
G_020100,GAMMA,GAMMA_HEDGE,SHORT,2025-07-02 01:00:00,258.82,CLOSED,False,258.82,1.0,False,False,262.7023,247.17309999999998,263.08,2025-07-02 06:00:00,SL_HIT,-0.01645931535430025
G_021700,GAMMA,GAMMA_HEDGE,LONG,2025-07-02 17:00:00,281.2,CLOSED,False,281.56,1.0,False,False,276.98199999999997,293.854,276.75,2025-07-02 19:00:00,SL_HIT,-0.01582503556187763
G_030800,GAMMA,GAMMA_HEDGE,LONG,2025-07-03 08:00:00,282.1,CLOSED,False,284.64,1.0,False,False,277.86850000000004,294.7945,277.51,2025-07-03 12:30:00,SL_HIT,-0.016270825948245415
G_041630,GAMMA,GAMMA_HEDGE,SHORT,2025-07-04 16:30:00,260.3,CLOSED,False,260.3,1.0,False,False,264.2045,248.5865,264.6,2025-07-04 22:00:00,SL_HIT,-0.01651940069150984
G_042300,GAMMA,GAMMA_HEDGE,LONG,2025-07-04 23:00:00,266.23,CLOSED,True,271.72,1.0,False,False,270.38885000000005,278.21035,270.31,2025-07-05 08:30:00,SL_HIT,0.015325094842805033
G_052200,GAMMA,GAMMA_HEDGE,LONG,2025-07-05 22:00:00,273.42,CLOSED,True,277.87,1.0,False,False,276.5029,285.7239,275.3,2025-07-06 15:30:00,SL_HIT,0.006875868627020684
G_061515,GAMMA,GAMMA_HEDGE,LONG,2025-07-06 15:15:00,276.79,CLOSED,True,290.06,1.0,False,False,286.84605,289.24555,290.06,2025-07-06 22:00:00,TP_FULL,0.0479424834712236
G_062230,GAMMA,GAMMA_HEDGE,LONG,2025-07-06 22:30:00,289.08,CLOSED,False,289.08,1.0,False,False,284.74379999999996,302.0886,284.22,2025-07-07 01:00:00,SL_HIT,-0.016811955168119404
G_090730,GAMMA,GAMMA_HEDGE,LONG,2025-07-09 07:30:00,299.51,CLOSED,True,306.68,1.0,False,False,305.18245,312.98794999999996,302.91,2025-07-09 22:15:00,SL_HIT,0.011351874728723696
G_112245,GAMMA,GAMMA_HEDGE,SHORT,2025-07-11 22:45:00,297.12,CLOSED,False,293.68,1.0,False,False,301.5768,283.7496,301.96,2025-07-12 02:15:00,SL_HIT,-0.01628971459343018
G_120415,GAMMA,GAMMA_HEDGE,LONG,2025-07-12 04:15:00,300.59,CLOSED,True,306.77,1.0,False,False,305.26705,314.11654999999996,304.9,2025-07-12 09:45:00,SL_HIT,0.014338467680228891
G_131430,GAMMA,GAMMA_HEDGE,LONG,2025-07-13 14:30:00,313.57,CLOSED,False,316.04,1.0,False,False,308.86645,327.68064999999996,306.8,2025-07-13 21:30:00,SL_HIT,-0.02159007558120988
G_132230,GAMMA,GAMMA_HEDGE,SHORT,2025-07-13 22:30:00,305.9,CLOSED,False,304.91,1.0,False,False,310.48849999999993,292.13449999999995,312.47,2025-07-14 01:45:00,SL_HIT,-0.021477607061131252
G_140345,GAMMA,GAMMA_HEDGE,LONG,2025-07-14 03:45:00,324.04,CLOSED,True,329.68,1.0,False,False,328.0598,338.6218,327.59,2025-07-14 10:45:00,SL_HIT,0.010955437600296119
G_150700,GAMMA,GAMMA_HEDGE,LONG,2025-07-15 07:00:00,314.84,CLOSED,False,316.58,1.0,False,False,310.1174,329.0078,309.91,2025-07-15 11:30:00,SL_HIT,-0.015658747300215825
G_152345,GAMMA,GAMMA_HEDGE,LONG,2025-07-15 23:45:00,327.52,CLOSED,False,330.24,1.0,False,False,322.6072,342.25839999999994,322.08,2025-07-16 02:30:00,SL_HIT,-0.016609672691744008
G_221245,GAMMA,GAMMA_HEDGE,LONG,2025-07-22 12:45:00,310.48,CLOSED,False,311.48,1.0,False,False,305.82280000000003,324.4516,305.47,2025-07-22 13:45:00,SL_HIT,-0.01613630507601131
G_250115,GAMMA,GAMMA_HEDGE,SHORT,2025-07-25 01:15:00,284.94,CLOSED,False,282.39,1.0,False,False,289.2141,272.1177,289.46,2025-07-25 08:15:00,SL_HIT,-0.015862988699375243
G_290815,GAMMA,GAMMA_HEDGE,LONG,2025-07-29 08:15:00,293.16,CLOSED,False,293.22,1.0,False,False,288.7626,306.3522,287.69,2025-07-29 10:00:00,SL_HIT,-0.01865875289944067
G_301100,GAMMA,GAMMA_HEDGE,SHORT,2025-07-30 11:00:00,277.45,CLOSED,True,273.1,1.0,False,False,274.48725,264.96475,275.49,2025-07-30 12:15:00,SL_HIT,0.007064335916381256
G_310245,GAMMA,GAMMA_HEDGE,LONG,2025-07-31 02:45:00,279.1,CLOSED,False,279.46,1.0,False,False,274.9135,291.6595,274.47,2025-07-31 12:00:00,SL_HIT,-0.01658903618774631
G_311345,GAMMA,GAMMA_HEDGE,SHORT,2025-07-31 13:45:00,269.33,CLOSED,True,261.54,1.0,False,False,262.88665000000003,257.21015,263.46,2025-07-31 23:00:00,SL_HIT,0.02179482419336875
G_010015,GAMMA,GAMMA_HEDGE,SHORT,2025-08-01 00:15:00,259.71,CLOSED,True,256.14,1.0,False,False,257.43854999999996,248.02304999999998,258.54,2025-08-01 06:45:00,SL_HIT,0.004505024835393166
G_021900,GAMMA,GAMMA_HEDGE,SHORT,2025-08-02 19:00:00,247.75,CLOSED,False,247.75,1.0,False,False,251.46624999999997,236.60125,252.01,2025-08-03 00:45:00,SL_HIT,-0.017194752774974738
G_030400,GAMMA,GAMMA_HEDGE,LONG,2025-08-03 04:00:00,253.89,CLOSED,True,259.53,1.0,False,False,258.26054999999997,265.31505,258.0,2025-08-03 11:15:00,SL_HIT,0.016188112962306565
G_050230,GAMMA,GAMMA_HEDGE,SHORT,2025-08-05 02:30:00,265.49,CLOSED,True,260.39,1.0,False,False,261.71745,253.54295,261.79,2025-08-05 06:00:00,SL_HIT,0.013936494783230963
G_060545,GAMMA,GAMMA_HEDGE,LONG,2025-08-06 05:45:00,257.44,CLOSED,True,263.08,1.0,False,False,261.7928,269.02479999999997,261.75,2025-08-06 16:00:00,SL_HIT,0.016741765071472972
G_071130,GAMMA,GAMMA_HEDGE,LONG,2025-08-07 11:30:00,272.66,CLOSED,True,285.25,1.0,False,False,282.9467,284.9297,285.25,2025-08-07 21:15:00,TP_FULL,0.046174723098364165
G_072130,GAMMA,GAMMA_HEDGE,LONG,2025-08-07 21:30:00,283.23,CLOSED,True,287.07,1.0,False,False,285.65385,295.97535,285.22,2025-08-08 14:15:00,SL_HIT,0.007026091868799241
G_081915,GAMMA,GAMMA_HEDGE,LONG,2025-08-08 19:15:00,293.5,CLOSED,True,302.41,1.0,False,False,300.94250000000005,306.7075,299.83,2025-08-09 06:00:00,SL_HIT,0.02156729131175463
G_090600,GAMMA,GAMMA_HEDGE,LONG,2025-08-09 06:00:00,299.83,CLOSED,True,304.18,1.0,False,False,302.68085,313.32235,302.61,2025-08-09 12:30:00,SL_HIT,0.009271920755094653
G_121715,GAMMA,GAMMA_HEDGE,LONG,2025-08-12 17:15:00,313.98,CLOSED,True,319.22,1.0,False,False,317.6501,328.1091,317.46,2025-08-12 18:15:00,SL_HIT,0.011083508503726228
G_121815,GAMMA,GAMMA_HEDGE,LONG,2025-08-12 18:15:00,317.46,CLOSED,True,323.37,1.0,False,False,321.7827,331.74569999999994,321.38,2025-08-13 00:15:00,SL_HIT,0.012348012348012399
G_131315,GAMMA,GAMMA_HEDGE,LONG,2025-08-13 13:15:00,333.15,CLOSED,False,333.15,1.0,False,False,328.15274999999997,348.14174999999994,327.73,2025-08-13 13:30:00,SL_HIT,-0.016268947921356625
G_141145,GAMMA,GAMMA_HEDGE,SHORT,2025-08-14 11:45:00,324.42,CLOSED,True,311.1,1.0,False,False,312.7221,309.8211,315.22,2025-08-14 13:00:00,SL_HIT,0.028358300967881105
G_141300,GAMMA,GAMMA_HEDGE,SHORT,2025-08-14 13:00:00,315.22,CLOSED,False,312.5,1.0,False,False,319.9483,301.0351,320.94,2025-08-14 14:15:00,SL_HIT,-0.0181460567222891
G_151615,GAMMA,GAMMA_HEDGE,SHORT,2025-08-15 16:15:00,296.49,CLOSED,False,295.72,1.0,False,False,300.93735,283.14795,302.05,2025-08-15 22:45:00,SL_HIT,-0.018752740395966146
G_171015,GAMMA,GAMMA_HEDGE,LONG,2025-08-17 10:15:00,306.09,CLOSED,True,310.32,1.0,False,False,308.78955,319.86404999999996,306.85,2025-08-17 16:30:00,SL_HIT,0.0024829298572316893
G_180615,GAMMA,GAMMA_HEDGE,SHORT,2025-08-18 06:15:00,286.95,CLOSED,False,284.78,1.0,False,False,291.25424999999996,274.03725,292.45,2025-08-18 12:45:00,SL_HIT,-0.019167102282627635
G_200900,GAMMA,GAMMA_HEDGE,LONG,2025-08-20 09:00:00,290.25,CLOSED,False,291.31,1.0,False,False,285.89625,303.31125,285.55,2025-08-20 13:00:00,SL_HIT,-0.016192937123169642
G_202145,GAMMA,GAMMA_NORMAL,SHORT,2025-08-20 21:45:00,297.29,CLOSED,False,297.25,1.0,False,False,303.23580000000004,286.88485000000003,303.26,2025-08-21 03:00:00,SL_HIT,-0.02008140199804894
G_221415,GAMMA,GAMMA_HEDGE,LONG,2025-08-22 14:15:00,317.15,CLOSED,True,327.37,1.0,False,False,325.78425,331.42175,322.83,2025-08-22 16:15:00,SL_HIT,0.01790950654264546
G_221615,GAMMA,GAMMA_HEDGE,LONG,2025-08-22 16:15:00,322.83,CLOSED,True,338.73,1.0,False,False,334.77585,337.35734999999994,338.73,2025-08-22 19:00:00,TP_FULL,0.04925192825945555
G_222000,GAMMA,GAMMA_HEDGE,LONG,2025-08-22 20:00:00,336.57,CLOSED,True,352.5,1.0,False,False,349.15715,351.71565,352.5,2025-08-23 01:45:00,TP_FULL,0.047330421606203786
G_230830,GAMMA,GAMMA_HEDGE,SHORT,2025-08-23 08:30:00,342.77,CLOSED,False,342.77,1.0,False,False,347.9115499999999,327.34535,349.24,2025-08-23 09:45:00,SL_HIT,-0.018875630889517832
S_220800,SWING,SWING_HEDGE,SHORT,2025-01-22 08:00:00,360.66,CLOSED,False,114.99,1.0,False,False,371.4798,317.3808,372.69,2025-08-23 14:00:00,SL_HIT,-0.033355514889369414
S_221200,SWING,SWING_HEDGE,SHORT,2025-01-22 12:00:00,357.24,CLOSED,False,114.99,1.0,False,False,367.9572,314.3712,372.69,2025-08-23 14:00:00,SL_HIT,-0.043248236479677495
G_231330,GAMMA,GAMMA_HEDGE,LONG,2025-08-23 13:30:00,361.98,CLOSED,True,377.3,1.0,False,False,375.4901,378.2691,369.29,2025-08-23 14:30:00,SL_HIT,0.02019448588319797
S_231400,SWING,SWING_HEDGE,LONG,2025-08-23 14:00:00,366.33,CLOSED,False,377.3,1.0,False,False,355.34009999999995,410.2896,354.6,2025-08-23 16:00:00,SL_HIT,-0.03202030955695674
G_240330,GAMMA,GAMMA_HEDGE,SHORT,2025-08-24 03:30:00,350.88,CLOSED,True,345.37,1.0,False,False,347.1244,335.0904,347.53,2025-08-24 11:15:00,SL_HIT,0.0095474236206111
G_240415,GAMMA,GAMMA_HEDGE,SHORT,2025-08-24 04:15:00,350.45,CLOSED,True,345.37,1.0,False,False,347.12225,334.67974999999996,347.53,2025-08-24 11:15:00,SL_HIT,0.008332144385789745
G_241145,GAMMA,GAMMA_HEDGE,SHORT,2025-08-24 11:45:00,346.45,CLOSED,False,346.45,1.0,False,False,351.64674999999994,330.85974999999996,352.35,2025-08-24 14:15:00,SL_HIT,-0.01702987444075634
G_241430,GAMMA,GAMMA_HEDGE,LONG,2025-08-24 14:30:00,351.99,CLOSED,True,358.75,1.0,False,False,356.99005,367.82955,353.78,2025-08-24 19:30:00,SL_HIT,0.005085371743515337
G_241515,GAMMA,GAMMA_HEDGE,LONG,2025-08-24 15:15:00,353.59,CLOSED,True,358.75,1.0,False,False,356.98205,369.50154999999995,353.78,2025-08-24 19:30:00,SL_HIT,0.0005373455131649587
G_250815,GAMMA,GAMMA_HEDGE,SHORT,2025-08-25 08:15:00,331.0,CLOSED,True,325.26,1.0,False,False,326.91499999999996,316.10499999999996,327.92,2025-08-25 14:00:00,SL_HIT,0.009305135951661584
G_250930,GAMMA,GAMMA_HEDGE,SHORT,2025-08-25 09:30:00,329.5,CLOSED,True,323.38,1.0,False,False,325.0275,314.6725,325.33,2025-08-25 17:15:00,SL_HIT,0.01265553869499246
G_252015,GAMMA,GAMMA_HEDGE,SHORT,2025-08-25 20:15:00,316.96,CLOSED,True,310.85,1.0,False,False,312.4348,302.6968,313.63,2025-08-25 22:15:00,SL_HIT,0.01050605754669354
G_252200,GAMMA,GAMMA_HEDGE,SHORT,2025-08-25 22:00:00,311.39,CLOSED,False,311.39,1.0,False,False,316.06084999999996,297.37744999999995,316.88,2025-08-25 22:30:00,SL_HIT,-0.017630623976364074
G_252215,GAMMA,GAMMA_HEDGE,SHORT,2025-08-25 22:15:00,313.63,CLOSED,False,313.63,1.0,False,False,318.33444999999995,299.51664999999997,318.67,2025-08-25 23:30:00,SL_HIT,-0.016069891273156334
G_260300,GAMMA,GAMMA_HEDGE,LONG,2025-08-26 03:00:00,327.23,CLOSED,True,332.01,1.0,False,False,330.37385,341.95535,330.26,2025-08-26 05:15:00,SL_HIT,0.009259542218011712
G_290800,GAMMA,GAMMA_HEDGE,SHORT,2025-08-29 08:00:00,307.67,CLOSED,False,305.42,1.0,False,False,312.28505,293.82485,312.99,2025-08-29 12:45:00,SL_HIT,-0.01729125361588713
G_020115,GAMMA,GAMMA_HEDGE,LONG,2025-09-02 01:15:00,305.6,CLOSED,True,316.94,1.0,False,False,315.412,319.352,314.41,2025-09-02 07:00:00,SL_HIT,0.028828534031413618
G_020645,GAMMA,GAMMA_HEDGE,LONG,2025-09-02 06:45:00,316.17,CLOSED,False,316.17,1.0,False,False,311.42745,330.39765,311.06,2025-09-02 07:45:00,SL_HIT,-0.01616219122623909
G_041830,GAMMA,GAMMA_NORMAL,LONG,2025-09-04 18:30:00,308.74,CLOSED,False,312.49,1.0,False,False,302.5652,319.54589999999996,302.49,2025-09-05 14:15:00,SL_HIT,-0.020243570641964113
G_120945,GAMMA,GAMMA_HEDGE,SHORT,2025-09-12 09:45:00,310.53,CLOSED,False,310.53,1.0,False,False,315.18794999999994,296.55614999999995,315.4,2025-09-12 14:15:00,SL_HIT,-0.015682864779570427
S_052100,SWING,SWING_NORMAL,LONG,2025-09-05 21:00:00,302.57,CLOSED,True,321.57,0.7,True,False,302.57,338.8784,302.5,2025-09-15 08:00:00,SL_HIT,-0.00023135142281122776
G_141330,GAMMA,GAMMA_HEDGE,SHORT,2025-09-14 13:30:00,305.73,CLOSED,True,297.73,1.0,False,False,299.25865000000005,291.97215,299.54,2025-09-15 09:00:00,SL_HIT,0.020246622837143877
G_180030,GAMMA,GAMMA_HEDGE,LONG,2025-09-18 00:30:00,305.12,CLOSED,True,310.11,1.0,False,False,308.5844,318.8504,308.55,2025-09-18 16:00:00,SL_HIT,0.011241478762454139
G_192000,GAMMA,GAMMA_NORMAL,LONG,2025-09-19 20:00:00,297.9,CLOSED,False,300.78,1.0,False,False,291.94199999999995,308.32649999999995,288.08,2025-09-22 00:30:00,SL_HIT,-0.03296408190668007
G_220115,GAMMA,GAMMA_HEDGE,SHORT,2025-09-22 01:15:00,287.73,CLOSED,True,282.86,1.0,False,False,284.29865,274.78215,284.52,2025-09-22 03:15:00,SL_HIT,0.01115629235741854
S_152000,SWING,SWING_NORMAL,LONG,2025-09-15 20:00:00,299.54,CLOSED,False,311.93,1.0,False,False,281.5676,335.48480000000006,280.9,2025-09-22 05:30:00,SL_HIT,-0.062228750751151904
G_220630,GAMMA,GAMMA_HEDGE,SHORT,2025-09-22 06:30:00,268.76,CLOSED,True,263.09,1.0,False,False,264.43379999999996,256.6658,265.14,2025-09-22 10:00:00,SL_HIT,0.013469266259860115
G_230015,GAMMA,GAMMA_HEDGE,LONG,2025-09-23 00:15:00,269.93,CLOSED,False,269.93,1.0,False,False,265.88105,282.07685,265.65,2025-09-23 02:15:00,SL_HIT,-0.015855962656985252
S_220600,SWING,SWING_HEDGE,SHORT,2025-09-22 06:00:00,268.32,CLOSED,False,263.09,1.0,False,False,276.3696,236.1216,278.46,2025-09-23 14:00:00,SL_HIT,-0.037790697674418554
G_230700,GAMMA,GAMMA_HEDGE,LONG,2025-09-23 07:00:00,271.3,CLOSED,True,279.55,1.0,False,False,278.19350000000003,283.50849999999997,276.5,2025-09-23 14:45:00,SL_HIT,0.019166973829708767
G_231445,GAMMA,GAMMA_HEDGE,LONG,2025-09-23 14:45:00,276.5,CLOSED,False,280.09,1.0,False,False,272.3525,288.9425,271.32,2025-09-24 03:15:00,SL_HIT,-0.0187341772151899
G_251800,GAMMA,GAMMA_HEDGE,SHORT,2025-09-25 18:00:00,258.83,CLOSED,False,258.83,1.0,False,False,262.71244999999993,247.18264999999997,264.73,2025-09-25 18:45:00,SL_HIT,-0.022794884673337845
G_300100,GAMMA,GAMMA_HEDGE,SHORT,2025-09-30 01:00:00,275.83,CLOSED,True,269.43,1.0,False,False,270.80915,263.41765,270.9,2025-09-30 10:30:00,SL_HIT,0.017873327774353794
G_302145,GAMMA,GAMMA_HEDGE,LONG,2025-09-30 21:45:00,276.83,CLOSED,False,277.22,1.0,False,False,272.67755,289.28734999999995,272.62,2025-10-01 00:15:00,SL_HIT,-0.01520788931835415
G_012200,GAMMA,GAMMA_HEDGE,SHORT,2025-10-01 22:00:00,284.21,CLOSED,False,283.55,1.0,False,False,288.47315,271.42055,288.58,2025-10-02 01:45:00,SL_HIT,-0.015375954399915572
G_021030,GAMMA,GAMMA_HEDGE,SHORT,2025-10-02 10:30:00,284.25,CLOSED,True,280.36,1.0,False,False,281.78125,271.45875,281.98,2025-10-02 15:30:00,SL_HIT,0.00798592788038692
G_022015,GAMMA,GAMMA_HEDGE,LONG,2025-10-02 20:15:00,290.81,CLOSED,False,291.68,1.0,False,False,286.44785,303.89644999999996,286.09,2025-10-03 07:00:00,SL_HIT,-0.016230528523778504
G_040430,GAMMA,GAMMA_HEDGE,SHORT,2025-10-04 04:30:00,286.68,CLOSED,True,282.47,1.0,False,False,283.90340000000003,273.7794,284.43,2025-10-04 13:30:00,SL_HIT,0.007848472164085392
G_051300,GAMMA,GAMMA_HEDGE,SHORT,2025-10-05 13:00:00,287.56,CLOSED,False,283.84,1.0,False,False,291.87339999999995,274.6198,293.14,2025-10-06 12:00:00,SL_HIT,-0.019404645986924412
S_012100,SWING,SWING_NORMAL,SHORT,2025-10-01 21:00:00,283.37,CLOSED,False,280.29,1.0,False,False,300.3722,249.3656,301.01,2025-10-06 17:00:00,SL_HIT,-0.06225076754772907
G_071700,GAMMA,GAMMA_HEDGE,SHORT,2025-10-07 17:00:00,279.32,CLOSED,True,275.37,1.0,False,False,276.7666,266.75059999999996,277.0,2025-10-08 00:15:00,SL_HIT,0.008305885722468829
G_101815,GAMMA,GAMMA_HEDGE,SHORT,2025-10-10 18:15:00,262.4,CLOSED,True,255.67,1.0,False,False,256.98199999999997,250.59199999999996,258.62,2025-10-10 19:30:00,SL_HIT,0.014405487804877945
G_101845,GAMMA,GAMMA_HEDGE,SHORT,2025-10-10 18:45:00,260.64,CLOSED,True,255.67,1.0,False,False,256.97319999999996,248.91119999999998,258.62,2025-10-10 19:30:00,SL_HIT,0.007750153468385443
S_102000,SWING,SWING_HEDGE,SHORT,2025-10-10 20:00:00,245.63,CLOSED,False,245.63,1.0,False,False,252.9989,216.1544,260.05,2025-10-10 20:15:00,SL_HIT,-0.058706184098033694
G_101930,GAMMA,GAMMA_HEDGE,SHORT,2025-10-10 19:30:00,258.62,CLOSED,False,245.63,1.0,False,False,262.4993,246.9821,245.63,2025-10-10 20:45:00,TP_FULL,0.050228133941690546
S_102100,SWING,SWING_HEDGE,SHORT,2025-10-10 21:00:00,219.55,CLOSED,False,167.9,1.0,False,False,226.1365,193.204,228.55,2025-10-10 23:15:00,SL_HIT,-0.040992940104759734
S_110000,SWING,SWING_HEDGE,SHORT,2025-10-11 00:00:00,228.05,CLOSED,False,218.87,1.0,False,False,234.8915,200.684,235.18,2025-10-11 02:30:00,SL_HIT,-0.03126507344880507
S_110300,SWING,SWING_HEDGE,SHORT,2025-10-11 03:00:00,227.84,CLOSED,False,226.32,1.0,False,False,234.67520000000002,200.4992,235.57,2025-10-11 06:15:00,SL_HIT,-0.03392731741573029
G_110930,GAMMA,GAMMA_HEDGE,LONG,2025-10-11 09:30:00,241.65,CLOSED,False,244.15,1.0,False,False,238.02525,252.52425,237.21,2025-10-11 12:45:00,SL_HIT,-0.018373680943513337
G_111030,GAMMA,GAMMA_HEDGE,LONG,2025-10-11 10:30:00,242.34,CLOSED,False,243.39,1.0,False,False,238.7049,253.2453,237.21,2025-10-11 12:45:00,SL_HIT,-0.02116860609061647
S_111500,SWING,SWING_HEDGE,LONG,2025-10-11 15:00:00,238.94,CLOSED,False,241.23,1.0,False,False,231.77179999999998,267.61280000000005,231.65,2025-10-11 19:30:00,SL_HIT,-0.03050975140202558
G_112115,GAMMA,GAMMA_HEDGE,SHORT,2025-10-11 21:15:00,228.63,CLOSED,False,228.27,1.0,False,False,232.05944999999997,218.34165,232.15,2025-10-11 22:45:00,SL_HIT,-0.015396054760967547
G_121815,GAMMA,GAMMA_HEDGE,LONG,2025-10-12 18:15:00,251.67,CLOSED,True,256.07,1.0,False,False,254.81165,262.99514999999997,254.77,2025-10-12 19:45:00,SL_HIT,0.012317717646123983
G_121945,GAMMA,GAMMA_NORMAL,SHORT,2025-10-12 19:45:00,254.77,CLOSED,True,247.61,1.0,False,False,248.88385000000002,245.85305,249.09,2025-10-13 01:15:00,SL_HIT,0.022294618675668277
G_130745,GAMMA,GAMMA_HEDGE,LONG,2025-10-13 07:45:00,252.85,CLOSED,False,254.38,1.0,False,False,249.05724999999998,264.22825,244.25,2025-10-13 11:15:00,SL_HIT,-0.034012260233339905
G_131915,GAMMA,GAMMA_HEDGE,LONG,2025-10-13 19:15:00,259.09,CLOSED,True,262.62,1.0,False,False,261.32455,270.74904999999995,261.14,2025-10-13 21:15:00,SL_HIT,0.00791230846424027
G_140330,GAMMA,GAMMA_HEDGE,SHORT,2025-10-14 03:30:00,254.53,CLOSED,True,250.75,1.0,False,False,252.02265,243.07614999999998,252.72,2025-10-14 05:00:00,SL_HIT,0.007111146033866351
G_140645,GAMMA,GAMMA_HEDGE,SHORT,2025-10-14 06:45:00,243.86,CLOSED,False,240.89,1.0,False,False,247.5179,232.8863,247.87,2025-10-14 15:30:00,SL_HIT,-0.016443861231854304
G_142315,GAMMA,GAMMA_HEDGE,LONG,2025-10-14 23:15:00,256.19,CLOSED,False,256.19,1.0,False,False,252.34715,267.71855,251.43,2025-10-15 01:15:00,SL_HIT,-0.018579960185799566
G_151600,GAMMA,GAMMA_HEDGE,SHORT,2025-10-15 16:00:00,243.48,CLOSED,True,239.99,1.0,False,False,241.2074,232.52339999999998,241.85,2025-10-15 17:45:00,SL_HIT,0.006694595038606849
S_121500,SWING,SWING_HEDGE,LONG,2025-10-12 15:00:00,245.25,CLOSED,False,262.62,1.0,False,False,237.89249999999998,274.68,235.85,2025-10-16 15:45:00,SL_HIT,-0.03832823649337413
G_151745,GAMMA,GAMMA_HEDGE,SHORT,2025-10-15 17:45:00,241.85,CLOSED,True,235.05,1.0,False,False,236.25925,230.96675,239.82,2025-10-16 16:45:00,SL_HIT,0.00839363241678727
G_162100,GAMMA,GAMMA_HEDGE,SHORT,2025-10-16 21:00:00,228.9,CLOSED,True,222.56,1.0,False,False,223.7045,218.5995,224.37,2025-10-16 23:00:00,SL_HIT,0.019790301441677594
G_162130,GAMMA,GAMMA_HEDGE,SHORT,2025-10-16 21:30:00,228.63,CLOSED,True,222.56,1.0,False,False,223.70315,218.34165,224.37,2025-10-16 23:00:00,SL_HIT,0.018632725364125403
G_162300,GAMMA,GAMMA_HEDGE,SHORT,2025-10-16 23:00:00,224.37,CLOSED,True,213.35,1.0,False,False,216.68185,214.27335,213.35,2025-10-17 07:00:00,TP_FULL,0.049115300619512456
G_170000,GAMMA,GAMMA_HEDGE,SHORT,2025-10-17 00:00:00,223.53,CLOSED,True,213.35,1.0,False,False,216.67765,213.47115,213.35,2025-10-17 07:00:00,TP_FULL,0.045541985415827886
G_170930,GAMMA,GAMMA_HEDGE,SHORT,2025-10-17 09:30:00,208.28,CLOSED,True,204.96,1.0,False,False,206.00140000000002,198.9074,207.0,2025-10-17 10:45:00,SL_HIT,0.006145573266756295
G_170900,GAMMA,GAMMA_HEDGE,SHORT,2025-10-17 09:00:00,206.31,CLOSED,False,204.96,1.0,False,False,209.40464999999998,197.02605,210.68,2025-10-17 11:00:00,SL_HIT,-0.02118171683389077
G_190215,GAMMA,GAMMA_HEDGE,SHORT,2025-10-19 02:15:00,213.19,CLOSED,False,212.77,1.0,False,False,216.38785,203.59644999999998,216.75,2025-10-19 03:45:00,SL_HIT,-0.016698719452131913
G_191300,GAMMA,GAMMA_HEDGE,LONG,2025-10-19 13:00:00,220.51,CLOSED,True,225.91,1.0,False,False,224.80745,230.43294999999998,224.44,2025-10-19 15:15:00,SL_HIT,0.017822320983175398
G_200030,GAMMA,GAMMA_HEDGE,SHORT,2025-10-20 00:30:00,219.54,CLOSED,False,219.54,1.0,False,False,222.83309999999997,209.6607,223.46,2025-10-20 03:15:00,SL_HIT,-0.017855516079074502
G_200515,GAMMA,GAMMA_HEDGE,LONG,2025-10-20 05:15:00,228.48,CLOSED,True,234.15,1.0,False,False,233.0076,238.7616,232.86,2025-10-20 09:15:00,SL_HIT,0.019170168067226996
G_200700,GAMMA,GAMMA_HEDGE,LONG,2025-10-20 07:00:00,233.22,CLOSED,False,234.06,1.0,False,False,229.7217,243.71489999999997,228.55,2025-10-20 15:45:00,SL_HIT,-0.020024011662807595
G_201645,GAMMA,GAMMA_HEDGE,SHORT,2025-10-20 16:45:00,226.53,CLOSED,False,225.4,1.0,False,False,229.92794999999998,216.33615,230.53,2025-10-20 21:00:00,SL_HIT,-0.017657705381185714
G_210415,GAMMA,GAMMA_HEDGE,SHORT,2025-10-21 04:15:00,222.1,CLOSED,True,218.64,1.0,False,False,219.7505,212.10549999999998,219.96,2025-10-21 06:30:00,SL_HIT,0.009635299414678012
G_210615,GAMMA,GAMMA_HEDGE,SHORT,2025-10-21 06:15:00,219.44,CLOSED,False,218.97,1.0,False,False,222.7316,209.56519999999998,222.84,2025-10-21 12:15:00,SL_HIT,-0.01549398468829751
G_211630,GAMMA,GAMMA_HEDGE,LONG,2025-10-21 16:30:00,234.97,CLOSED,False,234.97,1.0,False,False,231.44545,245.54364999999999,231.4,2025-10-21 16:45:00,SL_HIT,-0.01519342894837636
S_171800,SWING,SWING_NORMAL,LONG,2025-10-17 18:00:00,203.75,CLOSED,True,236.57,0.39999999999999997,True,True,215.97500000000002,228.20000000000002,215.97,2025-10-22 09:30:00,SL_HIT,0.05997546012269938
G_222130,GAMMA,GAMMA_HEDGE,SHORT,2025-10-22 21:30:00,211.87,CLOSED,False,211.14,1.0,False,False,215.04805,202.33585,215.9,2025-10-22 23:15:00,SL_HIT,-0.01902109784301695
G_230245,GAMMA,GAMMA_HEDGE,LONG,2025-10-23 02:45:00,218.21,CLOSED,True,222.6,1.0,False,False,221.50895,228.02945,221.39,2025-10-23 07:00:00,SL_HIT,0.014573117638971534
G_231800,GAMMA,GAMMA_HEDGE,LONG,2025-10-23 18:00:00,227.51,CLOSED,False,227.51,1.0,False,False,224.09734999999998,237.74794999999997,224.04,2025-10-23 20:30:00,SL_HIT,-0.015252076831787609
G_232200,GAMMA,GAMMA_HEDGE,SHORT,2025-10-23 22:00:00,223.13,CLOSED,False,223.13,1.0,False,False,226.47694999999996,213.08915,228.9,2025-10-24 04:15:00,SL_HIT,-0.025859364496033748
G_240600,GAMMA,GAMMA_HEDGE,LONG,2025-10-24 06:00:00,232.09,CLOSED,False,232.92,1.0,False,False,228.60865,242.53404999999998,227.84,2025-10-24 14:00:00,SL_HIT,-0.018311861777758627
G_241615,GAMMA,GAMMA_HEDGE,SHORT,2025-10-24 16:15:00,225.76,CLOSED,False,224.9,1.0,False,False,229.14639999999997,215.6008,229.3,2025-10-24 19:15:00,SL_HIT,-0.015680368532955444
G_261230,GAMMA,GAMMA_HEDGE,LONG,2025-10-26 12:30:00,234.93,CLOSED,True,240.11,1.0,False,False,238.93535,245.50185,238.62,2025-10-26 14:00:00,SL_HIT,0.015706806282722502
G_261400,GAMMA,GAMMA_HEDGE,LONG,2025-10-26 14:00:00,238.62,CLOSED,True,248.55,1.0,False,False,247.35690000000002,249.3579,246.66,2025-10-27 05:45:00,SL_HIT,0.03369373899924563
G_282130,GAMMA,GAMMA_HEDGE,SHORT,2025-10-28 21:30:00,227.89,CLOSED,False,227.01,1.0,False,False,231.30834999999996,217.63494999999998,231.49,2025-10-29 12:00:00,SL_HIT,-0.01579709508973638
G_301300,GAMMA,GAMMA_HEDGE,SHORT,2025-10-30 13:00:00,219.74,CLOSED,True,214.73,1.0,False,False,215.8287,209.8517,216.18,2025-10-30 14:30:00,SL_HIT,0.016200964776554118
G_301400,GAMMA,GAMMA_HEDGE,SHORT,2025-10-30 14:00:00,215.88,CLOSED,True,212.93,1.0,False,False,214.0094,206.16539999999998,214.06,2025-10-30 16:00:00,SL_HIT,0.008430609597924741
S_182100,SWING,SWING_HEDGE,LONG,2025-10-18 21:00:00,215.59,CLOSED,False,248.55,1.0,False,False,209.1223,241.46080000000003,208.48,2025-10-30 19:30:00,SL_HIT,-0.03297926619973103
G_302330,GAMMA,GAMMA_HEDGE,LONG,2025-10-30 23:30:00,214.19,CLOSED,True,219.07,1.0,False,False,217.99904999999998,223.82854999999998,217.43,2025-10-31 02:00:00,SL_HIT,0.015126756617956063
G_310015,GAMMA,GAMMA_HEDGE,LONG,2025-10-31 00:15:00,215.17,CLOSED,True,219.07,1.0,False,False,217.99415,224.85264999999998,217.43,2025-10-31 02:00:00,SL_HIT,0.010503322953943484
G_310200,GAMMA,GAMMA_HEDGE,LONG,2025-10-31 02:00:00,217.43,CLOSED,True,220.91,1.0,False,False,219.82285,227.21435,219.56,2025-10-31 15:15:00,SL_HIT,0.009796256266384562
G_312045,GAMMA,GAMMA_HEDGE,LONG,2025-10-31 20:45:00,231.75,CLOSED,False,231.75,1.0,False,False,228.27375,242.17874999999998,228.22,2025-11-01 00:00:00,SL_HIT,-0.015231930960086305
G_312100,GAMMA,GAMMA_HEDGE,LONG,2025-10-31 21:00:00,230.07,CLOSED,False,231.59,1.0,False,False,226.61894999999998,240.42314999999996,226.44,2025-11-01 01:45:00,SL_HIT,-0.015777806754466012
G_010145,GAMMA,GAMMA_HEDGE,SHORT,2025-11-01 01:45:00,226.44,CLOSED,True,222.24,1.0,False,False,223.37220000000002,216.25019999999998,223.38,2025-11-01 15:00:00,SL_HIT,0.013513513513513523
G_010215,GAMMA,GAMMA_HEDGE,SHORT,2025-11-01 02:15:00,226.96,CLOSED,True,222.24,1.0,False,False,223.37480000000002,216.7468,223.38,2025-11-01 15:00:00,SL_HIT,0.01577370461755381
G_021115,GAMMA,GAMMA_HEDGE,SHORT,2025-11-02 11:15:00,222.34,CLOSED,False,219.34,1.0,False,False,225.6751,212.3347,229.7,2025-11-02 16:15:00,SL_HIT,-0.03310245569847974
G_022030,GAMMA,GAMMA_HEDGE,SHORT,2025-11-02 20:30:00,224.99,CLOSED,False,224.23,1.0,False,False,228.36485,214.86545,229.24,2025-11-02 23:30:00,SL_HIT,-0.018889728432374773
G_030500,GAMMA,GAMMA_HEDGE,SHORT,2025-11-03 05:00:00,217.95,CLOSED,True,210.19,1.0,False,False,211.27975,208.14225,211.68,2025-11-03 07:15:00,SL_HIT,0.028768066070199504
G_031600,GAMMA,GAMMA_HEDGE,SHORT,2025-11-03 16:00:00,202.67,CLOSED,False,202.67,1.0,False,False,205.71004999999997,193.54985,206.17,2025-11-03 17:45:00,SL_HIT,-0.01726945280505255
G_031700,GAMMA,GAMMA_HEDGE,SHORT,2025-11-03 17:00:00,204.34,CLOSED,True,199.5,1.0,False,False,200.5217,195.1447,200.74,2025-11-03 21:45:00,SL_HIT,0.017617695996867938
G_032130,GAMMA,GAMMA_HEDGE,SHORT,2025-11-03 21:30:00,200.3,CLOSED,False,197.92,1.0,False,False,203.3045,191.2865,203.58,2025-11-04 02:00:00,SL_HIT,-0.016375436844732905
S_040200,SWING,SWING_NORMAL,LONG,2025-11-04 02:00:00,203.54,CLOSED,False,205.69,1.0,False,False,191.3276,227.96480000000003,190.04,2025-11-04 17:00:00,SL_HIT,-0.06632602928171367
G_041830,GAMMA,GAMMA_HEDGE,SHORT,2025-11-04 18:30:00,189.78,CLOSED,True,183.51,1.0,False,False,184.4589,181.2399,186.98,2025-11-04 20:30:00,SL_HIT,0.014753925598060972
S_041700,SWING,SWING_NORMAL,LONG,2025-11-04 17:00:00,191.63,CLOSED,False,192.25,1.0,False,False,180.13219999999998,214.62560000000002,178.37,2025-11-04 21:30:00,SL_HIT,-0.0691958461618744
G_050415,GAMMA,GAMMA_HEDGE,LONG,2025-11-05 04:15:00,197.81,CLOSED,True,201.47,1.0,False,False,200.48095,206.71144999999999,199.86,2025-11-05 05:30:00,SL_HIT,0.010363480107173608
G_050515,GAMMA,GAMMA_HEDGE,LONG,2025-11-05 05:15:00,201.47,CLOSED,False,201.47,1.0,False,False,198.44795,210.53615,198.22,2025-11-05 06:15:00,SL_HIT,-0.016131433960391125
G_050530,GAMMA,GAMMA_HEDGE,LONG,2025-11-05 05:30:00,199.86,CLOSED,False,200.28,1.0,False,False,196.8621,208.8537,195.7,2025-11-05 08:15:00,SL_HIT,-0.020814570199139522
G_050845,GAMMA,GAMMA_HEDGE,SHORT,2025-11-05 08:45:00,195.79,CLOSED,False,195.1,1.0,False,False,198.72684999999998,186.97944999999999,199.33,2025-11-05 12:15:00,SL_HIT,-0.01808059655753624
G_071915,GAMMA,GAMMA_HEDGE,LONG,2025-11-07 19:15:00,208.85,CLOSED,True,211.94,1.0,False,False,210.89575,218.24824999999998,210.64,2025-11-07 22:00:00,SL_HIT,0.008570744553507264
G_071945,GAMMA,GAMMA_HEDGE,LONG,2025-11-07 19:45:00,210.49,CLOSED,False,211.94,1.0,False,False,207.33265,219.96205,206.33,2025-11-08 00:45:00,SL_HIT,-0.01976340918808493
G_072115,GAMMA,GAMMA_NORMAL,SHORT,2025-11-07 21:15:00,211.53,CLOSED,True,206.33,1.0,False,False,207.38765,204.12645,207.93,2025-11-08 01:00:00,SL_HIT,0.017018862572684697
G_090345,GAMMA,GAMMA_HEDGE,SHORT,2025-11-09 03:45:00,197.62,CLOSED,False,197.2,1.0,False,False,200.58429999999998,188.7271,202.12,2025-11-09 11:00:00,SL_HIT,-0.02277097459771278
G_090445,GAMMA,GAMMA_HEDGE,SHORT,2025-11-09 04:45:00,197.62,CLOSED,False,197.62,1.0,False,False,200.58429999999998,188.7271,202.12,2025-11-09 11:00:00,SL_HIT,-0.02277097459771278
G_091430,GAMMA,GAMMA_HEDGE,LONG,2025-11-09 14:30:00,208.25,CLOSED,True,211.36,1.0,False,False,210.31875000000002,217.62124999999997,210.21,2025-11-09 17:15:00,SL_HIT,0.009411764705882392
G_091445,GAMMA,GAMMA_HEDGE,LONG,2025-11-09 14:45:00,207.29,CLOSED,True,211.36,1.0,False,False,210.32355,216.61804999999998,210.21,2025-11-09 17:15:00,SL_HIT,0.014086545419460736
G_111830,GAMMA,GAMMA_HEDGE,SHORT,2025-11-11 18:30:00,212.44,CLOSED,True,207.74,1.0,False,False,208.8022,202.8802,209.04,2025-11-12 00:15:00,SL_HIT,0.016004518922990048
G_112045,GAMMA,GAMMA_HEDGE,SHORT,2025-11-11 20:45:00,210.77,CLOSED,True,207.74,1.0,False,False,208.79385000000002,201.28535,209.04,2025-11-12 00:15:00,SL_HIT,0.008207999240878769
G_121345,GAMMA,GAMMA_NORMAL,SHORT,2025-11-12 13:45:00,218.37,CLOSED,True,209.03,1.0,False,False,211.89185,210.72705,209.03,2025-11-12 15:30:00,TP_FULL,0.04277144296377709
G_130645,GAMMA,GAMMA_HEDGE,LONG,2025-11-13 06:45:00,215.1,CLOSED,False,215.27,1.0,False,False,211.87349999999998,224.77949999999998,210.93,2025-11-13 13:30:00,SL_HIT,-0.019386331938633136
S_120400,SWING,SWING_NORMAL,LONG,2025-11-12 04:00:00,210.89,CLOSED,False,218.98,1.0,False,False,198.23659999999998,236.1968,197.32,2025-11-13 18:00:00,SL_HIT,-0.06434634169472234
G_131915,GAMMA,GAMMA_HEDGE,SHORT,2025-11-13 19:15:00,195.52,CLOSED,True,191.5,1.0,False,False,192.4776,186.7216,193.45,2025-11-13 21:00:00,SL_HIT,0.010587152209492745
G_132100,GAMMA,GAMMA_HEDGE,SHORT,2025-11-13 21:00:00,193.45,CLOSED,False,191.81,1.0,False,False,196.35174999999998,184.74474999999998,196.4,2025-11-13 22:15:00,SL_HIT,-0.015249418454381066
G_132345,GAMMA,GAMMA_HEDGE,LONG,2025-11-13 23:45:00,198.76,CLOSED,False,198.88,1.0,False,False,195.77859999999998,207.7042,195.68,2025-11-14 01:30:00,SL_HIT,-0.015496075669148643
G_140515,GAMMA,GAMMA_HEDGE,SHORT,2025-11-14 05:15:00,188.69,CLOSED,True,182.94,1.0,False,False,183.88345,180.19895,184.46,2025-11-14 10:15:00,SL_HIT,0.022417722189835124
G_141015,GAMMA,GAMMA_NORMAL,LONG,2025-11-14 10:15:00,184.46,CLOSED,False,184.8,1.0,False,False,180.7708,190.9161,180.12,2025-11-14 11:30:00,SL_HIT,-0.023528136181285932
G_152145,GAMMA,GAMMA_HEDGE,SHORT,2025-11-15 21:45:00,178.19,CLOSED,False,176.16,1.0,False,False,180.86284999999998,170.17145,181.0,2025-11-16 05:00:00,SL_HIT,-0.01576968404512039
G_160515,GAMMA,GAMMA_HEDGE,LONG,2025-11-16 05:15:00,181.02,CLOSED,False,181.7,1.0,False,False,178.3047,189.1659,177.21,2025-11-16 11:15:00,SL_HIT,-0.0210473980775605
G_161700,GAMMA,GAMMA_HEDGE,SHORT,2025-11-16 17:00:00,170.25,CLOSED,False,169.36,1.0,False,False,172.80374999999998,162.58875,173.54,2025-11-16 18:00:00,SL_HIT,-0.01932452276064606
S_141800,SWING,SWING_NORMAL,LONG,2025-11-14 18:00:00,176.97,CLOSED,False,182.73,1.0,False,False,166.3518,198.20640000000003,165.76,2025-11-17 19:45:00,SL_HIT,-0.06334406961631919
G_181630,GAMMA,GAMMA_HEDGE,LONG,2025-11-18 16:30:00,178.34,CLOSED,False,179.14,1.0,False,False,175.6649,186.3653,175.56,2025-11-19 03:45:00,SL_HIT,-0.015588202310194017
G_181700,GAMMA,GAMMA_HEDGE,LONG,2025-11-18 17:00:00,177.94,CLOSED,False,179.14,1.0,False,False,175.27089999999998,185.94729999999998,174.68,2025-11-19 04:30:00,SL_HIT,-0.018320782286163826
G_192315,GAMMA,GAMMA_HEDGE,LONG,2025-11-19 23:15:00,174.07,CLOSED,True,177.77,1.0,False,False,176.89965,181.90314999999998,176.28,2025-11-20 05:15:00,SL_HIT,0.012696041822255462
G_201800,GAMMA,GAMMA_HEDGE,SHORT,2025-11-20 18:00:00,163.5,CLOSED,True,160.47,1.0,False,False,161.2875,156.14249999999998,163.32,2025-11-20 19:15:00,SL_HIT,0.0011009174311927023
G_201900,GAMMA,GAMMA_HEDGE,SHORT,2025-11-20 19:00:00,161.11,CLOSED,False,161.11,1.0,False,False,163.52665,153.86005,163.97,2025-11-20 19:45:00,SL_HIT,-0.01775184656445897
G_201915,GAMMA,GAMMA_HEDGE,SHORT,2025-11-20 19:15:00,163.32,CLOSED,False,162.25,1.0,False,False,165.76979999999998,155.9706,166.19,2025-11-20 21:30:00,SL_HIT,-0.017572863090864588
G_210800,GAMMA,GAMMA_HEDGE,SHORT,2025-11-21 08:00:00,158.0,CLOSED,True,154.41,1.0,False,False,155.2,150.89,155.39,2025-11-21 10:30:00,SL_HIT,0.016518987341772238
G_211030,GAMMA,GAMMA_HEDGE,SHORT,2025-11-21 10:30:00,155.39,CLOSED,True,149.65,1.0,False,False,150.42695,148.39745,155.12,2025-11-21 12:30:00,SL_HIT,0.0017375635497778612
S_210400,SWING,SWING_HEDGE,SHORT,2025-11-21 04:00:00,163.94,CLOSED,False,149.65,1.0,False,False,168.8582,144.2672,169.31,2025-11-23 19:30:00,SL_HIT,-0.03275588629986583
G_241815,GAMMA,GAMMA_HEDGE,LONG,2025-11-24 18:15:00,175.79,CLOSED,True,179.53,1.0,False,False,178.65105,183.70055,178.49,2025-11-24 23:45:00,SL_HIT,0.015359235451390962
G_242045,GAMMA,GAMMA_HEDGE,LONG,2025-11-24 20:45:00,178.6,CLOSED,False,180.28,1.0,False,False,175.921,186.63699999999997,174.98,2025-11-25 15:00:00,SL_HIT,-0.020268756998880207
G_242100,GAMMA,GAMMA_HEDGE,LONG,2025-11-24 21:00:00,178.27,CLOSED,False,180.28,1.0,False,False,175.59595000000002,186.29215,174.98,2025-11-25 15:00:00,SL_HIT,-0.01845515229707758
G_262000,GAMMA,GAMMA_HEDGE,LONG,2025-11-26 20:00:00,186.18,CLOSED,False,187.84,1.0,False,False,183.3873,194.5581,183.05,2025-11-27 08:30:00,SL_HIT,-0.01681168761413683
G_301200,GAMMA,GAMMA_HEDGE,SHORT,2025-11-30 12:00:00,179.19,CLOSED,True,170.88,1.0,False,False,173.51595,171.12644999999998,170.88,2025-12-01 00:30:00,TP_FULL,0.046375355767620974
G_010100,GAMMA,GAMMA_HEDGE,SHORT,2025-12-01 01:00:00,171.02,CLOSED,True,165.6,1.0,False,False,166.4551,163.32410000000002,166.52,2025-12-01 07:45:00,SL_HIT,0.02631271196351304
G_010330,GAMMA,GAMMA_HEDGE,SHORT,2025-12-01 03:30:00,167.56,CLOSED,True,162.97,1.0,False,False,163.8078,160.0198,164.6,2025-12-01 15:45:00,SL_HIT,0.01766531391740277
G_012300,GAMMA,GAMMA_HEDGE,LONG,2025-12-01 23:00:00,170.95,CLOSED,False,172.55,1.0,False,False,168.38574999999997,178.64274999999998,167.62,2025-12-02 08:00:00,SL_HIT,-0.019479379935653608
S_010000,SWING,SWING_HEDGE,SHORT,2025-12-01 00:00:00,169.06,CLOSED,False,162.97,1.0,False,False,174.1318,148.7728,175.02,2025-12-02 14:30:00,SL_HIT,-0.035253756062936285
S_270600,SWING,SWING_NORMAL,SHORT,2025-11-27 06:00:00,186.51,CLOSED,True,162.97,0.39999999999999997,True,True,175.31939999999997,164.12879999999998,175.61,2025-12-02 14:45:00,SL_HIT,0.05844190660018218
G_021415,GAMMA,GAMMA_HEDGE,LONG,2025-12-02 14:15:00,173.71,CLOSED,True,182.93,1.0,False,False,178.18145,181.52695,182.93,2025-12-02 15:30:00,TP_FULL,0.05307696735939208
G_021515,GAMMA,GAMMA_HEDGE,LONG,2025-12-02 15:15:00,178.35,CLOSED,True,184.49,1.0,False,False,183.59825,186.37574999999998,183.05,2025-12-02 16:15:00,SL_HIT,0.026352677319876745
G_021615,GAMMA,GAMMA_HEDGE,LONG,2025-12-02 16:15:00,183.05,CLOSED,True,188.25,1.0,False,False,187.33475,191.28725,187.24,2025-12-02 18:15:00,SL_HIT,0.022889920786670296
G_021815,GAMMA,GAMMA_HEDGE,LONG,2025-12-02 18:15:00,187.24,CLOSED,True,191.41,1.0,False,False,190.47379999999998,195.6658,190.28,2025-12-03 01:00:00,SL_HIT,0.016235847041230465
G_021830,GAMMA,GAMMA_HEDGE,LONG,2025-12-02 18:30:00,187.76,CLOSED,True,191.41,1.0,False,False,190.4712,196.20919999999998,190.28,2025-12-03 01:00:00,SL_HIT,0.013421389007243344
G_030100,GAMMA,GAMMA_NORMAL,SHORT,2025-12-03 01:00:00,190.28,CLOSED,False,190.12,1.0,False,False,194.0856,183.62019999999998,194.48,2025-12-03 08:30:00,SL_HIT,-0.022072734916964414
G_030045,GAMMA,GAMMA_NORMAL,SHORT,2025-12-03 00:45:00,191.1,CLOSED,False,190.12,1.0,False,False,194.922,184.4115,195.13,2025-12-03 14:30:00,SL_HIT,-0.021088435374149665
G_032315,GAMMA,GAMMA_HEDGE,LONG,2025-12-03 23:15:00,199.85,CLOSED,False,199.85,1.0,False,False,196.85225,208.84324999999998,196.64,2025-12-04 00:00:00,SL_HIT,-0.016062046534901217
G_041930,GAMMA,GAMMA_HEDGE,SHORT,2025-12-04 19:30:00,190.05,CLOSED,False,190.05,1.0,False,False,192.90075,181.49775,192.92,2025-12-05 02:30:00,SL_HIT,-0.01510128913443818
G_061645,GAMMA,GAMMA_HEDGE,LONG,2025-12-06 16:45:00,189.84,CLOSED,False,189.84,1.0,False,False,186.9924,198.3828,186.83,2025-12-06 19:00:00,SL_HIT,-0.015855457227138596
G_072230,GAMMA,GAMMA_HEDGE,SHORT,2025-12-07 22:30:00,187.72,CLOSED,False,186.05,1.0,False,False,190.53579999999997,179.27259999999998,190.74,2025-12-08 01:15:00,SL_HIT,-0.016087790326017527
S_030900,SWING,SWING_NORMAL,SHORT,2025-12-03 09:00:00,192.85,CLOSED,False,182.18,1.0,False,False,204.421,169.708,204.65,2025-12-09 16:45:00,SL_HIT,-0.06118745138708847
G_100215,GAMMA,GAMMA_HEDGE,SHORT,2025-12-10 02:15:00,200.08,CLOSED,True,196.69,1.0,False,False,197.6904,191.0764,198.71,2025-12-10 12:30:00,SL_HIT,0.0068472610955617975
G_100245,GAMMA,GAMMA_HEDGE,SHORT,2025-12-10 02:45:00,200.26,CLOSED,True,196.69,1.0,False,False,197.69129999999998,191.24829999999997,198.71,2025-12-10 12:30:00,SL_HIT,0.007739938080495271
G_110015,GAMMA,GAMMA_HEDGE,SHORT,2025-12-11 00:15:00,196.72,CLOSED,True,187.81,1.0,False,False,189.2936,187.86759999999998,187.81,2025-12-11 03:30:00,TP_FULL,0.045292801952013
G_110115,GAMMA,GAMMA_HEDGE,SHORT,2025-12-11 01:15:00,193.11,CLOSED,True,187.67,1.0,False,False,188.63555,184.42005,188.78,2025-12-11 04:00:00,SL_HIT,0.02242245352389836
G_110400,GAMMA,GAMMA_HEDGE,SHORT,2025-12-11 04:00:00,188.78,CLOSED,False,188.27,1.0,False,False,191.61169999999998,180.2849,191.76,2025-12-11 13:45:00,SL_HIT,-0.01578557050535009
G_120030,GAMMA,GAMMA_HEDGE,LONG,2025-12-12 00:30:00,204.01,CLOSED,False,206.32,1.0,False,False,200.94985,213.19044999999997,200.83,2025-12-12 15:00:00,SL_HIT,-0.015587471202391935
G_121645,GAMMA,GAMMA_HEDGE,SHORT,2025-12-12 16:45:00,190.88,CLOSED,False,190.47,1.0,False,False,193.74319999999997,182.29039999999998,194.15,2025-12-13 01:00:00,SL_HIT,-0.01713118189438396
G_121700,GAMMA,GAMMA_HEDGE,SHORT,2025-12-12 17:00:00,192.75,CLOSED,False,190.47,1.0,False,False,195.64124999999999,184.07625,195.65,2025-12-13 07:45:00,SL_HIT,-0.015045395590142702
G_140530,GAMMA,GAMMA_HEDGE,SHORT,2025-12-14 05:30:00,194.27,CLOSED,True,191.31,1.0,False,False,192.28135,185.52785,192.45,2025-12-14 16:45:00,SL_HIT,0.009368404797446963
S_130400,SWING,SWING_NORMAL,LONG,2025-12-13 04:00:00,194.72,CLOSED,False,202.18,1.0,False,False,183.0368,218.08640000000003,182.44,2025-12-15 16:30:00,SL_HIT,-0.06306491372226788
G_151645,GAMMA,GAMMA_HEDGE,SHORT,2025-12-15 16:45:00,182.89,CLOSED,True,180.42,1.0,False,False,181.33444999999998,174.65994999999998,182.87,2025-12-15 18:45:00,SL_HIT,0.0001093553502104096
G_151800,GAMMA,GAMMA_HEDGE,SHORT,2025-12-15 18:00:00,181.2,CLOSED,False,181.13,1.0,False,False,183.91799999999998,173.046,184.39,2025-12-15 19:15:00,SL_HIT,-0.01760485651214127
G_151815,GAMMA,GAMMA_HEDGE,SHORT,2025-12-15 18:15:00,181.16,CLOSED,False,181.13,1.0,False,False,183.87739999999997,173.0078,184.39,2025-12-15 19:15:00,SL_HIT,-0.017829542945462518
G_152345,GAMMA,GAMMA_HEDGE,LONG,2025-12-15 23:45:00,192.95,CLOSED,False,192.95,1.0,False,False,190.05575,201.63275,189.96,2025-12-16 00:45:00,SL_HIT,-0.01549624254988329
G_160000,GAMMA,GAMMA_HEDGE,LONG,2025-12-16 00:00:00,192.45,CLOSED,False,192.45,1.0,False,False,189.56324999999998,201.11024999999998,188.67,2025-12-16 03:00:00,SL_HIT,-0.019641465315666413
S_161300,SWING,SWING_NORMAL,LONG,2025-12-16 13:00:00,185.15,CLOSED,False,191.76,1.0,False,False,174.041,207.36800000000002,173.19,2025-12-18 17:15:00,SL_HIT,-0.06459627329192551
G_190415,GAMMA,GAMMA_HEDGE,LONG,2025-12-19 04:15:00,179.34,CLOSED,True,182.92,1.0,False,False,182.02329999999998,187.41029999999998,181.77,2025-12-19 08:00:00,SL_HIT,0.013549682167949184
G_190630,GAMMA,GAMMA_HEDGE,LONG,2025-12-19 06:30:00,179.18,CLOSED,True,182.92,1.0,False,False,182.02409999999998,187.2431,181.77,2025-12-19 08:00:00,SL_HIT,0.014454738252037077
G_190730,GAMMA,GAMMA_HEDGE,LONG,2025-12-19 07:30:00,182.74,CLOSED,True,185.53,1.0,False,False,184.6163,190.9633,183.92,2025-12-19 16:45:00,SL_HIT,0.006457261683265723
G_210145,GAMMA,GAMMA_HEDGE,SHORT,2025-12-21 01:45:00,177.52,CLOSED,True,173.62,1.0,False,False,174.5076,169.5316,174.54,2025-12-21 14:30:00,SL_HIT,0.016786840919333135
S_211000,SWING,SWING_NORMAL,LONG,2025-12-21 10:00:00,178.35,CLOSED,False,179.1,1.0,False,False,167.64899999999997,199.752,167.02,2025-12-21 21:45:00,SL_HIT,-0.06352677319876639
S_212200,SWING,SWING_HEDGE,SHORT,2025-12-21 22:00:00,159.09,CLOSED,False,159.04,1.0,False,False,163.86270000000002,139.9992,165.79,2025-12-21 23:00:00,SL_HIT,-0.04211452636872203
G_212300,GAMMA,GAMMA_HEDGE,SHORT,2025-12-21 23:00:00,165.79,CLOSED,True,161.05,1.0,False,False,161.87895,158.32944999999998,163.05,2025-12-22 01:00:00,SL_HIT,0.016526931660534296
