Trade_ID,Side,Entry_Time,PnL_Pct,Wait_Time_Min,Exit_Reason,Max_Drawdown
TRD_202412231535_DIR,SHORT,2024-12-23 15:35:00,-2.5,0.0,STOP_LOSS,-8.62
TRD_202412231539,LONG,2024-12-23 15:39:00,14.87,12.0,TRAILING_WIN,-0.89
TRD_202412251550_DIR,SHORT,2024-12-25 15:50:00,-2.5,0.0,STOP_LOSS,0.0
TRD_202412272015_DIR,SHORT,2024-12-27 20:15:00,3.33,0.0,TRAILING_WIN,-4.48
TRD_202501061730_DIR,LONG,2025-01-06 17:30:00,-2.5,0.0,STOP_LOSS,-7.26
TRD_202501131635_DIR,LONG,2025-01-13 16:35:00,4.68,0.0,TRAILING_WIN,-5.42
TRD_202501150236_DIR,LONG,2025-01-15 02:36:00,5.76,0.0,TRAILING_WIN,-1.36
TRD_202501150716_DIR,SHORT,2025-01-15 07:16:00,4.22,0.0,TRAILING_WIN,-7.64
TRD_202501150800_DIR,SHORT,2025-01-15 08:00:00,-2.5,0.0,STOP_LOSS,-9.17
TRD_202501151705_DIR,SHORT,2025-01-15 17:05:00,-2.5,0.0,STOP_LOSS,-14.95
TRD_202501211139,SHORT,2025-01-21 11:39:00,1.72,37.0,TRAILING_WIN,-3.17
TRD_202501260530_DIR,LONG,2025-01-26 05:30:00,-2.5,0.0,STOP_LOSS,-5.0
TRD_202501260531_DIR,LONG,2025-01-26 05:31:00,-2.5,0.0,STOP_LOSS,-6.37
TRD_202501281205_DIR,LONG,2025-01-28 12:05:00,-2.5,0.0,STOP_LOSS,-2.9
TRD_202501281717_DIR,LONG,2025-01-28 17:17:00,-2.5,0.0,STOP_LOSS,-8.56
TRD_202501281718_DIR,LONG,2025-01-28 17:18:00,-2.5,0.0,STOP_LOSS,0.0
TRD_202501281719_DIR,LONG,2025-01-28 17:19:00,-2.5,0.0,STOP_LOSS,-11.35
TRD_202501281720_DIR,LONG,2025-01-28 17:20:00,17.59,0.0,TRAILING_WIN,-5.03
TRD_202501281747_DIR,LONG,2025-01-28 17:47:00,1.2,0.0,TRAILING_WIN,-3.54
TRD_202501302058_DIR,LONG,2025-01-30 20:58:00,4.44,0.0,TRAILING_WIN,-5.21
TRD_202501311745_DIR,SHORT,2025-01-31 17:45:00,-2.5,0.0,STOP_LOSS,-10.41
TRD_202501311749_DIR,SHORT,2025-01-31 17:49:00,16.01,0.0,TRAILING_WIN,0.0
TRD_202502012353,SHORT,2025-02-01 23:53:00,-2.5,9.0,STOP_LOSS,0.0
TRD_202502012354_DIR,LONG,2025-02-01 23:54:00,-2.5,0.0,STOP_LOSS,-28.66
TRD_202502111615_DIR,SHORT,2025-02-11 16:15:00,-2.5,0.0,STOP_LOSS,-4.96
TRD_202502111616_DIR,SHORT,2025-02-11 16:16:00,-2.5,0.0,STOP_LOSS,-12.05
TRD_202502121911_DIR,SHORT,2025-02-12 19:11:00,-2.5,0.0,STOP_LOSS,-10.85
TRD_202502281215_DIR,LONG,2025-02-28 12:15:00,-2.5,0.0,STOP_LOSS,-14.77
TRD_202502281217,SHORT,2025-02-28 12:17:00,-2.5,44.0,STOP_LOSS,-6.18
TRD_202503051306,LONG,2025-03-05 13:06:00,1.7,52.0,TRAILING_WIN,-2.65
TRD_202503091911,SHORT,2025-03-09 19:11:00,-2.5,26.0,STOP_LOSS,-9.64
TRD_202503151736,SHORT,2025-03-15 17:36:00,-2.5,35.0,STOP_LOSS,-12.13
TRD_202503160605_DIR,SHORT,2025-03-16 06:05:00,-2.5,0.0,STOP_LOSS,-3.47
TRD_202503160855_DIR,LONG,2025-03-16 08:55:00,-2.5,0.0,STOP_LOSS,-6.54
TRD_202503160859,SHORT,2025-03-16 08:59:00,10.51,38.0,TRAILING_WIN,0.0
TRD_202503171332,SHORT,2025-03-17 13:32:00,-2.5,15.0,STOP_LOSS,-4.64
TRD_202503171610_DIR,SHORT,2025-03-17 16:10:00,-2.5,0.0,STOP_LOSS,-12.4
TRD_202503171820_DIR,SHORT,2025-03-17 18:20:00,8.92,0.0,TRAILING_WIN,-3.43
TRD_202503171910_DIR,SHORT,2025-03-17 19:10:00,17.25,0.0,TRAILING_WIN,-22.06
TRD_202503172040_DIR,LONG,2025-03-17 20:40:00,-2.5,0.0,STOP_LOSS,-11.15
TRD_202503172044_DIR,LONG,2025-03-17 20:44:00,6.69,0.0,TRAILING_WIN,-8.98
TRD_202503191014_DIR,SHORT,2025-03-19 10:14:00,-2.5,0.0,STOP_LOSS,-14.66
TRD_202503191119_DIR,SHORT,2025-03-19 11:19:00,18.61,0.0,TRAILING_WIN,0.0
TRD_202503191823_DIR,LONG,2025-03-19 18:23:00,16.59,0.0,TRAILING_WIN,0.0
TRD_202503201541,LONG,2025-03-20 15:41:00,-2.5,46.0,STOP_LOSS,-14.44
TRD_202503201549_DIR,LONG,2025-03-20 15:49:00,15.71,0.0,TRAILING_WIN,-2.98
TRD_202503211545_DIR,LONG,2025-03-21 15:45:00,14.32,0.0,TRAILING_WIN,-7.84
TRD_202503270940_DIR,LONG,2025-03-27 09:40:00,1.95,0.0,TRAILING_WIN,-0.18
TRD_202503270942,LONG,2025-03-27 09:42:00,1.9,53.0,TRAILING_WIN,-0.18
TRD_202503311205_DIR,SHORT,2025-03-31 12:05:00,1.96,0.0,TRAILING_WIN,-3.02
TRD_202503311206,SHORT,2025-03-31 12:06:00,0.6,4.0,TRAILING_WIN,-3.02
TRD_202503311220_DIR,SHORT,2025-03-31 12:20:00,1.96,0.0,TRAILING_WIN,-3.02
TRD_202503311705_DIR,LONG,2025-03-31 17:05:00,2.51,0.0,TRAILING_WIN,-3.42
TRD_202503311707_DIR,LONG,2025-03-31 17:07:00,2.51,0.0,TRAILING_WIN,0.0
TRD_202503311753_DIR,LONG,2025-03-31 17:53:00,6.87,0.0,TRAILING_WIN,-7.36
TRD_202503311754_DIR,LONG,2025-03-31 17:54:00,-2.5,0.0,STOP_LOSS,-10.48
TRD_202503311757_DIR,LONG,2025-03-31 17:57:00,-2.5,0.0,STOP_LOSS,-7.24
TRD_202503311801_DIR,LONG,2025-03-31 18:01:00,2.71,0.0,TRAILING_WIN,-2.81
TRD_202503311812_DIR,LONG,2025-03-31 18:12:00,0.64,0.0,TRAILING_WIN,-0.98
TRD_202503311946_DIR,LONG,2025-03-31 19:46:00,6.5,0.0,TRAILING_WIN,-7.43
TRD_202503311952_DIR,LONG,2025-03-31 19:52:00,5.24,0.0,TRAILING_WIN,-5.59
TRD_202504010514,SHORT,2025-04-01 05:14:00,3.6,9.0,TRAILING_WIN,-5.49
TRD_202504010523_DIR,SHORT,2025-04-01 05:23:00,0.8,0.0,TRAILING_WIN,-1.05
TRD_202504010640_DIR,SHORT,2025-04-01 06:40:00,-2.5,0.0,STOP_LOSS,-2.71
TRD_202504010819_DIR,SHORT,2025-04-01 08:19:00,-2.5,0.0,STOP_LOSS,-1.96
TRD_202504011405_DIR,LONG,2025-04-01 14:05:00,3.43,0.0,TRAILING_WIN,-1.06
TRD_202504012300_DIR,LONG,2025-04-01 23:00:00,-2.5,0.0,STOP_LOSS,-2.29
TRD_202504020116,LONG,2025-04-02 01:16:00,5.77,21.0,TRAILING_WIN,-7.4
TRD_202504020244_DIR,LONG,2025-04-02 02:44:00,-2.5,0.0,STOP_LOSS,-2.42
TRD_202504020553_DIR,LONG,2025-04-02 05:53:00,0.68,0.0,TRAILING_WIN,-0.92
TRD_202504021226_DIR,LONG,2025-04-02 12:26:00,0.49,0.0,TRAILING_WIN,-1.55
TRD_202504021515_DIR,SHORT,2025-04-02 15:15:00,3.52,0.0,TRAILING_WIN,-6.89
TRD_202504021544_DIR,SHORT,2025-04-02 15:44:00,1.03,0.0,TRAILING_WIN,-1.81
TRD_202504022107_DIR,LONG,2025-04-02 21:07:00,4.2,0.0,TRAILING_WIN,-6.79
TRD_202504022203_DIR,LONG,2025-04-02 22:03:00,-2.5,0.0,STOP_LOSS,-2.56
TRD_202504022239_DIR,LONG,2025-04-02 22:39:00,0.72,0.0,TRAILING_WIN,-1.55
TRD_202504030656_DIR,LONG,2025-04-03 06:56:00,-2.5,0.0,STOP_LOSS,-3.3
TRD_202504031245_DIR,LONG,2025-04-03 12:45:00,0.72,0.0,TRAILING_WIN,-1.94
TRD_202504040153_DIR,LONG,2025-04-04 01:53:00,2.33,0.0,TRAILING_WIN,-3.56
TRD_202504041045_DIR,LONG,2025-04-04 10:45:00,-2.5,0.0,STOP_LOSS,-2.81
TRD_202504041500_DIR,SHORT,2025-04-04 15:00:00,-2.5,0.0,STOP_LOSS,-2.53
TRD_202504041655_DIR,SHORT,2025-04-04 16:55:00,7.72,0.0,TRAILING_WIN,-2.44
TRD_202504050636_DIR,LONG,2025-04-05 06:36:00,-2.5,0.0,STOP_LOSS,-0.25
TRD_202504050642_DIR,LONG,2025-04-05 06:42:00,1.29,0.0,TRAILING_WIN,-1.15
TRD_202504050906,SHORT,2025-04-05 09:06:00,-2.5,5.0,STOP_LOSS,-1.66
TRD_202504052103_DIR,LONG,2025-04-05 21:03:00,-2.5,0.0,STOP_LOSS,-0.14
TRD_202504052122,LONG,2025-04-05 21:22:00,1.62,11.0,TRAILING_WIN,-0.55
TRD_202504060657_DIR,LONG,2025-04-06 06:57:00,-2.5,0.0,STOP_LOSS,-1.33
TRD_202504061219_DIR,LONG,2025-04-06 12:19:00,-2.5,0.0,STOP_LOSS,-2.55
TRD_202504061351_DIR,LONG,2025-04-06 13:51:00,-2.5,0.0,STOP_LOSS,-4.2
TRD_202504061727_DIR,LONG,2025-04-06 17:27:00,-2.5,0.0,STOP_LOSS,-3.19
TRD_202504061821_DIR,LONG,2025-04-06 18:21:00,-2.5,0.0,STOP_LOSS,-3.93
TRD_202504061949_DIR,LONG,2025-04-06 19:49:00,-2.5,0.0,STOP_LOSS,-3.56
TRD_202504070340_DIR,LONG,2025-04-07 03:40:00,-2.5,0.0,STOP_LOSS,-3.86
TRD_202504070341,LONG,2025-04-07 03:41:00,-2.5,9.0,STOP_LOSS,-3.86
TRD_202504070630_DIR,LONG,2025-04-07 06:30:00,-2.5,0.0,STOP_LOSS,-2.81
TRD_202504070643_DIR,LONG,2025-04-07 06:43:00,-2.5,0.0,STOP_LOSS,-4.77
TRD_202504070654_DIR,LONG,2025-04-07 06:54:00,1.87,0.0,TRAILING_WIN,-0.93
TRD_202504071350_DIR,SHORT,2025-04-07 13:50:00,-2.5,0.0,STOP_LOSS,-2.39
TRD_202504071352_DIR,SHORT,2025-04-07 13:52:00,-2.5,0.0,STOP_LOSS,-2.94
TRD_202504071415_DIR,SHORT,2025-04-07 14:15:00,2.04,0.0,TRAILING_WIN,-2.29
TRD_202504072039_DIR,SHORT,2025-04-07 20:39:00,1.2,0.0,TRAILING_WIN,-2.72
TRD_202504080602_DIR,LONG,2025-04-08 06:02:00,3.35,0.0,TRAILING_WIN,-5.54
TRD_202504081130_DIR,SHORT,2025-04-08 11:30:00,3.24,0.0,TRAILING_WIN,-4.95
TRD_202504081132_DIR,SHORT,2025-04-08 11:32:00,6.84,0.0,TRAILING_WIN,-8.4
TRD_202504081325_DIR,SHORT,2025-04-08 13:25:00,0.7,0.0,TRAILING_WIN,-1.09
TRD_202504081635_DIR,LONG,2025-04-08 16:35:00,-2.5,0.0,STOP_LOSS,-2.67
TRD_202504081720_DIR,LONG,2025-04-08 17:20:00,0.62,0.0,TRAILING_WIN,-1.2
TRD_202504081935_DIR,LONG,2025-04-08 19:35:00,-2.5,0.0,STOP_LOSS,-3.04
TRD_202504090106_DIR,LONG,2025-04-09 01:06:00,-2.5,0.0,STOP_LOSS,-2.51
TRD_202504090120_DIR,LONG,2025-04-09 01:20:00,4.1,0.0,TRAILING_WIN,-1.05
TRD_202504091133_DIR,LONG,2025-04-09 11:33:00,0.91,0.0,TRAILING_WIN,-1.67
TRD_202504091700_DIR,SHORT,2025-04-09 17:00:00,-2.5,0.0,STOP_LOSS,-0.55
TRD_202504091702_DIR,SHORT,2025-04-09 17:02:00,10.11,0.0,TRAILING_WIN,-10.55
TRD_202504091721_DIR,SHORT,2025-04-09 17:21:00,-2.5,0.0,STOP_LOSS,-1.88
TRD_202504091725_DIR,SHORT,2025-04-09 17:25:00,8.37,0.0,TRAILING_WIN,-10.7
TRD_202504091728_DIR,SHORT,2025-04-09 17:28:00,7.83,0.0,TRAILING_WIN,-11.02
TRD_202504091732_DIR,SHORT,2025-04-09 17:32:00,-2.5,0.0,STOP_LOSS,-3.13
TRD_202504091757_DIR,SHORT,2025-04-09 17:57:00,-2.5,0.0,STOP_LOSS,-2.56
TRD_202504092009_DIR,SHORT,2025-04-09 20:09:00,-2.5,0.0,STOP_LOSS,-1.96
TRD_202504100030_DIR,LONG,2025-04-10 00:30:00,-2.5,0.0,STOP_LOSS,-1.59
TRD_202504100300_DIR,LONG,2025-04-10 03:00:00,-2.5,0.0,STOP_LOSS,-0.72
TRD_202504100311_DIR,LONG,2025-04-10 03:11:00,3.97,0.0,TRAILING_WIN,-4.37
TRD_202504100730_DIR,LONG,2025-04-10 07:30:00,-2.5,0.0,STOP_LOSS,-0.84
TRD_202504100734_DIR,LONG,2025-04-10 07:34:00,-2.5,0.0,STOP_LOSS,-0.81
TRD_202504101225_DIR,SHORT,2025-04-10 12:25:00,-2.5,0.0,STOP_LOSS,-1.02
TRD_202504101229_DIR,SHORT,2025-04-10 12:29:00,10.53,0.0,TRAILING_WIN,-10.84
TRD_202504101333_DIR,LONG,2025-04-10 13:33:00,-2.5,0.0,STOP_LOSS,-3.5
TRD_202504101529_DIR,LONG,2025-04-10 15:29:00,-2.5,0.0,STOP_LOSS,-2.86
TRD_202504101631,LONG,2025-04-10 16:31:00,1.0,10.0,TRAILING_WIN,-1.69
TRD_202504102032_DIR,SHORT,2025-04-10 20:32:00,5.65,0.0,TRAILING_WIN,-0.54
TRD_202504111313_DIR,LONG,2025-04-11 13:13:00,0.88,0.0,TRAILING_WIN,-0.81
TRD_202504111732_DIR,SHORT,2025-04-11 17:32:00,-2.5,0.0,STOP_LOSS,-2.64
TRD_202504120315_DIR,LONG,2025-04-12 03:15:00,-2.5,0.0,STOP_LOSS,-1.08
TRD_202504120359_DIR,LONG,2025-04-12 03:59:00,6.84,0.0,TRAILING_WIN,-7.47
TRD_202504120404_DIR,LONG,2025-04-12 04:04:00,-2.5,0.0,STOP_LOSS,-0.83
TRD_202504121110_DIR,SHORT,2025-04-12 11:10:00,-2.5,0.0,STOP_LOSS,-2.46
TRD_202504121341_DIR,SHORT,2025-04-12 13:41:00,-2.5,0.0,STOP_LOSS,-2.68
TRD_202504121430_DIR,SHORT,2025-04-12 14:30:00,-2.5,0.0,STOP_LOSS,-1.35
TRD_202504121504_DIR,SHORT,2025-04-12 15:04:00,1.8,0.0,TRAILING_WIN,-2.16
TRD_202504121620_DIR,SHORT,2025-04-12 16:20:00,4.4,0.0,TRAILING_WIN,-5.68
TRD_202504121621_DIR,SHORT,2025-04-12 16:21:00,-2.5,0.0,STOP_LOSS,-6.37
TRD_202504121714_DIR,SHORT,2025-04-12 17:14:00,5.05,0.0,TRAILING_WIN,-1.01
TRD_202504122215_DIR,SHORT,2025-04-12 22:15:00,-2.5,0.0,STOP_LOSS,-1.05
TRD_202504130036_DIR,LONG,2025-04-13 00:36:00,-2.5,0.0,STOP_LOSS,-3.25
TRD_202504131321_DIR,LONG,2025-04-13 13:21:00,7.46,0.0,TRAILING_WIN,-10.03
TRD_202504131730_DIR,SHORT,2025-04-13 17:30:00,2.33,0.0,TRAILING_WIN,-2.23
TRD_202504140015_DIR,SHORT,2025-04-14 00:15:00,-2.5,0.0,STOP_LOSS,-2.79
TRD_202504141025_DIR,SHORT,2025-04-14 10:25:00,0.59,0.0,TRAILING_WIN,-2.33
TRD_202504141537_DIR,LONG,2025-04-14 15:37:00,-2.5,0.0,STOP_LOSS,-2.99
TRD_202504141538_DIR,LONG,2025-04-14 15:38:00,1.46,0.0,TRAILING_WIN,-1.08
TRD_202504141553_DIR,LONG,2025-04-14 15:53:00,-2.5,0.0,STOP_LOSS,-4.69
TRD_202504141759_DIR,LONG,2025-04-14 17:59:00,5.77,0.0,TRAILING_WIN,-0.11
TRD_202504150330_DIR,SHORT,2025-04-15 03:30:00,-2.5,0.0,STOP_LOSS,-1.29
TRD_202504150730_DIR,SHORT,2025-04-15 07:30:00,2.81,0.0,TRAILING_WIN,-1.7
TRD_202504151419_DIR,LONG,2025-04-15 14:19:00,-2.5,0.0,STOP_LOSS,-1.8
TRD_202504151813_DIR,LONG,2025-04-15 18:13:00,-2.5,0.0,STOP_LOSS,-4.6
TRD_202504160115_DIR,SHORT,2025-04-16 01:15:00,-2.5,0.0,STOP_LOSS,-5.45
TRD_202504161250_DIR,LONG,2025-04-16 12:50:00,3.53,0.0,TRAILING_WIN,-4.85
TRD_202504161750_DIR,LONG,2025-04-16 17:50:00,0.9,0.0,TRAILING_WIN,-1.37
TRD_202504170115_DIR,SHORT,2025-04-17 01:15:00,1.85,0.0,TRAILING_WIN,-2.04
TRD_202504170445_DIR,SHORT,2025-04-17 04:45:00,2.19,0.0,TRAILING_WIN,-1.63
TRD_202504170559_DIR,SHORT,2025-04-17 05:59:00,1.37,0.0,TRAILING_WIN,-1.88
TRD_202504180801_DIR,SHORT,2025-04-18 08:01:00,0.76,0.0,TRAILING_WIN,-1.34
TRD_202504181502_DIR,LONG,2025-04-18 15:02:00,-2.5,0.0,STOP_LOSS,-0.65
TRD_202504181512_DIR,LONG,2025-04-18 15:12:00,-2.5,0.0,STOP_LOSS,-0.55
TRD_202504182128_DIR,LONG,2025-04-18 21:28:00,-2.5,0.0,STOP_LOSS,-10.36
TRD_202504192204_DIR,SHORT,2025-04-19 22:04:00,-2.5,0.0,STOP_LOSS,-6.3
TRD_202504192205_DIR,SHORT,2025-04-19 22:05:00,5.31,0.0,TRAILING_WIN,-1.06
TRD_202504200155_DIR,SHORT,2025-04-20 01:55:00,1.23,0.0,TRAILING_WIN,-1.84
TRD_202504200157_DIR,SHORT,2025-04-20 01:57:00,0.88,0.0,TRAILING_WIN,-2.12
TRD_202504200710_DIR,LONG,2025-04-20 07:10:00,-2.5,0.0,STOP_LOSS,-2.65
TRD_202504201053_DIR,LONG,2025-04-20 10:53:00,2.07,0.0,TRAILING_WIN,-1.01
TRD_202504201945_DIR,SHORT,2025-04-20 19:45:00,4.15,0.0,TRAILING_WIN,-5.4
TRD_202504210002_DIR,SHORT,2025-04-21 00:02:00,-2.5,0.0,STOP_LOSS,-2.7
TRD_202504210030_DIR,SHORT,2025-04-21 00:30:00,-2.5,0.0,STOP_LOSS,-2.33
TRD_202504211347_DIR,LONG,2025-04-21 13:47:00,-2.5,0.0,STOP_LOSS,-1.01
TRD_202504211645_DIR,LONG,2025-04-21 16:45:00,-2.5,0.0,STOP_LOSS,-3.11
TRD_202504220140_DIR,SHORT,2025-04-22 01:40:00,2.88,0.0,TRAILING_WIN,-1.94
TRD_202504220732_DIR,SHORT,2025-04-22 07:32:00,-2.5,0.0,STOP_LOSS,-3.06
TRD_202504221440_DIR,SHORT,2025-04-22 14:40:00,-2.5,0.0,STOP_LOSS,-2.81
TRD_202504221504_DIR,SHORT,2025-04-22 15:04:00,0.58,0.0,TRAILING_WIN,-1.49
TRD_202504222108_DIR,SHORT,2025-04-22 21:08:00,-2.5,0.0,STOP_LOSS,-3.31
TRD_202504222149_DIR,SHORT,2025-04-22 21:49:00,-2.5,0.0,STOP_LOSS,-0.94
TRD_202504230231,SHORT,2025-04-23 02:31:00,-2.5,11.0,STOP_LOSS,-1.09
TRD_202504230455_DIR,SHORT,2025-04-23 04:55:00,-2.5,0.0,STOP_LOSS,-3.86
TRD_202504231212_DIR,SHORT,2025-04-23 12:12:00,0.54,0.0,TRAILING_WIN,-1.29
TRD_202504232301_DIR,SHORT,2025-04-23 23:01:00,-2.5,0.0,STOP_LOSS,-4.57
TRD_202504232308_DIR,SHORT,2025-04-23 23:08:00,3.26,0.0,TRAILING_WIN,-1.02
TRD_202504240345_DIR,LONG,2025-04-24 03:45:00,-2.5,0.0,STOP_LOSS,-0.97
TRD_202504240730_DIR,LONG,2025-04-24 07:30:00,-2.5,0.0,STOP_LOSS,-0.79
TRD_202504240739_DIR,LONG,2025-04-24 07:39:00,3.61,0.0,TRAILING_WIN,-6.57
TRD_202504240840_DIR,LONG,2025-04-24 08:40:00,0.97,0.0,TRAILING_WIN,-1.0
TRD_202504241245_DIR,SHORT,2025-04-24 12:45:00,-2.5,0.0,STOP_LOSS,-0.47
TRD_202504241305,SHORT,2025-04-24 13:05:00,-2.5,10.0,STOP_LOSS,-3.85
TRD_202504241518,SHORT,2025-04-24 15:18:00,0.92,6.0,TRAILING_WIN,-2.33
TRD_202504250217_DIR,LONG,2025-04-25 02:17:00,1.25,0.0,TRAILING_WIN,-2.8
TRD_202504250249_DIR,LONG,2025-04-25 02:49:00,7.74,0.0,TRAILING_WIN,-7.25
TRD_202504250955_DIR,SHORT,2025-04-25 09:55:00,0.52,0.0,TRAILING_WIN,-1.11
TRD_202504251311,LONG,2025-04-25 13:11:00,1.74,5.0,TRAILING_WIN,-1.9
TRD_202504260044_DIR,SHORT,2025-04-26 00:44:00,4.6,0.0,TRAILING_WIN,-6.91
TRD_202504260130_DIR,SHORT,2025-04-26 01:30:00,-2.5,0.0,STOP_LOSS,-0.66
TRD_202504260133_DIR,SHORT,2025-04-26 01:33:00,1.44,0.0,TRAILING_WIN,-1.01
TRD_202504260821_DIR,SHORT,2025-04-26 08:21:00,-2.5,0.0,STOP_LOSS,-0.99
TRD_202504261145_DIR,LONG,2025-04-26 11:45:00,1.78,0.0,TRAILING_WIN,-1.58
TRD_202504262243_DIR,SHORT,2025-04-26 22:43:00,1.22,0.0,TRAILING_WIN,-2.5
TRD_202504270002_DIR,SHORT,2025-04-27 00:02:00,-2.5,0.0,STOP_LOSS,-2.61
TRD_202504270026_DIR,SHORT,2025-04-27 00:26:00,7.54,0.0,TRAILING_WIN,-9.35
TRD_202504270940_DIR,SHORT,2025-04-27 09:40:00,2.58,0.0,TRAILING_WIN,-0.46
TRD_202504271114_DIR,LONG,2025-04-27 11:14:00,2.74,0.0,TRAILING_WIN,-1.02
TRD_202504271915_DIR,SHORT,2025-04-27 19:15:00,-2.5,0.0,STOP_LOSS,-8.84
TRD_202504280010_DIR,LONG,2025-04-28 00:10:00,-2.5,0.0,STOP_LOSS,-1.93
TRD_202504280400_DIR,SHORT,2025-04-28 04:00:00,-2.5,0.0,STOP_LOSS,-2.55
TRD_202504280621_DIR,SHORT,2025-04-28 06:21:00,0.93,0.0,TRAILING_WIN,-1.87
TRD_202504281356_DIR,LONG,2025-04-28 13:56:00,0.63,0.0,TRAILING_WIN,-1.05
TRD_202504281525_DIR,LONG,2025-04-28 15:25:00,6.4,0.0,TRAILING_WIN,-0.21
TRD_202504281542_DIR,LONG,2025-04-28 15:42:00,0.69,0.0,TRAILING_WIN,-1.32
TRD_202504281941_DIR,SHORT,2025-04-28 19:41:00,1.38,0.0,TRAILING_WIN,-1.0
TRD_202504290440_DIR,LONG,2025-04-29 04:40:00,3.41,0.0,TRAILING_WIN,-1.79
TRD_202504290821_DIR,SHORT,2025-04-29 08:21:00,1.29,0.0,TRAILING_WIN,-1.65
TRD_202504292102_DIR,LONG,2025-04-29 21:02:00,-2.5,0.0,STOP_LOSS,-2.75
TRD_202504292311_DIR,LONG,2025-04-29 23:11:00,0.86,0.0,TRAILING_WIN,-1.06
TRD_202504300730_DIR,LONG,2025-04-30 07:30:00,4.95,0.0,TRAILING_WIN,-6.11
TRD_202504301210_DIR,LONG,2025-04-30 12:10:00,-2.5,0.0,STOP_LOSS,-2.56
TRD_202504301248_DIR,LONG,2025-04-30 12:48:00,2.11,0.0,TRAILING_WIN,-5.3
TRD_202504301358_DIR,LONG,2025-04-30 13:58:00,3.01,0.0,TRAILING_WIN,-4.16
TRD_202504301730_DIR,SHORT,2025-04-30 17:30:00,-2.5,0.0,STOP_LOSS,-1.76
TRD_202504302000_DIR,SHORT,2025-04-30 20:00:00,-2.5,0.0,STOP_LOSS,-1.8
TRD_202505010115_DIR,SHORT,2025-05-01 01:15:00,-2.5,0.0,STOP_LOSS,-2.34
TRD_202505011945_DIR,LONG,2025-05-01 19:45:00,-2.5,0.0,STOP_LOSS,-12.71
TRD_202505021116_DIR,LONG,2025-05-02 11:16:00,22.14,0.0,TRAILING_WIN,-9.29
TRD_202505062055_DIR,SHORT,2025-05-06 20:55:00,-2.5,0.0,STOP_LOSS,-3.47
TRD_202505062056,LONG,2025-05-06 20:56:00,3.48,26.0,TRAILING_WIN,-1.19
TRD_202505071730_DIR,LONG,2025-05-07 17:30:00,6.15,0.0,TRAILING_WIN,-6.93
TRD_202505081030_DIR,SHORT,2025-05-08 10:30:00,-2.5,0.0,STOP_LOSS,-4.27
TRD_202505100915_DIR,SHORT,2025-05-10 09:15:00,-2.5,0.0,STOP_LOSS,-4.77
TRD_202505200734,SHORT,2025-05-20 07:34:00,-2.5,34.0,STOP_LOSS,0.0
TRD_202505201215_DIR,SHORT,2025-05-20 12:15:00,-2.5,0.0,STOP_LOSS,-14.41
TRD_202505201239_DIR,SHORT,2025-05-20 12:39:00,11.72,0.0,TRAILING_WIN,0.0
TRD_202505212345_DIR,SHORT,2025-05-21 23:45:00,-2.5,0.0,STOP_LOSS,-8.47
TRD_202505221549_DIR,SHORT,2025-05-22 15:49:00,-2.5,0.0,STOP_LOSS,-3.4
TRD_202505221557_DIR,SHORT,2025-05-22 15:57:00,2.4,0.0,TRAILING_WIN,-1.19
TRD_202505221620_DIR,SHORT,2025-05-22 16:20:00,-2.5,0.0,STOP_LOSS,-2.8
TRD_202505221633_DIR,SHORT,2025-05-22 16:33:00,3.68,0.0,TRAILING_WIN,-0.5
TRD_202505230858,SHORT,2025-05-23 08:58:00,4.46,28.0,TRAILING_WIN,-1.94
TRD_202505231209_DIR,LONG,2025-05-23 12:09:00,4.98,0.0,TRAILING_WIN,-1.14
TRD_202505231259_DIR,LONG,2025-05-23 12:59:00,4.34,0.0,TRAILING_WIN,0.0
TRD_202505240540_DIR,SHORT,2025-05-24 05:40:00,2.8,0.0,TRAILING_WIN,-1.69
TRD_202505241245_DIR,LONG,2025-05-24 12:45:00,-2.5,0.0,STOP_LOSS,-5.1
TRD_202505241256_DIR,LONG,2025-05-24 12:56:00,-2.5,0.0,STOP_LOSS,-8.83
TRD_202505241517_DIR,LONG,2025-05-24 15:17:00,13.32,0.0,TRAILING_WIN,-1.92
TRD_202505250000_DIR,LONG,2025-05-25 00:00:00,-2.5,0.0,STOP_LOSS,-2.9
TRD_202505250042_DIR,LONG,2025-05-25 00:42:00,2.36,0.0,TRAILING_WIN,0.0
TRD_202505250053_DIR,LONG,2025-05-25 00:53:00,7.96,0.0,TRAILING_WIN,-1.0
TRD_202505251625_DIR,LONG,2025-05-25 16:25:00,2.28,0.0,TRAILING_WIN,-1.21
TRD_202505251636,LONG,2025-05-25 16:36:00,-2.5,15.0,STOP_LOSS,-5.34
TRD_202505252219_DIR,LONG,2025-05-25 22:19:00,12.8,0.0,TRAILING_WIN,-8.76
TRD_202505260210_DIR,SHORT,2025-05-26 02:10:00,-2.5,0.0,STOP_LOSS,-5.12
TRD_202505260214_DIR,SHORT,2025-05-26 02:14:00,8.1,0.0,TRAILING_WIN,-4.78
TRD_202505261615_DIR,SHORT,2025-05-26 16:15:00,-2.5,0.0,STOP_LOSS,-2.66
TRD_202505261625_DIR,SHORT,2025-05-26 16:25:00,3.31,0.0,TRAILING_WIN,-1.02
TRD_202505270911,SHORT,2025-05-27 09:11:00,0.87,35.0,TRAILING_WIN,-3.28
TRD_202505272056_DIR,SHORT,2025-05-27 20:56:00,-2.5,0.0,STOP_LOSS,-3.69
TRD_202505272058_DIR,SHORT,2025-05-27 20:58:00,2.85,0.0,TRAILING_WIN,-0.94
TRD_202505280005_DIR,LONG,2025-05-28 00:05:00,-2.5,0.0,STOP_LOSS,-4.24
TRD_202505280015_DIR,LONG,2025-05-28 00:15:00,4.29,0.0,TRAILING_WIN,-6.14
TRD_202505280635_DIR,LONG,2025-05-28 06:35:00,2.05,0.0,TRAILING_WIN,-1.06
TRD_202505280722_DIR,LONG,2025-05-28 07:22:00,1.9,0.0,TRAILING_WIN,-2.68
TRD_202505280845_DIR,LONG,2025-05-28 08:45:00,1.21,0.0,TRAILING_WIN,-2.35
TRD_202505281610_DIR,LONG,2025-05-28 16:10:00,5.8,0.0,TRAILING_WIN,-2.43
TRD_202505291220_DIR,LONG,2025-05-29 12:20:00,-2.5,0.0,STOP_LOSS,-7.54
TRD_202505291223_DIR,LONG,2025-05-29 12:23:00,-2.5,0.0,STOP_LOSS,-3.12
TRD_202505301300_DIR,LONG,2025-05-30 13:00:00,-2.5,0.0,STOP_LOSS,-3.11
TRD_202505301430_DIR,LONG,2025-05-30 14:30:00,4.95,0.0,TRAILING_WIN,-0.54
TRD_202505302147,SHORT,2025-05-30 21:47:00,-2.5,53.0,STOP_LOSS,-10.47
TRD_202505310656_DIR,SHORT,2025-05-31 06:56:00,8.96,0.0,TRAILING_WIN,-0.07
TRD_202505311656_DIR,SHORT,2025-05-31 16:56:00,2.87,0.0,TRAILING_WIN,-0.3
TRD_202506020319_DIR,SHORT,2025-06-02 03:19:00,1.86,0.0,TRAILING_WIN,-4.54
TRD_202506020324_DIR,SHORT,2025-06-02 03:24:00,2.42,0.0,TRAILING_WIN,-2.09
TRD_202506022005_DIR,SHORT,2025-06-02 20:05:00,0.76,0.0,TRAILING_WIN,-1.79
TRD_202506031205_DIR,SHORT,2025-06-03 12:05:00,4.17,0.0,TRAILING_WIN,-3.25
TRD_202506031535_DIR,SHORT,2025-06-03 15:35:00,-2.5,0.0,STOP_LOSS,-5.22
TRD_202506031537_DIR,SHORT,2025-06-03 15:37:00,1.37,0.0,TRAILING_WIN,-1.57
TRD_202506041458,LONG,2025-06-04 14:58:00,8.17,58.0,TRAILING_WIN,-9.7
TRD_202506042230_DIR,LONG,2025-06-04 22:30:00,-2.5,0.0,STOP_LOSS,-10.57
TRD_202506051005_DIR,LONG,2025-06-05 10:05:00,-2.5,0.0,STOP_LOSS,-9.43
TRD_202506051006_DIR,LONG,2025-06-05 10:06:00,4.6,0.0,TRAILING_WIN,-1.09
TRD_202506051904_DIR,SHORT,2025-06-05 19:04:00,4.74,0.0,TRAILING_WIN,-1.55
TRD_202506060110_DIR,SHORT,2025-06-06 01:10:00,-2.5,0.0,STOP_LOSS,-9.82
TRD_202506060112_DIR,SHORT,2025-06-06 01:12:00,2.98,0.0,TRAILING_WIN,-4.11
TRD_202506060519_DIR,LONG,2025-06-06 05:19:00,9.5,0.0,TRAILING_WIN,-2.89
TRD_202506061217_DIR,LONG,2025-06-06 12:17:00,-2.5,0.0,STOP_LOSS,-2.51
TRD_202506070056,LONG,2025-06-07 00:56:00,9.34,56.0,TRAILING_WIN,-9.49
TRD_202506071325_DIR,SHORT,2025-06-07 13:25:00,-2.5,0.0,STOP_LOSS,-2.51
TRD_202506071326,LONG,2025-06-07 13:26:00,10.15,26.0,TRAILING_WIN,-2.86
TRD_202506072347,LONG,2025-06-07 23:47:00,0.88,47.0,TRAILING_WIN,-2.76
TRD_202506090755_DIR,SHORT,2025-06-09 07:55:00,-2.5,0.0,STOP_LOSS,-4.59
TRD_202506091700_DIR,LONG,2025-06-09 17:00:00,-2.5,0.0,STOP_LOSS,-4.69
TRD_202506091710_DIR,LONG,2025-06-09 17:10:00,6.16,0.0,TRAILING_WIN,0.0
TRD_202506092233,SHORT,2025-06-09 22:33:00,1.27,37.0,TRAILING_WIN,-3.38
TRD_202506092335_DIR,SHORT,2025-06-09 23:35:00,-2.5,0.0,STOP_LOSS,-4.22
TRD_202506092351_DIR,SHORT,2025-06-09 23:51:00,-2.5,0.0,STOP_LOSS,-2.77
TRD_202506101101,SHORT,2025-06-10 11:01:00,2.05,16.0,TRAILING_WIN,-1.49
TRD_202506101300_DIR,SHORT,2025-06-10 13:00:00,-2.5,0.0,STOP_LOSS,-3.6
TRD_202506101309_DIR,SHORT,2025-06-10 13:09:00,8.49,0.0,TRAILING_WIN,-9.95
TRD_202506102130_DIR,LONG,2025-06-10 21:30:00,1.84,0.0,TRAILING_WIN,-1.49
TRD_202506110926,SHORT,2025-06-11 09:26:00,-2.5,26.0,STOP_LOSS,-2.88
TRD_202506120128,LONG,2025-06-12 01:28:00,-2.5,51.0,STOP_LOSS,-3.03
TRD_202506122055_DIR,SHORT,2025-06-12 20:55:00,1.63,0.0,TRAILING_WIN,-2.68
TRD_202506140316,SHORT,2025-06-14 03:16:00,-2.5,15.0,STOP_LOSS,-0.54
TRD_202506140715_DIR,SHORT,2025-06-14 07:15:00,2.64,0.0,TRAILING_WIN,0.0
TRD_202506140730_DIR,LONG,2025-06-14 07:30:00,-2.5,0.0,STOP_LOSS,0.0
TRD_202506140815_DIR,LONG,2025-06-14 08:15:00,1.49,0.0,TRAILING_WIN,-3.2
TRD_202506140855_DIR,LONG,2025-06-14 08:55:00,6.12,0.0,TRAILING_WIN,0.0
TRD_202506141300_DIR,LONG,2025-06-14 13:00:00,-2.5,0.0,STOP_LOSS,-9.63
TRD_202506141332_DIR,LONG,2025-06-14 13:32:00,0.55,0.0,TRAILING_WIN,-1.03
TRD_202506141442,LONG,2025-06-14 14:42:00,6.56,47.0,TRAILING_WIN,0.0
TRD_202506150225_DIR,SHORT,2025-06-15 02:25:00,0.98,0.0,TRAILING_WIN,-0.89
TRD_202506152016_DIR,LONG,2025-06-15 20:16:00,2.97,0.0,TRAILING_WIN,-2.75
TRD_202506161100_DIR,LONG,2025-06-16 11:00:00,0.94,0.0,TRAILING_WIN,-1.9
TRD_202506162130_DIR,LONG,2025-06-16 21:30:00,-2.5,0.0,STOP_LOSS,-2.96
TRD_202506162300_DIR,LONG,2025-06-16 23:00:00,-2.5,0.0,STOP_LOSS,-2.58
TRD_202506170010_DIR,LONG,2025-06-17 00:10:00,6.05,0.0,TRAILING_WIN,-6.45
TRD_202506170011,LONG,2025-06-17 00:11:00,6.03,7.0,TRAILING_WIN,-6.45
TRD_202506171200_DIR,LONG,2025-06-17 12:00:00,11.47,0.0,TRAILING_WIN,-11.19
TRD_202506171207_DIR,LONG,2025-06-17 12:07:00,-2.5,0.0,STOP_LOSS,-14.25
TRD_202506171231_DIR,LONG,2025-06-17 12:31:00,5.56,0.0,TRAILING_WIN,-3.5
TRD_202506200930_DIR,SHORT,2025-06-20 09:30:00,7.16,0.0,TRAILING_WIN,-2.3
TRD_202506212209,LONG,2025-06-21 22:09:00,-2.5,44.0,STOP_LOSS,-15.56
TRD_202507040145_DIR,LONG,2025-07-04 01:45:00,-2.5,0.0,STOP_LOSS,-12.54
TRD_202507040828_DIR,LONG,2025-07-04 08:28:00,6.55,0.0,TRAILING_WIN,-7.08
TRD_202507160443_DIR,SHORT,2025-07-16 04:43:00,-2.5,0.0,STOP_LOSS,-3.48
TRD_202507171047,SHORT,2025-07-17 10:47:00,2.65,35.0,TRAILING_WIN,0.0
TRD_202507171340_DIR,SHORT,2025-07-17 13:40:00,-2.5,0.0,STOP_LOSS,-5.0
TRD_202507201200_DIR,LONG,2025-07-20 12:00:00,-2.5,0.0,STOP_LOSS,-5.38
TRD_202507211109_DIR,LONG,2025-07-21 11:09:00,4.62,0.0,TRAILING_WIN,-5.07
TRD_202507211146_DIR,LONG,2025-07-21 11:46:00,-2.5,0.0,STOP_LOSS,-3.52
TRD_202507211149_DIR,LONG,2025-07-21 11:49:00,8.09,0.0,TRAILING_WIN,-5.38
TRD_202507251630_DIR,LONG,2025-07-25 16:30:00,5.28,0.0,TRAILING_WIN,-3.56
TRD_202507281810_DIR,LONG,2025-07-28 18:10:00,3.03,0.0,TRAILING_WIN,0.0
TRD_202507281819,LONG,2025-07-28 18:19:00,2.68,11.0,TRAILING_WIN,0.0
TRD_202508011400_DIR,SHORT,2025-08-01 14:00:00,-2.5,0.0,STOP_LOSS,-11.55
TRD_202508011403_DIR,SHORT,2025-08-01 14:03:00,9.46,0.0,TRAILING_WIN,0.0
TRD_202508020315_DIR,SHORT,2025-08-02 03:15:00,-2.5,0.0,STOP_LOSS,0.0
TRD_202508020902_DIR,SHORT,2025-08-02 09:02:00,-2.5,0.0,STOP_LOSS,-8.04
TRD_202508021824_DIR,SHORT,2025-08-02 18:24:00,-2.5,0.0,STOP_LOSS,-10.87
TRD_202508121040_DIR,LONG,2025-08-12 10:40:00,1.41,0.0,TRAILING_WIN,-2.39
TRD_202508122023_DIR,SHORT,2025-08-12 20:23:00,-2.5,0.0,STOP_LOSS,-2.2
TRD_202508130009_DIR,SHORT,2025-08-13 00:09:00,-2.5,0.0,STOP_LOSS,-0.91
TRD_202508141445_DIR,LONG,2025-08-14 14:45:00,-2.5,0.0,STOP_LOSS,-4.47
TRD_202508141727_DIR,LONG,2025-08-14 17:27:00,3.63,0.0,TRAILING_WIN,-0.07
TRD_202508151120_DIR,LONG,2025-08-15 11:20:00,-2.5,0.0,STOP_LOSS,-2.93
TRD_202508151501_DIR,LONG,2025-08-15 15:01:00,-2.5,0.0,STOP_LOSS,-0.4
TRD_202508151522_DIR,LONG,2025-08-15 15:22:00,-2.5,0.0,STOP_LOSS,-0.41
TRD_202508151535_DIR,LONG,2025-08-15 15:35:00,-2.5,0.0,STOP_LOSS,-0.87
TRD_202508151543_DIR,LONG,2025-08-15 15:43:00,1.3,0.0,TRAILING_WIN,-2.47
TRD_202508151845_DIR,LONG,2025-08-15 18:45:00,-2.5,0.0,STOP_LOSS,-3.2
TRD_202508151857_DIR,LONG,2025-08-15 18:57:00,2.67,0.0,TRAILING_WIN,0.0
TRD_202508151920_DIR,LONG,2025-08-15 19:20:00,-2.5,0.0,STOP_LOSS,-0.02
TRD_202508151921_DIR,LONG,2025-08-15 19:21:00,-2.5,0.0,STOP_LOSS,-3.6
TRD_202508151924_DIR,LONG,2025-08-15 19:24:00,3.03,0.0,TRAILING_WIN,0.0
TRD_202508160649,LONG,2025-08-16 06:49:00,-2.5,19.0,STOP_LOSS,-1.44
TRD_202508161240_DIR,LONG,2025-08-16 12:40:00,-2.5,0.0,STOP_LOSS,-2.31
TRD_202508162315_DIR,SHORT,2025-08-16 23:15:00,-2.5,0.0,STOP_LOSS,-5.7
TRD_202508162318_DIR,SHORT,2025-08-16 23:18:00,3.02,0.0,TRAILING_WIN,-4.06
TRD_202508170856,SHORT,2025-08-17 08:56:00,-2.5,56.0,STOP_LOSS,0.0
TRD_202508170910_DIR,SHORT,2025-08-17 09:10:00,-2.5,0.0,STOP_LOSS,-0.16
TRD_202508170913_DIR,SHORT,2025-08-17 09:13:00,-2.5,0.0,STOP_LOSS,-2.66
TRD_202508171002_DIR,SHORT,2025-08-17 10:02:00,1.06,0.0,TRAILING_WIN,-1.67
TRD_202508180231_DIR,LONG,2025-08-18 02:31:00,-2.5,0.0,STOP_LOSS,-3.52
TRD_202508180255_DIR,LONG,2025-08-18 02:55:00,2.61,0.0,TRAILING_WIN,-0.05
TRD_202508180900_DIR,SHORT,2025-08-18 09:00:00,3.55,0.0,TRAILING_WIN,-4.55
TRD_202508181400_DIR,LONG,2025-08-18 14:00:00,1.6,0.0,TRAILING_WIN,-4.5
TRD_202508190030_DIR,LONG,2025-08-19 00:30:00,-2.5,0.0,STOP_LOSS,-0.43
TRD_202508191045_DIR,SHORT,2025-08-19 10:45:00,0.88,0.0,TRAILING_WIN,-0.94
TRD_202508191047,SHORT,2025-08-19 10:47:00,0.73,17.0,TRAILING_WIN,-0.94
TRD_202508191424_DIR,LONG,2025-08-19 14:24:00,-2.5,0.0,STOP_LOSS,-2.59
TRD_202508191900_DIR,LONG,2025-08-19 19:00:00,2.31,0.0,TRAILING_WIN,-3.64
TRD_202508191910_DIR,LONG,2025-08-19 19:10:00,2.74,0.0,TRAILING_WIN,-2.49
TRD_202508192115_DIR,SHORT,2025-08-19 21:15:00,-2.5,0.0,STOP_LOSS,-3.46
TRD_202508200330_DIR,SHORT,2025-08-20 03:30:00,-2.5,0.0,STOP_LOSS,-3.15
TRD_202508201507_DIR,SHORT,2025-08-20 15:07:00,-2.5,0.0,STOP_LOSS,-2.43
TRD_202508210130_DIR,SHORT,2025-08-21 01:30:00,2.0,0.0,TRAILING_WIN,-3.79
TRD_202508210920_DIR,LONG,2025-08-21 09:20:00,1.3,0.0,TRAILING_WIN,-3.36
TRD_202508220804_DIR,SHORT,2025-08-22 08:04:00,2.71,0.0,TRAILING_WIN,-1.2
TRD_202508221405_DIR,SHORT,2025-08-22 14:05:00,-2.5,0.0,STOP_LOSS,-2.97
TRD_202508221413_DIR,SHORT,2025-08-22 14:13:00,0.76,0.0,TRAILING_WIN,-1.04
TRD_202508221433_DIR,SHORT,2025-08-22 14:33:00,-2.5,0.0,STOP_LOSS,-2.34
TRD_202508221725_DIR,SHORT,2025-08-22 17:25:00,-2.5,0.0,STOP_LOSS,-3.06
TRD_202508221844_DIR,SHORT,2025-08-22 18:44:00,-2.5,0.0,STOP_LOSS,-3.44
TRD_202508230047_DIR,SHORT,2025-08-23 00:47:00,0.95,0.0,TRAILING_WIN,-2.61
TRD_202508230831,LONG,2025-08-23 08:31:00,3.86,13.0,TRAILING_WIN,-0.97
TRD_202508231315_DIR,SHORT,2025-08-23 13:15:00,-2.5,0.0,STOP_LOSS,-2.55
TRD_202508231333_DIR,SHORT,2025-08-23 13:33:00,0.9,0.0,TRAILING_WIN,-1.49
TRD_202508231401,SHORT,2025-08-23 14:01:00,-2.5,3.0,STOP_LOSS,-3.06
TRD_202508231418_DIR,SHORT,2025-08-23 14:18:00,-2.5,0.0,STOP_LOSS,-2.63
TRD_202508231432_DIR,SHORT,2025-08-23 14:32:00,3.26,0.0,TRAILING_WIN,-1.47
TRD_202508240745_DIR,LONG,2025-08-24 07:45:00,0.82,0.0,TRAILING_WIN,-1.09
TRD_202508241015_DIR,LONG,2025-08-24 10:15:00,0.82,0.0,TRAILING_WIN,-0.94
TRD_202508241510_DIR,SHORT,2025-08-24 15:10:00,1.32,0.0,TRAILING_WIN,-2.71
TRD_202508241516,SHORT,2025-08-24 15:16:00,1.31,10.0,TRAILING_WIN,-2.71
TRD_202508250014_DIR,LONG,2025-08-25 00:14:00,1.92,0.0,TRAILING_WIN,-1.16
TRD_202508250400_DIR,LONG,2025-08-25 04:00:00,-2.5,0.0,STOP_LOSS,-2.66
TRD_202508250649_DIR,LONG,2025-08-25 06:49:00,3.19,0.0,TRAILING_WIN,-5.99
TRD_202508251419,LONG,2025-08-25 14:19:00,-2.5,49.0,STOP_LOSS,-11.93
TRD_202508252020_DIR,LONG,2025-08-25 20:20:00,7.57,0.0,TRAILING_WIN,-8.83
TRD_202508252340_DIR,LONG,2025-08-25 23:40:00,-2.5,0.0,STOP_LOSS,-8.1
TRD_202508252343_DIR,LONG,2025-08-25 23:43:00,19.58,0.0,TRAILING_WIN,-8.95
TRD_202508261235_DIR,SHORT,2025-08-26 12:35:00,1.05,0.0,TRAILING_WIN,-1.63
TRD_202508261945_DIR,SHORT,2025-08-26 19:45:00,0.96,0.0,TRAILING_WIN,-1.83
TRD_202508280445_DIR,SHORT,2025-08-28 04:45:00,8.68,0.0,TRAILING_WIN,-9.31
TRD_202508281900_DIR,LONG,2025-08-28 19:00:00,8.95,0.0,TRAILING_WIN,-1.14
TRD_202508290615_DIR,LONG,2025-08-29 06:15:00,-2.5,0.0,STOP_LOSS,-1.08
TRD_202508290645_DIR,LONG,2025-08-29 06:45:00,-2.5,0.0,STOP_LOSS,-9.92
TRD_202508290648_DIR,LONG,2025-08-29 06:48:00,14.91,0.0,TRAILING_WIN,-4.21
TRD_202508290649,LONG,2025-08-29 06:49:00,-2.5,7.0,STOP_LOSS,-0.54
TRD_202508290653_DIR,LONG,2025-08-29 06:53:00,9.96,0.0,TRAILING_WIN,-0.1
TRD_202508290709_DIR,LONG,2025-08-29 07:09:00,-2.5,0.0,STOP_LOSS,-0.78
TRD_202508290756_DIR,LONG,2025-08-29 07:56:00,-2.5,0.0,STOP_LOSS,-0.14
TRD_202508290805_DIR,LONG,2025-08-29 08:05:00,4.66,0.0,TRAILING_WIN,-5.29
TRD_202508290900_DIR,LONG,2025-08-29 09:00:00,-2.5,0.0,STOP_LOSS,-10.42
TRD_202508290901_DIR,LONG,2025-08-29 09:01:00,10.32,0.0,TRAILING_WIN,-7.3
TRD_202508290902_DIR,LONG,2025-08-29 09:02:00,6.16,0.0,TRAILING_WIN,-6.75
TRD_202508290903_DIR,LONG,2025-08-29 09:03:00,16.73,0.0,TRAILING_WIN,-15.19
TRD_202508290904_DIR,LONG,2025-08-29 09:04:00,16.88,0.0,TRAILING_WIN,-9.03
TRD_202508290912_DIR,LONG,2025-08-29 09:12:00,20.96,0.0,TRAILING_WIN,-9.12
TRD_202508291015_DIR,LONG,2025-08-29 10:15:00,18.26,0.0,TRAILING_WIN,-9.1
TRD_202508292116_DIR,SHORT,2025-08-29 21:16:00,1.03,0.0,TRAILING_WIN,-2.61
TRD_202508292124_DIR,SHORT,2025-08-29 21:24:00,1.38,0.0,TRAILING_WIN,-2.64
TRD_202508292129_DIR,SHORT,2025-08-29 21:29:00,1.6,0.0,TRAILING_WIN,-3.01
TRD_202508292133_DIR,SHORT,2025-08-29 21:33:00,1.95,0.0,TRAILING_WIN,-3.29
TRD_202508292138_DIR,SHORT,2025-08-29 21:38:00,2.2,0.0,TRAILING_WIN,-3.42
TRD_202508292139_DIR,SHORT,2025-08-29 21:39:00,2.36,0.0,TRAILING_WIN,-3.63
TRD_202508292144_DIR,SHORT,2025-08-29 21:44:00,2.54,0.0,TRAILING_WIN,0.0
TRD_202508292159_DIR,SHORT,2025-08-29 21:59:00,4.84,0.0,TRAILING_WIN,-2.6
TRD_202508300207_DIR,LONG,2025-08-30 02:07:00,1.0,0.0,TRAILING_WIN,-2.42
TRD_202508300630_DIR,SHORT,2025-08-30 06:30:00,1.47,0.0,TRAILING_WIN,-3.06
TRD_202508300632_DIR,SHORT,2025-08-30 06:32:00,2.0,0.0,TRAILING_WIN,-3.09
TRD_202508300633_DIR,SHORT,2025-08-30 06:33:00,2.02,0.0,TRAILING_WIN,-0.2
TRD_202508300821_DIR,LONG,2025-08-30 08:21:00,-2.5,0.0,STOP_LOSS,-2.7
TRD_202508300829_DIR,LONG,2025-08-30 08:29:00,1.73,0.0,TRAILING_WIN,-0.01
TRD_202508301315_DIR,LONG,2025-08-30 13:15:00,0.53,0.0,TRAILING_WIN,-3.16
TRD_202508310017_DIR,LONG,2025-08-31 00:17:00,-2.5,0.0,STOP_LOSS,-3.5
TRD_202508310019_DIR,LONG,2025-08-31 00:19:00,3.01,0.0,TRAILING_WIN,-0.25
TRD_202508310053_DIR,LONG,2025-08-31 00:53:00,3.18,0.0,TRAILING_WIN,-4.05
TRD_202508310054_DIR,LONG,2025-08-31 00:54:00,3.47,0.0,TRAILING_WIN,0.0
TRD_202508311400_DIR,LONG,2025-08-31 14:00:00,-2.5,0.0,STOP_LOSS,-4.34
TRD_202508311401_DIR,LONG,2025-08-31 14:01:00,3.11,0.0,TRAILING_WIN,-0.04
TRD_202508311823_DIR,LONG,2025-08-31 18:23:00,3.38,0.0,TRAILING_WIN,-4.23
TRD_202508311825_DIR,LONG,2025-08-31 18:25:00,3.37,0.0,TRAILING_WIN,-4.24
TRD_202508311826_DIR,LONG,2025-08-31 18:26:00,3.5,0.0,TRAILING_WIN,-4.34
TRD_202508311844_DIR,LONG,2025-08-31 18:44:00,3.75,0.0,TRAILING_WIN,0.0
TRD_202509010001_DIR,LONG,2025-09-01 00:01:00,1.97,0.0,TRAILING_WIN,0.0
TRD_202509010003_DIR,LONG,2025-09-01 00:03:00,11.29,0.0,TRAILING_WIN,-4.3
TRD_202509010018_DIR,LONG,2025-09-01 00:18:00,-2.5,0.0,STOP_LOSS,-10.78
TRD_202509010026_DIR,LONG,2025-09-01 00:26:00,10.04,0.0,TRAILING_WIN,-2.19
TRD_202509010101_DIR,LONG,2025-09-01 01:01:00,10.26,0.0,TRAILING_WIN,-1.19
TRD_202509010554_DIR,LONG,2025-09-01 05:54:00,9.82,0.0,TRAILING_WIN,-9.89
TRD_202509010931_DIR,LONG,2025-09-01 09:31:00,9.76,0.0,TRAILING_WIN,-10.22
TRD_202509010938_DIR,LONG,2025-09-01 09:38:00,10.0,0.0,TRAILING_WIN,-0.58
TRD_202509011124_DIR,LONG,2025-09-01 11:24:00,9.99,0.0,TRAILING_WIN,-10.02
TRD_202509011131_DIR,LONG,2025-09-01 11:31:00,9.91,0.0,TRAILING_WIN,-10.06
TRD_202509011801,LONG,2025-09-01 18:01:00,0.49,31.0,TRAILING_WIN,-1.33
TRD_202509012035_DIR,LONG,2025-09-01 20:35:00,-2.5,0.0,STOP_LOSS,-3.01
TRD_202509012141_DIR,LONG,2025-09-01 21:41:00,2.07,0.0,TRAILING_WIN,-2.96
TRD_202509012300_DIR,LONG,2025-09-01 23:00:00,-2.5,0.0,STOP_LOSS,-9.64
TRD_202509012301_DIR,LONG,2025-09-01 23:01:00,12.31,0.0,TRAILING_WIN,-1.42
TRD_202509020615_DIR,SHORT,2025-09-02 06:15:00,-2.5,0.0,STOP_LOSS,0.0
TRD_202509020617_DIR,SHORT,2025-09-02 06:17:00,0.53,0.0,TRAILING_WIN,-1.48
TRD_202509020618_DIR,SHORT,2025-09-02 06:18:00,1.01,0.0,TRAILING_WIN,-1.07
TRD_202509021200_DIR,LONG,2025-09-02 12:00:00,0.99,0.0,TRAILING_WIN,-2.64
TRD_202509030604_DIR,LONG,2025-09-03 06:04:00,1.57,0.0,TRAILING_WIN,-0.99
TRD_202509031310_DIR,SHORT,2025-09-03 13:10:00,-2.5,0.0,STOP_LOSS,-2.81
TRD_202509040055_DIR,LONG,2025-09-04 00:55:00,-2.5,0.0,STOP_LOSS,-1.42
TRD_202509040621_DIR,LONG,2025-09-04 06:21:00,-2.5,0.0,STOP_LOSS,-4.02
TRD_202509041530_DIR,LONG,2025-09-04 15:30:00,-2.5,0.0,STOP_LOSS,-3.04
TRD_202509051426_DIR,LONG,2025-09-05 14:26:00,-2.5,0.0,STOP_LOSS,-3.05
TRD_202509072114_DIR,SHORT,2025-09-07 21:14:00,-2.5,0.0,STOP_LOSS,-3.77
TRD_202509090720_DIR,SHORT,2025-09-09 07:20:00,1.4,0.0,TRAILING_WIN,-1.16
TRD_202509090721,SHORT,2025-09-09 07:21:00,1.4,2.0,TRAILING_WIN,-1.16
TRD_202509091435_DIR,LONG,2025-09-09 14:35:00,0.68,0.0,TRAILING_WIN,-3.26
TRD_202509101406_DIR,SHORT,2025-09-10 14:06:00,-2.5,0.0,STOP_LOSS,-2.27
TRD_202509101905_DIR,LONG,2025-09-10 19:05:00,5.28,0.0,TRAILING_WIN,-6.31
TRD_202509101920_DIR,LONG,2025-09-10 19:20:00,9.34,0.0,TRAILING_WIN,-7.95
TRD_202509110348_DIR,SHORT,2025-09-11 03:48:00,-2.5,0.0,STOP_LOSS,-4.12
TRD_202509120544_DIR,SHORT,2025-09-12 05:44:00,0.53,0.0,TRAILING_WIN,-0.95
TRD_202509121710_DIR,SHORT,2025-09-12 17:10:00,0.57,0.0,TRAILING_WIN,-3.14
TRD_202509140050_DIR,LONG,2025-09-14 00:50:00,-2.5,0.0,STOP_LOSS,-3.13
TRD_202509141321_DIR,LONG,2025-09-14 13:21:00,-2.5,0.0,STOP_LOSS,-3.92
TRD_202509151534_DIR,LONG,2025-09-15 15:34:00,-2.5,0.0,STOP_LOSS,-2.27
TRD_202509161345_DIR,LONG,2025-09-16 13:45:00,1.43,0.0,TRAILING_WIN,-1.9
TRD_202509162058_DIR,SHORT,2025-09-16 20:58:00,1.07,0.0,TRAILING_WIN,-1.15
TRD_202509171335_DIR,LONG,2025-09-17 13:35:00,1.16,0.0,TRAILING_WIN,-2.34
TRD_202509172145_DIR,SHORT,2025-09-17 21:45:00,-2.5,0.0,STOP_LOSS,-2.64
TRD_202509180310_DIR,SHORT,2025-09-18 03:10:00,0.95,0.0,TRAILING_WIN,-1.2
TRD_202509181400_DIR,SHORT,2025-09-18 14:00:00,0.97,0.0,TRAILING_WIN,-2.0
TRD_202509190605_DIR,LONG,2025-09-19 06:05:00,-2.5,0.0,STOP_LOSS,-3.65
TRD_202509192315_DIR,LONG,2025-09-19 23:15:00,-2.5,0.0,STOP_LOSS,-2.6
TRD_202509220030_DIR,LONG,2025-09-22 00:30:00,-2.5,0.0,STOP_LOSS,-2.52
TRD_202509220230_DIR,LONG,2025-09-22 02:30:00,-2.5,0.0,STOP_LOSS,-3.94
TRD_202509220600_DIR,LONG,2025-09-22 06:00:00,2.15,0.0,TRAILING_WIN,-3.78
TRD_202509220601_DIR,LONG,2025-09-22 06:01:00,-2.5,0.0,STOP_LOSS,-5.5
TRD_202509220602_DIR,LONG,2025-09-22 06:02:00,0.91,0.0,TRAILING_WIN,0.0
TRD_202509220603_DIR,LONG,2025-09-22 06:03:00,0.68,0.0,TRAILING_WIN,-1.01
TRD_202509220608_DIR,LONG,2025-09-22 06:08:00,0.58,0.0,TRAILING_WIN,-1.04
TRD_202509220636,LONG,2025-09-22 06:36:00,0.62,6.0,TRAILING_WIN,-2.71
TRD_202509231225,SHORT,2025-09-23 12:25:00,-2.5,20.0,STOP_LOSS,-2.71
TRD_202509231216_DIR,SHORT,2025-09-23 12:16:00,-2.5,0.0,STOP_LOSS,-3.08
TRD_202509231430_DIR,SHORT,2025-09-23 14:30:00,0.61,0.0,TRAILING_WIN,-1.39
TRD_202509231855_DIR,LONG,2025-09-23 18:55:00,1.22,0.0,TRAILING_WIN,-2.79
TRD_202509231856,LONG,2025-09-23 18:56:00,1.22,7.0,TRAILING_WIN,-2.79
TRD_202509250020_DIR,LONG,2025-09-25 00:20:00,-2.5,0.0,STOP_LOSS,-2.56
TRD_202509250335_DIR,LONG,2025-09-25 03:35:00,-2.5,0.0,STOP_LOSS,-2.81
TRD_202509251216_DIR,LONG,2025-09-25 12:16:00,1.05,0.0,TRAILING_WIN,-1.22
TRD_202509251700_DIR,LONG,2025-09-25 17:00:00,-2.5,0.0,STOP_LOSS,-3.27
TRD_202509260054_DIR,SHORT,2025-09-26 00:54:00,0.71,0.0,TRAILING_WIN,-1.65
TRD_202509261015_DIR,LONG,2025-09-26 10:15:00,0.79,0.0,TRAILING_WIN,-1.03
TRD_202509261347_DIR,SHORT,2025-09-26 13:47:00,-2.5,0.0,STOP_LOSS,-2.75
TRD_202509261724_DIR,SHORT,2025-09-26 17:24:00,0.58,0.0,TRAILING_WIN,-1.28
TRD_202509272130_DIR,SHORT,2025-09-27 21:30:00,1.22,0.0,TRAILING_WIN,-1.02
TRD_202509281425_DIR,SHORT,2025-09-28 14:25:00,-2.5,0.0,STOP_LOSS,-2.71
TRD_202509281427,SHORT,2025-09-28 14:27:00,-2.5,7.0,STOP_LOSS,-2.71
TRD_202509282205_DIR,SHORT,2025-09-28 22:05:00,-2.5,0.0,STOP_LOSS,-2.3
TRD_202509291400_DIR,SHORT,2025-09-29 14:00:00,0.64,0.0,TRAILING_WIN,-3.05
TRD_202509301515_DIR,LONG,2025-09-30 15:15:00,1.09,0.0,TRAILING_WIN,-0.87
TRD_202509301954_DIR,SHORT,2025-09-30 19:54:00,0.54,0.0,TRAILING_WIN,-1.53
TRD_202509302024_DIR,SHORT,2025-09-30 20:24:00,0.98,0.0,TRAILING_WIN,-1.31
TRD_202510010645_DIR,LONG,2025-10-01 06:45:00,5.06,0.0,TRAILING_WIN,-1.05
TRD_202510012109_DIR,LONG,2025-10-01 21:09:00,2.31,0.0,TRAILING_WIN,-3.28
TRD_202510030230_DIR,SHORT,2025-10-03 02:30:00,0.73,0.0,TRAILING_WIN,-1.71
TRD_202510031316_DIR,SHORT,2025-10-03 13:16:00,-2.5,0.0,STOP_LOSS,-3.38
TRD_202510031633_DIR,SHORT,2025-10-03 16:33:00,0.94,0.0,TRAILING_WIN,-1.52
TRD_202510040115_DIR,LONG,2025-10-04 01:15:00,-2.5,0.0,STOP_LOSS,-2.99
TRD_202510041515_DIR,LONG,2025-10-04 15:15:00,4.17,0.0,TRAILING_WIN,-1.06
TRD_202510041516,LONG,2025-10-04 15:16:00,4.15,16.0,TRAILING_WIN,-1.06
TRD_202510051600_DIR,SHORT,2025-10-05 16:00:00,1.35,0.0,TRAILING_WIN,-1.02
TRD_202510060050_DIR,LONG,2025-10-06 00:50:00,1.42,0.0,TRAILING_WIN,-0.98
TRD_202510061212_DIR,SHORT,2025-10-06 12:12:00,-2.5,0.0,STOP_LOSS,-2.95
TRD_202510061645_DIR,SHORT,2025-10-06 16:45:00,0.71,0.0,TRAILING_WIN,-1.16
TRD_202510070630_DIR,LONG,2025-10-07 06:30:00,-2.5,0.0,STOP_LOSS,-2.64
TRD_202510071405_DIR,LONG,2025-10-07 14:05:00,-2.5,0.0,STOP_LOSS,-2.94
TRD_202510071507_DIR,LONG,2025-10-07 15:07:00,0.71,0.0,TRAILING_WIN,-2.37
TRD_202510081700_DIR,SHORT,2025-10-08 17:00:00,1.88,0.0,TRAILING_WIN,-2.52
TRD_202510091427_DIR,LONG,2025-10-09 14:27:00,1.28,0.0,TRAILING_WIN,-1.88
TRD_202510101326_DIR,SHORT,2025-10-10 13:26:00,4.81,0.0,TRAILING_WIN,-1.02
TRD_202510101558_DIR,LONG,2025-10-10 15:58:00,-2.5,0.0,STOP_LOSS,-3.36
TRD_202510101922_DIR,LONG,2025-10-10 19:22:00,-2.5,0.0,STOP_LOSS,-3.7
TRD_202510102056_DIR,LONG,2025-10-10 20:56:00,-2.5,0.0,STOP_LOSS,-2.19
TRD_202510102059_DIR,LONG,2025-10-10 20:59:00,-2.5,0.0,STOP_LOSS,-6.29
TRD_202510102113_DIR,LONG,2025-10-10 21:13:00,-2.5,0.0,STOP_LOSS,-3.19
TRD_202510102114_DIR,LONG,2025-10-10 21:14:00,-2.5,0.0,STOP_LOSS,-9.49
TRD_202510102116_DIR,LONG,2025-10-10 21:16:00,-2.5,0.0,STOP_LOSS,-5.07
TRD_202510102117_DIR,LONG,2025-10-10 21:17:00,-2.5,0.0,STOP_LOSS,-19.79
TRD_202510102118_DIR,LONG,2025-10-10 21:18:00,-2.5,0.0,STOP_LOSS,-23.55
TRD_202510102119_DIR,LONG,2025-10-10 21:19:00,-2.5,0.0,STOP_LOSS,-25.95
TRD_202510102125_DIR,LONG,2025-10-10 21:25:00,0.73,0.0,TRAILING_WIN,0.0
TRD_202510102133,LONG,2025-10-10 21:33:00,1.16,13.0,TRAILING_WIN,0.0
TRD_202510110845_DIR,SHORT,2025-10-11 08:45:00,-2.5,0.0,STOP_LOSS,-2.52
TRD_202510111332_DIR,LONG,2025-10-11 13:32:00,2.15,0.0,TRAILING_WIN,-1.64
TRD_202510111915_DIR,LONG,2025-10-11 19:15:00,-2.5,0.0,STOP_LOSS,-2.67
TRD_202510112035_DIR,LONG,2025-10-11 20:35:00,2.76,0.0,TRAILING_WIN,-1.91
TRD_202510112036,LONG,2025-10-11 20:36:00,2.76,9.0,TRAILING_WIN,-1.91
TRD_202510120900_DIR,LONG,2025-10-12 09:00:00,3.66,0.0,TRAILING_WIN,-2.6
TRD_202510121458_DIR,SHORT,2025-10-12 14:58:00,-2.5,0.0,STOP_LOSS,-2.73
TRD_202510121530_DIR,SHORT,2025-10-12 15:30:00,-2.5,0.0,STOP_LOSS,-3.87
TRD_202510121646_DIR,SHORT,2025-10-12 16:46:00,0.58,0.0,TRAILING_WIN,-3.03
TRD_202510130658_DIR,SHORT,2025-10-13 06:58:00,1.05,0.0,TRAILING_WIN,-1.93
TRD_202510131128_DIR,LONG,2025-10-13 11:28:00,0.84,0.0,TRAILING_WIN,-1.23
TRD_202510131711,SHORT,2025-10-13 17:11:00,-2.5,11.0,STOP_LOSS,-2.97
TRD_202510131941_DIR,SHORT,2025-10-13 19:41:00,3.1,0.0,TRAILING_WIN,-1.35
TRD_202510140633_DIR,LONG,2025-10-14 06:33:00,-2.5,0.0,STOP_LOSS,-2.86
TRD_202510141543_DIR,SHORT,2025-10-14 15:43:00,-2.5,0.0,STOP_LOSS,-2.55
TRD_202510141620_DIR,SHORT,2025-10-14 16:20:00,1.2,0.0,TRAILING_WIN,-0.93
TRD_202510150800_DIR,SHORT,2025-10-15 08:00:00,2.07,0.0,TRAILING_WIN,-2.25
TRD_202510151347_DIR,LONG,2025-10-15 13:47:00,-2.5,0.0,STOP_LOSS,-3.48
TRD_202510151555_DIR,LONG,2025-10-15 15:55:00,-2.5,0.0,STOP_LOSS,-3.49
TRD_202510151556,LONG,2025-10-15 15:56:00,-2.5,6.0,STOP_LOSS,-3.49
TRD_202510161013_DIR,SHORT,2025-10-16 10:13:00,1.34,0.0,TRAILING_WIN,-1.01
TRD_202510161545_DIR,LONG,2025-10-16 15:45:00,-2.5,0.0,STOP_LOSS,-3.47
TRD_202510161939_DIR,LONG,2025-10-16 19:39:00,-2.5,0.0,STOP_LOSS,-3.67
TRD_202510162231_DIR,LONG,2025-10-16 22:31:00,-2.5,0.0,STOP_LOSS,-3.22
TRD_202510170627_DIR,LONG,2025-10-17 06:27:00,-2.5,0.0,STOP_LOSS,-2.69
TRD_202510170709_DIR,LONG,2025-10-17 07:09:00,-2.5,0.0,STOP_LOSS,-3.06
TRD_202510170805_DIR,LONG,2025-10-17 08:05:00,1.16,0.0,TRAILING_WIN,-2.75
TRD_202510170806,LONG,2025-10-17 08:06:00,1.07,3.0,TRAILING_WIN,-2.75
TRD_202510171415_DIR,LONG,2025-10-17 14:15:00,0.82,0.0,TRAILING_WIN,-1.88
TRD_202510172111,SHORT,2025-10-17 21:11:00,-2.5,6.0,STOP_LOSS,-3.62
TRD_202510172110_DIR,SHORT,2025-10-17 21:10:00,-2.5,0.0,STOP_LOSS,-3.71
TRD_202510181851_DIR,SHORT,2025-10-18 18:51:00,-2.5,0.0,STOP_LOSS,-2.95
TRD_202510191100_DIR,SHORT,2025-10-19 11:00:00,-2.5,0.0,STOP_LOSS,-2.48
TRD_202510191415_DIR,SHORT,2025-10-19 14:15:00,0.62,0.0,TRAILING_WIN,-1.21
TRD_202510191416,SHORT,2025-10-19 14:16:00,0.62,4.0,TRAILING_WIN,-1.21
TRD_202510200019_DIR,LONG,2025-10-20 00:19:00,1.71,0.0,TRAILING_WIN,-0.85
TRD_202510200350_DIR,SHORT,2025-10-20 03:50:00,-2.5,0.0,STOP_LOSS,-2.68
TRD_202510200641_DIR,SHORT,2025-10-20 06:41:00,0.59,0.0,TRAILING_WIN,-1.27
TRD_202510201557_DIR,LONG,2025-10-20 15:57:00,-2.5,0.0,STOP_LOSS,-3.22
TRD_202510210352_DIR,LONG,2025-10-21 03:52:00,4.75,0.0,TRAILING_WIN,-2.29
TRD_202510212119_DIR,LONG,2025-10-21 21:19:00,-2.5,0.0,STOP_LOSS,-2.75
TRD_202510220942_DIR,LONG,2025-10-22 09:42:00,1.54,0.0,TRAILING_WIN,-1.34
TRD_202510221146_DIR,SHORT,2025-10-22 11:46:00,2.12,0.0,TRAILING_WIN,-2.84
TRD_202510222101_DIR,LONG,2025-10-22 21:01:00,3.93,0.0,TRAILING_WIN,-2.14
TRD_202510231202_DIR,LONG,2025-10-23 12:02:00,2.93,0.0,TRAILING_WIN,-1.13
TRD_202510240416_DIR,SHORT,2025-10-24 04:16:00,-2.5,0.0,STOP_LOSS,-2.65
TRD_202510240442_DIR,SHORT,2025-10-24 04:42:00,0.53,0.0,TRAILING_WIN,-1.25
TRD_202510241230_DIR,SHORT,2025-10-24 12:30:00,2.18,0.0,TRAILING_WIN,-0.51
TRD_202510241415_DIR,LONG,2025-10-24 14:15:00,4.42,0.0,TRAILING_WIN,-2.55
TRD_202510262200_DIR,SHORT,2025-10-26 22:00:00,-2.5,0.0,STOP_LOSS,-2.51
TRD_202510270515_DIR,SHORT,2025-10-27 05:15:00,3.26,0.0,TRAILING_WIN,-1.36
TRD_202510271658_DIR,SHORT,2025-10-27 16:58:00,1.52,0.0,TRAILING_WIN,-1.46
TRD_202510280532_DIR,LONG,2025-10-28 05:32:00,-2.5,0.0,STOP_LOSS,-3.91
TRD_202510282018_DIR,LONG,2025-10-28 20:18:00,-2.5,0.0,STOP_LOSS,-3.51
TRD_202510291840_DIR,LONG,2025-10-29 18:40:00,2.51,0.0,TRAILING_WIN,-1.21
TRD_202510292000_DIR,SHORT,2025-10-29 20:00:00,0.72,0.0,TRAILING_WIN,-2.23
TRD_202510300410_DIR,LONG,2025-10-30 04:10:00,0.73,0.0,TRAILING_WIN,-2.38
TRD_202510301200_DIR,LONG,2025-10-30 12:00:00,-2.5,0.0,STOP_LOSS,-2.74
TRD_202510301324_DIR,LONG,2025-10-30 13:24:00,-2.5,0.0,STOP_LOSS,-3.05
TRD_202510310045_DIR,SHORT,2025-10-31 00:45:00,-2.5,0.0,STOP_LOSS,-2.6
TRD_202510311219_DIR,SHORT,2025-10-31 12:19:00,2.64,0.0,TRAILING_WIN,-1.56
TRD_202510311916_DIR,SHORT,2025-10-31 19:16:00,-2.5,0.0,STOP_LOSS,-3.84
TRD_202510311944_DIR,SHORT,2025-10-31 19:44:00,-2.5,0.0,STOP_LOSS,-3.56
TRD_202510311957_DIR,SHORT,2025-10-31 19:57:00,2.19,0.0,TRAILING_WIN,-1.78
TRD_202511011342_DIR,LONG,2025-11-01 13:42:00,0.54,0.0,TRAILING_WIN,-3.37
TRD_202511021624_DIR,SHORT,2025-11-02 16:24:00,-2.5,0.0,STOP_LOSS,-2.42
TRD_202511021626_DIR,SHORT,2025-11-02 16:26:00,0.93,0.0,TRAILING_WIN,0.0
TRD_202511021627_DIR,SHORT,2025-11-02 16:27:00,-2.5,0.0,STOP_LOSS,-4.24
TRD_202511021646,SHORT,2025-11-02 16:46:00,1.24,11.0,TRAILING_WIN,-1.02
TRD_202511022310_DIR,SHORT,2025-11-02 23:10:00,4.35,0.0,TRAILING_WIN,-2.32
TRD_202511030600_DIR,LONG,2025-11-03 06:00:00,-2.5,0.0,STOP_LOSS,-3.37
TRD_202511030601,LONG,2025-11-03 06:01:00,-2.5,6.0,STOP_LOSS,-3.37
TRD_202511031526_DIR,LONG,2025-11-03 15:26:00,-2.5,0.0,STOP_LOSS,-5.2
TRD_202511031530_DIR,LONG,2025-11-03 15:30:00,2.9,0.0,TRAILING_WIN,-1.03
TRD_202511031550_DIR,LONG,2025-11-03 15:50:00,1.92,0.0,TRAILING_WIN,-1.11
TRD_202511032045_DIR,LONG,2025-11-03 20:45:00,1.43,0.0,TRAILING_WIN,-1.85
TRD_202511040517_DIR,LONG,2025-11-04 05:17:00,-2.5,0.0,STOP_LOSS,-3.01
TRD_202511040532_DIR,LONG,2025-11-04 05:32:00,1.31,0.0,TRAILING_WIN,-1.52
TRD_202511041325_DIR,LONG,2025-11-04 13:25:00,3.5,0.0,TRAILING_WIN,-1.07
TRD_202511041705_DIR,LONG,2025-11-04 17:05:00,-2.5,0.0,STOP_LOSS,-3.72
TRD_202511041950_DIR,LONG,2025-11-04 19:50:00,-2.5,0.0,STOP_LOSS,-3.77
TRD_202511042017_DIR,LONG,2025-11-04 20:17:00,0.9,0.0,TRAILING_WIN,-1.18
TRD_202511042135_DIR,LONG,2025-11-04 21:35:00,0.9,0.0,TRAILING_WIN,-1.11
TRD_202511050215_DIR,SHORT,2025-11-05 02:15:00,-2.5,0.0,STOP_LOSS,-3.12
TRD_202511050222_DIR,SHORT,2025-11-05 02:22:00,-2.5,0.0,STOP_LOSS,-3.2
TRD_202511051545_DIR,SHORT,2025-11-05 15:45:00,-2.5,0.0,STOP_LOSS,-2.53
TRD_202511051725_DIR,SHORT,2025-11-05 17:25:00,1.58,0.0,TRAILING_WIN,-1.07
TRD_202511060330_DIR,SHORT,2025-11-06 03:30:00,1.86,0.0,TRAILING_WIN,-1.06
TRD_202511061225_DIR,LONG,2025-11-06 12:25:00,-2.5,0.0,STOP_LOSS,-3.69
TRD_202511061642_DIR,LONG,2025-11-06 16:42:00,0.9,0.0,TRAILING_WIN,-1.0
TRD_202511070045_DIR,SHORT,2025-11-07 00:45:00,3.57,0.0,TRAILING_WIN,-3.41
TRD_202511071621_DIR,SHORT,2025-11-07 16:21:00,-2.5,0.0,STOP_LOSS,-2.57
TRD_202511071716_DIR,SHORT,2025-11-07 17:16:00,-2.5,0.0,STOP_LOSS,-2.59
TRD_202511072331,LONG,2025-11-07 23:31:00,-2.5,16.0,STOP_LOSS,-3.91
TRD_202511081333_DIR,LONG,2025-11-08 13:33:00,1.25,0.0,TRAILING_WIN,-2.37
TRD_202511090230_DIR,LONG,2025-11-09 02:30:00,3.56,0.0,TRAILING_WIN,-1.86
TRD_202511091503_DIR,SHORT,2025-11-09 15:03:00,-2.5,0.0,STOP_LOSS,-2.72
TRD_202511091949_DIR,SHORT,2025-11-09 19:49:00,-2.5,0.0,STOP_LOSS,-4.13
TRD_202511100117_DIR,SHORT,2025-11-10 01:17:00,-2.5,0.0,STOP_LOSS,-3.32
TRD_202511101112_DIR,SHORT,2025-11-10 11:12:00,2.1,0.0,TRAILING_WIN,-1.37
TRD_202511101640_DIR,LONG,2025-11-10 16:40:00,2.06,0.0,TRAILING_WIN,-1.02
TRD_202511102230_DIR,SHORT,2025-11-10 22:30:00,-2.5,0.0,STOP_LOSS,-2.51
TRD_202511102252_DIR,SHORT,2025-11-10 22:52:00,3.86,0.0,TRAILING_WIN,-2.9
TRD_202511111236_DIR,LONG,2025-11-11 12:36:00,-2.5,0.0,STOP_LOSS,-2.74
TRD_202511112135_DIR,LONG,2025-11-11 21:35:00,3.03,0.0,TRAILING_WIN,-2.05
TRD_202511121445_DIR,LONG,2025-11-12 14:45:00,-2.5,0.0,STOP_LOSS,-2.76
TRD_202511121536_DIR,LONG,2025-11-12 15:36:00,-2.5,0.0,STOP_LOSS,-2.53
TRD_202511121629_DIR,LONG,2025-11-12 16:29:00,1.1,0.0,TRAILING_WIN,-1.97
TRD_202511130535_DIR,SHORT,2025-11-13 05:35:00,-2.5,0.0,STOP_LOSS,-2.34
TRD_202511131330_DIR,LONG,2025-11-13 13:30:00,-2.5,0.0,STOP_LOSS,-3.09
TRD_202511131648_DIR,LONG,2025-11-13 16:48:00,-2.5,0.0,STOP_LOSS,-2.86
TRD_202511131741_DIR,LONG,2025-11-13 17:41:00,-2.5,0.0,STOP_LOSS,-3.18
TRD_202511131834_DIR,LONG,2025-11-13 18:34:00,1.68,0.0,TRAILING_WIN,-2.49
TRD_202511132313_DIR,SHORT,2025-11-13 23:13:00,1.18,0.0,TRAILING_WIN,-1.2
TRD_202511140415_DIR,LONG,2025-11-14 04:15:00,-2.5,0.0,STOP_LOSS,-2.95
TRD_202511140439_DIR,LONG,2025-11-14 04:39:00,1.71,0.0,TRAILING_WIN,-1.02
TRD_202511141133_DIR,LONG,2025-11-14 11:33:00,-2.5,0.0,STOP_LOSS,-2.84
TRD_202511141243_DIR,LONG,2025-11-14 12:43:00,0.76,0.0,TRAILING_WIN,-2.26
TRD_202511141624_DIR,SHORT,2025-11-14 16:24:00,0.99,0.0,TRAILING_WIN,-1.48
TRD_202511142030_DIR,LONG,2025-11-14 20:30:00,0.73,0.0,TRAILING_WIN,-3.76
TRD_202511150849_DIR,LONG,2025-11-15 08:49:00,1.27,0.0,TRAILING_WIN,-1.06
TRD_202511151747_DIR,SHORT,2025-11-15 17:47:00,2.18,0.0,TRAILING_WIN,-1.01
TRD_202511160500_DIR,SHORT,2025-11-16 05:00:00,1.38,0.0,TRAILING_WIN,-1.65
TRD_202511161548_DIR,LONG,2025-11-16 15:48:00,-2.5,0.0,STOP_LOSS,-2.56
TRD_202511161628_DIR,LONG,2025-11-16 16:28:00,0.61,0.0,TRAILING_WIN,-1.75
TRD_202511170741_DIR,SHORT,2025-11-17 07:41:00,2.14,0.0,TRAILING_WIN,-1.37
TRD_202511171601_DIR,LONG,2025-11-17 16:01:00,-2.5,0.0,STOP_LOSS,-3.9
TRD_202511171815_DIR,LONG,2025-11-17 18:15:00,-2.5,0.0,STOP_LOSS,-3.08
TRD_202511181513_DIR,SHORT,2025-11-18 15:13:00,-2.5,0.0,STOP_LOSS,-2.54
TRD_202511181628_DIR,SHORT,2025-11-18 16:28:00,0.69,0.0,TRAILING_WIN,-1.58
TRD_202511190330_DIR,LONG,2025-11-19 03:30:00,-2.5,0.0,STOP_LOSS,-2.61
TRD_202511190533_DIR,LONG,2025-11-19 05:33:00,1.02,0.0,TRAILING_WIN,-1.02
TRD_202511191331_DIR,LONG,2025-11-19 13:31:00,-2.5,0.0,STOP_LOSS,-3.12
TRD_202511191546_DIR,LONG,2025-11-19 15:46:00,-2.5,0.0,STOP_LOSS,-2.94
TRD_202511191741,LONG,2025-11-19 17:41:00,7.37,5.0,TRAILING_WIN,-1.69
TRD_202511201403_DIR,LONG,2025-11-20 14:03:00,-2.5,0.0,STOP_LOSS,-3.48
TRD_202511201605_DIR,LONG,2025-11-20 16:05:00,-2.5,0.0,STOP_LOSS,-2.66
TRD_202511201637_DIR,LONG,2025-11-20 16:37:00,-2.5,0.0,STOP_LOSS,-2.79
TRD_202511201721,LONG,2025-11-20 17:21:00,0.53,10.0,TRAILING_WIN,-2.2
TRD_202511202131_DIR,SHORT,2025-11-20 21:31:00,0.71,0.0,TRAILING_WIN,-2.18
TRD_202511210715_DIR,LONG,2025-11-21 07:15:00,-2.5,0.0,STOP_LOSS,-2.6
TRD_202511210732_DIR,LONG,2025-11-21 07:32:00,-2.5,0.0,STOP_LOSS,-4.58
TRD_202511210734_DIR,LONG,2025-11-21 07:34:00,0.51,0.0,TRAILING_WIN,0.0
TRD_202511210740_DIR,LONG,2025-11-21 07:40:00,0.9,0.0,TRAILING_WIN,-1.0
TRD_202511210741,LONG,2025-11-21 07:41:00,0.9,6.0,TRAILING_WIN,-1.0
TRD_202511211140_DIR,LONG,2025-11-21 11:40:00,-2.5,0.0,STOP_LOSS,-2.38
TRD_202511211222_DIR,LONG,2025-11-21 12:22:00,3.32,0.0,TRAILING_WIN,-1.02
TRD_202511221848_DIR,SHORT,2025-11-22 18:48:00,-2.5,0.0,STOP_LOSS,-3.18
TRD_202511230727_DIR,LONG,2025-11-23 07:27:00,0.98,0.0,TRAILING_WIN,-1.64
TRD_202511231909_DIR,SHORT,2025-11-23 19:09:00,-2.5,0.0,STOP_LOSS,-2.53
TRD_202511232153_DIR,SHORT,2025-11-23 21:53:00,2.02,0.0,TRAILING_WIN,-1.03
TRD_202511240340_DIR,SHORT,2025-11-24 03:40:00,1.46,0.0,TRAILING_WIN,-2.08
TRD_202511241415_DIR,LONG,2025-11-24 14:15:00,5.63,0.0,TRAILING_WIN,-1.7
TRD_202511250857_DIR,LONG,2025-11-25 08:57:00,0.66,0.0,TRAILING_WIN,-3.06
TRD_202511260332_DIR,LONG,2025-11-26 03:32:00,4.56,0.0,TRAILING_WIN,-2.06
TRD_202511270224_DIR,SHORT,2025-11-27 02:24:00,1.8,0.0,TRAILING_WIN,-0.97
TRD_202511271522_DIR,SHORT,2025-11-27 15:22:00,0.8,0.0,TRAILING_WIN,-3.4
TRD_202511300345_DIR,SHORT,2025-11-30 03:45:00,-2.5,0.0,STOP_LOSS,-3.52
TRD_202511300359_DIR,SHORT,2025-11-30 03:59:00,1.07,0.0,TRAILING_WIN,-0.98
TRD_202511301045_DIR,LONG,2025-11-30 10:45:00,-2.5,0.0,STOP_LOSS,-2.66
TRD_202511301150_DIR,LONG,2025-11-30 11:50:00,-2.5,0.0,STOP_LOSS,-3.85
TRD_202512010009_DIR,LONG,2025-12-01 00:09:00,-2.5,0.0,STOP_LOSS,-2.66
TRD_202512010105,LONG,2025-12-01 01:05:00,-2.5,18.0,STOP_LOSS,-3.45
TRD_202512010050_DIR,LONG,2025-12-01 00:50:00,-2.5,0.0,STOP_LOSS,-3.64
TRD_202512011030_DIR,SHORT,2025-12-01 10:30:00,1.1,0.0,TRAILING_WIN,-2.2
TRD_202512011606_DIR,LONG,2025-12-01 16:06:00,4.51,0.0,TRAILING_WIN,-1.21
TRD_202512020812_DIR,LONG,2025-12-02 08:12:00,2.07,0.0,TRAILING_WIN,-1.02
TRD_202512021413_DIR,SHORT,2025-12-02 14:13:00,-2.5,0.0,STOP_LOSS,-2.91
TRD_202512021509_DIR,SHORT,2025-12-02 15:09:00,-2.5,0.0,STOP_LOSS,-2.85
TRD_202512021543_DIR,SHORT,2025-12-02 15:43:00,-2.5,0.0,STOP_LOSS,-2.55
TRD_202512021812,SHORT,2025-12-02 18:12:00,-2.5,6.0,STOP_LOSS,-3.98
TRD_202512021810_DIR,SHORT,2025-12-02 18:10:00,-2.5,0.0,STOP_LOSS,-4.02
TRD_202512030501_DIR,SHORT,2025-12-03 05:01:00,-2.5,0.0,STOP_LOSS,-3.77
TRD_202512032116_DIR,SHORT,2025-12-03 21:16:00,1.4,0.0,TRAILING_WIN,-1.74
TRD_202512041200_DIR,SHORT,2025-12-04 12:00:00,2.52,0.0,TRAILING_WIN,-1.77
TRD_202512050220_DIR,SHORT,2025-12-05 02:20:00,0.7,0.0,TRAILING_WIN,-1.31
TRD_202512051220_DIR,LONG,2025-12-05 12:20:00,0.6,0.0,TRAILING_WIN,-1.07
TRD_202512051605_DIR,LONG,2025-12-05 16:05:00,-2.5,0.0,STOP_LOSS,-2.52
TRD_202512051641_DIR,LONG,2025-12-05 16:41:00,0.5,0.0,TRAILING_WIN,-1.05
TRD_202512060020_DIR,LONG,2025-12-06 00:20:00,1.26,0.0,TRAILING_WIN,-1.55
TRD_202512061418_DIR,SHORT,2025-12-06 14:18:00,1.65,0.0,TRAILING_WIN,-2.71
TRD_202512071800_DIR,SHORT,2025-12-07 18:00:00,2.69,0.0,TRAILING_WIN,-2.14
TRD_202512072222,LONG,2025-12-07 22:22:00,2.12,9.0,TRAILING_WIN,-1.27
TRD_202512080900_DIR,SHORT,2025-12-08 09:00:00,-2.5,0.0,STOP_LOSS,-2.68
TRD_202512081535_DIR,LONG,2025-12-08 15:35:00,-2.5,0.0,STOP_LOSS,-2.5
TRD_202512090318_DIR,LONG,2025-12-09 03:18:00,7.67,0.0,TRAILING_WIN,-1.69
TRD_202512091750_DIR,SHORT,2025-12-09 17:50:00,0.78,0.0,TRAILING_WIN,-1.05
TRD_202512091752,SHORT,2025-12-09 17:52:00,0.78,5.0,TRAILING_WIN,-1.05
TRD_202512092155_DIR,LONG,2025-12-09 21:55:00,0.74,0.0,TRAILING_WIN,-1.01
TRD_202512100045_DIR,LONG,2025-12-10 00:45:00,-2.5,0.0,STOP_LOSS,-2.59
TRD_202512101625_DIR,SHORT,2025-12-10 16:25:00,-2.5,0.0,STOP_LOSS,-2.99
TRD_202512102014_DIR,SHORT,2025-12-10 20:14:00,3.26,0.0,TRAILING_WIN,-1.05
TRD_202512110026,LONG,2025-12-11 00:26:00,-2.5,6.0,STOP_LOSS,-2.69
TRD_202512110125_DIR,LONG,2025-12-11 01:25:00,-2.5,0.0,STOP_LOSS,-3.19
TRD_202512110126,LONG,2025-12-11 01:26:00,-2.5,7.0,STOP_LOSS,-3.19
TRD_202512110335_DIR,LONG,2025-12-11 03:35:00,1.13,0.0,TRAILING_WIN,-1.02
TRD_202512110336,LONG,2025-12-11 03:36:00,1.13,2.0,TRAILING_WIN,-1.02
TRD_202512111320_DIR,SHORT,2025-12-11 13:20:00,-2.5,0.0,STOP_LOSS,-3.61
TRD_202512111938_DIR,SHORT,2025-12-11 19:38:00,-2.5,0.0,STOP_LOSS,-3.69
TRD_202512112132_DIR,SHORT,2025-12-11 21:32:00,-2.5,0.0,STOP_LOSS,-2.81
TRD_202512121500_DIR,LONG,2025-12-12 15:00:00,-2.5,0.0,STOP_LOSS,-2.55
TRD_202512121534_DIR,LONG,2025-12-12 15:34:00,-2.5,0.0,STOP_LOSS,-2.77
TRD_202512121605_DIR,LONG,2025-12-12 16:05:00,4.15,0.0,TRAILING_WIN,-1.88
TRD_202512121606,LONG,2025-12-12 16:06:00,4.13,8.0,TRAILING_WIN,-1.88
TRD_202512131704_DIR,LONG,2025-12-13 17:04:00,-2.5,0.0,STOP_LOSS,-3.25
TRD_202512141144_DIR,LONG,2025-12-14 11:44:00,-2.5,0.0,STOP_LOSS,-4.08
TRD_202512150132_DIR,SHORT,2025-12-15 01:32:00,-2.5,0.0,STOP_LOSS,-2.48
TRD_202512150226,SHORT,2025-12-15 02:26:00,2.56,5.0,TRAILING_WIN,-2.11
TRD_202512151518_DIR,LONG,2025-12-15 15:18:00,-2.5,0.0,STOP_LOSS,-2.74
TRD_202512151734_DIR,LONG,2025-12-15 17:34:00,0.76,0.0,TRAILING_WIN,-1.22
TRD_202512152130_DIR,SHORT,2025-12-15 21:30:00,-2.5,0.0,STOP_LOSS,-2.66
TRD_202512152302_DIR,SHORT,2025-12-15 23:02:00,-2.5,0.0,STOP_LOSS,-2.99
TRD_202512152330_DIR,SHORT,2025-12-15 23:30:00,0.82,0.0,TRAILING_WIN,-1.32
TRD_202512160420_DIR,LONG,2025-12-16 04:20:00,0.77,0.0,TRAILING_WIN,-1.5
TRD_202512161550_DIR,SHORT,2025-12-16 15:50:00,0.57,0.0,TRAILING_WIN,-1.71
TRD_202512170115_DIR,SHORT,2025-12-17 01:15:00,0.61,0.0,TRAILING_WIN,-1.09
TRD_202512171347_DIR,SHORT,2025-12-17 13:47:00,0.72,0.0,TRAILING_WIN,-1.06
TRD_202512171453_DIR,SHORT,2025-12-17 14:53:00,-2.5,0.0,STOP_LOSS,-2.5
TRD_202512171506_DIR,SHORT,2025-12-17 15:06:00,4.42,0.0,TRAILING_WIN,-0.87
TRD_202512171615_DIR,LONG,2025-12-17 16:15:00,-2.5,0.0,STOP_LOSS,-3.08
TRD_202512180815_DIR,SHORT,2025-12-18 08:15:00,-2.5,0.0,STOP_LOSS,-3.6
