Trade_ID,Strategy,Side,Entry_Time,Entry_Price,Exit_Time,Exit_Price,PnL_Pct,Exit_Reason,Fibo_Target,Mode,status,Is_Risk_Free,Peak_Price,Rem_Qty,TP1_Hit,TP2_Hit,SL
G_010028,GAMMA,SHORT,1970-01-01 00:28:54.780600,321.44,1970-01-01 00:28:54.780600,304.29,0.053353658536585295,TP_FULL,306.9752,GAMMA_HEDGE,CLOSED,True,304.29,1.0,False,False,312.49719999999996
G_010028,GAMMA,SHORT,1970-01-01 00:28:54.781500,321.48,1970-01-01 00:28:54.781500,304.29,0.05347144456886897,TP_FULL,307.0134,GAMMA_HEDGE,CLOSED,True,304.29,1.0,False,False,312.49739999999997
G_010028,GAMMA,SHORT,1970-01-01 00:28:54.787800,308.31,1970-01-01 00:28:54.803100,305.45,0.009276377671823858,SL_HIT,294.43604999999997,GAMMA_HEDGE,CLOSED,True,303.4,1.0,False,False,304.94154999999995
G_010028,GAMMA,SHORT,1970-01-01 00:28:54.789600,309.36,1970-01-01 00:28:54.803100,305.45,0.012638996638220924,SL_HIT,295.4388,GAMMA_HEDGE,CLOSED,True,303.4,1.0,False,False,304.9468
G_010028,GAMMA,LONG,1970-01-01 00:28:54.951600,337.88,1970-01-01 00:28:54.966000,329.89,-0.023647448798389988,SL_HIT,353.08459999999997,GAMMA_HEDGE,CLOSED,False,340.48,1.0,False,False,332.8118
G_010028,GAMMA,LONG,1970-01-01 00:28:54.979500,352.25,1970-01-01 00:28:54.979500,372.08,0.056295244854506696,TP_FULL,368.10125,GAMMA_HEDGE,CLOSED,True,372.08,1.0,False,False,362.95875
G_010028,GAMMA,LONG,1970-01-01 00:28:54.983100,357.58,1970-01-01 00:28:54.989400,370.0,0.03473348621287549,SL_HIT,373.67109999999997,GAMMA_HEDGE,CLOSED,True,372.08,1.0,False,False,370.2921
G_010028,GAMMA,LONG,1970-01-01 00:28:54.989400,370.0,1970-01-01 00:28:54.989400,388.3,0.04945945945945949,TP_FULL,386.65,GAMMA_HEDGE,CLOSED,True,388.3,1.0,False,False,381.96999999999997
G_010028,GAMMA,LONG,1970-01-01 00:28:54.994800,383.61,1970-01-01 00:28:55.002900,375.86,-0.020202810145720913,SL_HIT,400.87245,GAMMA_HEDGE,CLOSED,False,386.12,1.0,False,False,377.85585000000003
G_010028,GAMMA,SHORT,1970-01-01 00:28:55.186500,355.4,1970-01-01 00:28:55.196400,351.76,0.010241980866629112,SL_HIT,339.407,GAMMA_HEDGE,CLOSED,True,349.74,1.0,False,False,351.517
G_010028,GAMMA,SHORT,1970-01-01 00:28:55.187400,355.84,1970-01-01 00:28:55.196400,351.76,0.011465827338129453,SL_HIT,339.82719999999995,GAMMA_HEDGE,CLOSED,True,349.74,1.0,False,False,351.5192
G_010028,GAMMA,SHORT,1970-01-01 00:28:55.194600,350.83,1970-01-01 00:28:55.203600,342.23,0.024513297038451575,SL_HIT,335.04265,GAMMA_HEDGE,CLOSED,True,339.57,1.0,False,False,341.32415
G_010028,GAMMA,SHORT,1970-01-01 00:28:55.203600,342.23,1970-01-01 00:28:55.221600,341.17,0.003097332203488888,SL_HIT,326.82965,GAMMA_HEDGE,CLOSED,True,337.12,1.0,False,False,338.83115
G_010028,GAMMA,SHORT,1970-01-01 00:28:55.201800,340.91,1970-01-01 00:28:55.228800,338.15,0.008095978410724378,SL_HIT,325.56905,GAMMA_HEDGE,CLOSED,True,335.72,1.0,False,False,337.42455
G_010028,GAMMA,SHORT,1970-01-01 00:28:55.314300,325.67,1970-01-01 00:28:55.319700,324.51,0.00356188780053436,SL_HIT,311.01485,GAMMA_HEDGE,CLOSED,True,321.11,1.0,False,False,322.73835
G_010028,GAMMA,SHORT,1970-01-01 00:28:55.490700,331.61,1970-01-01 00:28:55.516800,337.46,-0.017641205030005023,SL_HIT,316.68755,GAMMA_HEDGE,CLOSED,False,327.64,1.0,False,False,336.58414999999997
G_010028,GAMMA,SHORT,1970-01-01 00:28:55.609500,313.32,1970-01-01 00:28:55.631100,310.94,0.007596067917783721,SL_HIT,299.2206,GAMMA_HEDGE,CLOSED,True,308.96,1.0,False,False,310.5266
G_010028,GAMMA,SHORT,1970-01-01 00:28:55.606800,312.91,1970-01-01 00:28:55.650900,319.01,-0.0194944233166085,SL_HIT,298.82905,GAMMA_HEDGE,CLOSED,False,308.96,1.0,False,False,317.60365
G_010028,GAMMA,LONG,1970-01-01 00:28:55.765200,319.66,1970-01-01 00:28:55.778700,324.82,0.016142151035475092,SL_HIT,334.0447,GAMMA_HEDGE,CLOSED,True,328.19,1.0,False,False,326.5917
G_010028,GAMMA,SHORT,1970-01-01 00:28:55.884000,325.53,1970-01-01 00:28:55.894800,322.23,0.010137314533222606,SL_HIT,310.88114999999993,GAMMA_HEDGE,CLOSED,True,318.48,1.0,False,False,320.10765000000004
G_010028,GAMMA,LONG,1970-01-01 00:28:55.918200,347.11,1970-01-01 00:28:55.922700,353.64,0.01881248019359849,SL_HIT,362.72995,GAMMA_HEDGE,CLOSED,True,355.5,1.0,False,False,353.76445
G_010028,GAMMA,SHORT,1970-01-01 00:28:56.264700,315.71,1970-01-01 00:28:56.276400,310.77,0.015647271229926193,SL_HIT,301.50305,GAMMA_HEDGE,CLOSED,True,309.09,1.0,False,False,310.66855
G_010028,GAMMA,SHORT,1970-01-01 00:28:56.272800,313.54,1970-01-01 00:28:56.276400,310.77,0.008834598456337432,SL_HIT,299.4307,GAMMA_HEDGE,CLOSED,True,309.09,1.0,False,False,310.6577
G_010028,GAMMA,SHORT,1970-01-01 00:28:56.274600,309.09,1970-01-01 00:28:56.274600,291.97,0.055388398201171016,TP_FULL,295.18094999999994,GAMMA_HEDGE,CLOSED,True,291.97,1.0,False,False,297.36545
G_010028,GAMMA,SHORT,1970-01-01 00:28:56.312400,301.43,1970-01-01 00:28:56.319600,295.14,0.020867199681518164,SL_HIT,287.86565,GAMMA_HEDGE,CLOSED,True,291.97,1.0,False,False,293.47715000000005
G_010028,GAMMA,SHORT,1970-01-01 00:28:56.316000,300.41,1970-01-01 00:28:56.319600,295.14,0.01754269165473865,SL_HIT,286.89155,GAMMA_HEDGE,CLOSED,True,291.97,1.0,False,False,293.47205
G_010028,GAMMA,SHORT,1970-01-01 00:28:56.741700,282.31,1970-01-01 00:28:56.752500,273.84,0.030002479543764043,SL_HIT,269.60605,GAMMA_HEDGE,CLOSED,True,270.86,1.0,False,False,272.27155
G_010028,GAMMA,SHORT,1970-01-01 00:28:56.761500,267.63,1970-01-01 00:28:56.769600,261.75,0.021970631095168686,SL_HIT,255.58665,GAMMA_HEDGE,CLOSED,True,256.53,1.0,False,False,257.86814999999996
G_010028,GAMMA,SHORT,1970-01-01 00:28:56.769600,261.75,1970-01-01 00:28:56.778600,269.46,-0.029455587392550064,SL_HIT,249.97125,GAMMA_HEDGE,CLOSED,False,261.75,1.0,False,False,265.67625
G_010028,GAMMA,LONG,1970-01-01 00:28:56.958600,315.9,1970-01-01 00:28:56.973000,318.63,0.008641975308642033,SL_HIT,330.11549999999994,GAMMA_HEDGE,CLOSED,True,322.54,1.0,False,False,320.9605
G_010028,GAMMA,LONG,1970-01-01 00:28:56.959500,313.4,1970-01-01 00:28:56.973000,318.63,0.016687938736439114,SL_HIT,327.50299999999993,GAMMA_HEDGE,CLOSED,True,322.54,1.0,False,False,320.973
G_010028,GAMMA,LONG,1970-01-01 00:28:57.149400,330.89,1970-01-01 00:28:57.158400,333.74,0.008613134274230176,SL_HIT,345.78004999999996,GAMMA_HEDGE,CLOSED,True,335.54,1.0,False,False,333.88555
G_010028,GAMMA,LONG,1970-01-01 00:28:57.148500,333.01,1970-01-01 00:28:57.162900,337.6,0.013783369868772806,SL_HIT,347.99544999999995,GAMMA_HEDGE,CLOSED,True,339.6,1.0,False,False,337.93495
G_010028,GAMMA,LONG,1970-01-01 00:28:57.156600,335.32,1970-01-01 00:28:57.170100,329.8,-0.016461887152570624,SL_HIT,350.40939999999995,GAMMA_HEDGE,CLOSED,False,339.6,1.0,False,False,330.29019999999997
G_010028,GAMMA,SHORT,1970-01-01 00:28:57.180000,316.72,1970-01-01 00:28:57.189900,313.98,0.008651174539025034,SL_HIT,302.4676,GAMMA_HEDGE,CLOSED,True,311.66,1.0,False,False,313.2436
G_010028,GAMMA,SHORT,1970-01-01 00:28:57.180900,317.67,1970-01-01 00:28:57.189900,313.98,0.011615827745773908,SL_HIT,303.37485,GAMMA_HEDGE,CLOSED,True,311.66,1.0,False,False,313.24835
G_010028,GAMMA,SHORT,1970-01-01 00:28:57.279000,301.44,1970-01-01 00:28:57.288000,298.62,0.009355095541401251,SL_HIT,287.8752,GAMMA_HEDGE,CLOSED,True,294.48,1.0,False,False,295.98720000000003
G_010028,GAMMA,LONG,1970-01-01 00:28:57.299700,328.83,1970-01-01 00:28:57.299700,345.29,0.05005626007359437,TP_FULL,343.62735,GAMMA_HEDGE,CLOSED,True,345.29,1.0,False,False,341.93584999999996
G_010028,GAMMA,LONG,1970-01-01 00:28:57.307800,344.64,1970-01-01 00:28:57.321300,331.02,-0.039519498607242354,SL_HIT,360.14879999999994,GAMMA_HEDGE,CLOSED,False,347.22,1.0,False,False,339.4704
G_010028,GAMMA,SHORT,1970-01-01 00:28:57.329400,309.99,1970-01-01 00:28:57.334800,302.2,0.02512984289815807,SL_HIT,296.04045,GAMMA_HEDGE,CLOSED,True,299.12,1.0,False,False,300.66995000000003
G_010028,GAMMA,LONG,1970-01-01 00:28:57.358200,352.62,1970-01-01 00:28:57.360900,357.8,0.014690034598151004,SL_HIT,368.48789999999997,GAMMA_HEDGE,CLOSED,True,362.23,1.0,False,False,360.4669
G_010028,GAMMA,SHORT,1970-01-01 00:28:57.601200,338.57,1970-01-01 00:28:57.608400,335.83,0.008092861151312901,SL_HIT,323.33435,GAMMA_HEDGE,CLOSED,True,332.84,1.0,False,False,334.53285
G_010028,GAMMA,SHORT,1970-01-01 00:28:57.598500,337.28,1970-01-01 00:28:57.630000,336.04,0.0036764705882351527,SL_HIT,322.1024,GAMMA_HEDGE,CLOSED,True,331.29,1.0,False,False,332.9764
G_010028,GAMMA,LONG,1970-01-01 00:28:57.698400,346.1,1970-01-01 00:28:57.702900,349.09,0.00863912164114404,SL_HIT,361.6745,GAMMA_HEDGE,CLOSED,True,353.26,1.0,False,False,351.5295
G_010028,GAMMA,SHORT,1970-01-01 00:28:57.936000,317.35,1970-01-01 00:28:57.936000,302.38,0.047171892232550895,TP_FULL,303.06925,GAMMA_HEDGE,CLOSED,True,302.38,1.0,False,False,305.66675
G_010028,GAMMA,SHORT,1970-01-01 00:28:57.940500,308.49,1970-01-01 00:28:57.946800,304.85,0.01179941002949848,SL_HIT,294.60795,GAMMA_HEDGE,CLOSED,True,302.38,1.0,False,False,303.92244999999997
G_010028,GAMMA,SHORT,1970-01-01 00:28:57.946800,304.85,1970-01-01 00:28:57.946800,288.45,0.053796949319337484,TP_FULL,291.13175,GAMMA_HEDGE,CLOSED,True,288.45,1.0,False,False,297.23425
G_010028,GAMMA,SHORT,1970-01-01 00:28:57.947700,305.96,1970-01-01 00:28:57.947700,288.45,0.05722970322918026,TP_FULL,292.19179999999994,GAMMA_HEDGE,CLOSED,True,288.45,1.0,False,False,297.2398
G_010028,GAMMA,LONG,1970-01-01 00:28:58.234800,307.43,1970-01-01 00:28:58.247400,315.29,0.025566795693328606,SL_HIT,321.26435,GAMMA_HEDGE,CLOSED,True,317.83,1.0,False,False,316.29285
G_010028,GAMMA,LONG,1970-01-01 00:28:58.329300,328.37,1970-01-01 00:28:58.329300,343.81,0.04702012973170508,TP_FULL,343.14664999999997,GAMMA_HEDGE,CLOSED,True,343.81,1.0,False,False,336.53815000000003
G_010028,GAMMA,SHORT,1970-01-01 00:28:58.449000,300.78,1970-01-01 00:28:58.452600,299.13,0.00548573708358261,SL_HIT,287.2449,GAMMA_HEDGE,CLOSED,True,296.59,1.0,False,False,298.09389999999996
G_010028,GAMMA,LONG,1970-01-01 00:28:58.472400,291.94,1970-01-01 00:28:58.495800,285.02,-0.023703500719325945,SL_HIT,302.1579,GAMMA_NORMAL,CLOSED,False,296.07,1.0,False,False,286.1012
G_010028,GAMMA,SHORT,1970-01-01 00:28:58.519200,266.67,1970-01-01 00:28:58.523700,262.66,0.015037312033599546,SL_HIT,254.66985,GAMMA_HEDGE,CLOSED,True,260.36,1.0,False,False,261.69335
G_010028,GAMMA,SHORT,1970-01-01 00:28:58.520100,269.3,1970-01-01 00:28:58.523700,262.66,0.024656516895655352,SL_HIT,257.1815,GAMMA_HEDGE,CLOSED,True,260.36,1.0,False,False,261.7065
G_010028,GAMMA,SHORT,1970-01-01 00:28:58.548000,219.06,1970-01-01 00:28:58.551600,225.38,-0.02885054323016522,SL_HIT,209.20229999999998,GAMMA_HEDGE,CLOSED,False,217.22,1.0,False,False,222.34589999999997
G_010028,GAMMA,SHORT,1970-01-01 00:28:58.553400,227.04,1970-01-01 00:28:58.558800,223.53,0.015459830866807571,SL_HIT,216.82319999999999,GAMMA_HEDGE,CLOSED,True,222.2,1.0,False,False,223.3352
G_010028,GAMMA,LONG,1970-01-01 00:28:58.569600,242.4,1970-01-01 00:28:58.570500,237.64,-0.019636963696369716,SL_HIT,253.308,GAMMA_HEDGE,CLOSED,False,242.4,1.0,False,False,238.764
G_010028,GAMMA,LONG,1970-01-01 00:28:58.570500,237.64,1970-01-01 00:28:58.574100,239.42,0.007490321494697867,SL_HIT,248.33379999999997,GAMMA_HEDGE,CLOSED,True,242.13,1.0,False,False,240.9418
G_010028,GAMMA,SHORT,1970-01-01 00:28:58.638000,269.13,1970-01-01 00:28:58.638000,255.65,0.050087318396314015,TP_FULL,257.01914999999997,GAMMA_HEDGE,CLOSED,True,255.65,1.0,False,False,266.19565
G_010028,GAMMA,SHORT,1970-01-01 00:28:58.854000,253.97,1970-01-01 00:28:58.857600,250.19,0.01488364767492224,SL_HIT,242.54135,GAMMA_HEDGE,CLOSED,True,247.63,1.0,False,False,248.89985
G_010028,GAMMA,SHORT,1970-01-01 00:28:58.865700,244.91,1970-01-01 00:28:58.880100,243.08,0.007472132620146111,SL_HIT,233.88905,GAMMA_HEDGE,CLOSED,True,241.44,1.0,False,False,242.66455
G_010028,GAMMA,SHORT,1970-01-01 00:28:58.864800,244.24,1970-01-01 00:28:58.885500,241.32,0.011955453652145495,SL_HIT,233.2492,GAMMA_HEDGE,CLOSED,True,240.05,1.0,False,False,241.27120000000002
G_010028,GAMMA,LONG,1970-01-01 00:28:58.929600,253.61,1970-01-01 00:28:58.938600,256.9,0.012972674579077968,SL_HIT,265.02245,GAMMA_HEDGE,CLOSED,True,261.13,1.0,False,False,259.86195
G_010028,GAMMA,LONG,1970-01-01 00:28:58.932300,254.73,1970-01-01 00:28:58.938600,256.9,0.008518823852706739,SL_HIT,266.19284999999996,GAMMA_HEDGE,CLOSED,True,261.13,1.0,False,False,259.85635
G_010028,GAMMA,SHORT,1970-01-01 00:28:58.968300,233.93,1970-01-01 00:28:58.971900,237.93,-0.017099132219039883,SL_HIT,223.40315,GAMMA_HEDGE,CLOSED,False,233.89,1.0,False,False,237.43894999999998
G_010028,GAMMA,LONG,1970-01-01 00:28:59.214900,255.42,1970-01-01 00:28:59.223900,251.02,-0.017226528854435742,SL_HIT,266.91389999999996,GAMMA_HEDGE,CLOSED,False,255.42,1.0,False,False,251.5887
G_010028,GAMMA,LONG,1970-01-01 00:28:59.238300,258.36,1970-01-01 00:28:59.279700,253.53,-0.018694844403158432,SL_HIT,269.9862,GAMMA_HEDGE,CLOSED,False,261.06,1.0,False,False,254.4846
G_010028,GAMMA,SHORT,1970-01-01 00:28:59.298600,244.64,1970-01-01 00:28:59.330100,242.61,0.00829790712884227,SL_HIT,233.63119999999998,GAMMA_HEDGE,CLOSED,True,240.24,1.0,False,False,241.4632
G_010028,GAMMA,SHORT,1970-01-01 00:28:59.300400,244.44,1970-01-01 00:28:59.330100,242.61,0.007486499754540927,SL_HIT,233.44019999999998,GAMMA_HEDGE,CLOSED,True,240.24,1.0,False,False,241.4622
G_010028,GAMMA,LONG,1970-01-01 00:28:59.558700,266.17,1970-01-01 00:28:59.566800,261.36,-0.01807115753090131,SL_HIT,278.14765,GAMMA_HEDGE,CLOSED,False,267.13,1.0,False,False,262.17745
G_010028,GAMMA,LONG,1970-01-01 00:28:59.783700,265.49,1970-01-01 00:28:59.789100,268.05,0.009642547741911192,SL_HIT,277.43705,GAMMA_HEDGE,CLOSED,True,271.66,1.0,False,False,270.33255
G_010028,GAMMA,LONG,1970-01-01 00:28:59.788200,270.48,1970-01-01 00:28:59.790900,266.35,-0.015269151138716339,SL_HIT,282.6516,GAMMA_HEDGE,CLOSED,False,270.48,1.0,False,False,266.4228
G_010028,GAMMA,SHORT,1970-01-01 00:28:59.859300,251.69,1970-01-01 00:28:59.871900,256.35,-0.01851483968373803,SL_HIT,240.36395,GAMMA_HEDGE,CLOSED,False,249.94,1.0,False,False,255.46534999999997
G_010028,GAMMA,SHORT,1970-01-01 00:28:59.861100,252.44,1970-01-01 00:28:59.871900,256.35,-0.015488829028680182,SL_HIT,241.0802,GAMMA_HEDGE,CLOSED,False,249.94,1.0,False,False,256.22659999999996
G_010029,GAMMA,SHORT,1970-01-01 00:29:00.164400,244.89,1970-01-01 00:29:00.168000,242.74,0.008779451998856536,SL_HIT,233.86995,GAMMA_HEDGE,CLOSED,True,240.3,1.0,False,False,241.52445
G_010029,GAMMA,SHORT,1970-01-01 00:29:00.168000,242.74,1970-01-01 00:29:00.176100,241.41,0.005479113454725272,SL_HIT,231.8167,GAMMA_HEDGE,CLOSED,True,239.01,1.0,False,False,240.22369999999998
G_010029,GAMMA,LONG,1970-01-01 00:29:00.171600,241.41,1970-01-01 00:29:00.188700,244.27,0.01184706515885843,SL_HIT,249.85934999999998,GAMMA_NORMAL,CLOSED,True,246.07,1.0,False,False,244.86294999999998
G_010029,GAMMA,LONG,1970-01-01 00:29:00.174300,239.66,1970-01-01 00:29:00.188700,244.27,0.019235583743636875,SL_HIT,248.04809999999998,GAMMA_NORMAL,CLOSED,True,246.07,1.0,False,False,244.8717
G_010029,GAMMA,SHORT,1970-01-01 00:29:00.373200,237.43,1970-01-01 00:29:00.387600,235.02,0.01015036010613653,SL_HIT,226.74564999999998,GAMMA_HEDGE,CLOSED,True,233.55,1.0,False,False,234.73715
G_010029,GAMMA,SHORT,1970-01-01 00:29:00.375000,238.92,1970-01-01 00:29:00.387600,235.02,0.016323455549974792,SL_HIT,228.16859999999997,GAMMA_HEDGE,CLOSED,True,233.55,1.0,False,False,234.74460000000002
G_010029,GAMMA,SHORT,1970-01-01 00:29:00.468600,194.13,1970-01-01 00:29:00.470400,197.92,-0.01952300005151183,SL_HIT,185.39415,GAMMA_HEDGE,CLOSED,False,194.13,1.0,False,False,197.04194999999999
G_010029,GAMMA,LONG,1970-01-01 00:29:00.525300,205.43,1970-01-01 00:29:00.529800,202.01,-0.01664800662026002,SL_HIT,214.67435,GAMMA_HEDGE,CLOSED,False,205.43,1.0,False,False,202.34855000000002
G_010029,GAMMA,LONG,1970-01-01 00:29:00.521700,203.68,1970-01-01 00:29:00.545100,207.43,0.01841123330714847,SL_HIT,212.8456,GAMMA_HEDGE,CLOSED,True,208.94,1.0,False,False,207.92159999999998
G_010029,GAMMA,LONG,1970-01-01 00:29:00.570300,208.97,1970-01-01 00:29:00.573000,205.67,-0.01579174044121171,SL_HIT,218.37365,GAMMA_HEDGE,CLOSED,False,208.97,1.0,False,False,205.83545
G_010029,GAMMA,SHORT,1970-01-01 00:29:00.716100,185.83,1970-01-01 00:29:00.726000,184.8,0.00554270031749449,SL_HIT,177.46765,GAMMA_HEDGE,CLOSED,True,182.74,1.0,False,False,183.66915
G_010029,GAMMA,SHORT,1970-01-01 00:29:00.721500,185.06,1970-01-01 00:29:00.730500,180.94,0.022263049821679478,SL_HIT,176.73229999999998,GAMMA_HEDGE,CLOSED,True,179.44,1.0,False,False,180.3653
G_010029,GAMMA,LONG,1970-01-01 00:29:00.937500,221.81,1970-01-01 00:29:00.940200,217.03,-0.02154997520400343,SL_HIT,231.79145,GAMMA_HEDGE,CLOSED,False,221.81,1.0,False,False,218.48285
G_010029,GAMMA,LONG,1970-01-01 00:29:00.940200,217.03,1970-01-01 00:29:00.947400,221.13,0.018891397502649378,SL_HIT,226.79635,GAMMA_HEDGE,CLOSED,True,222.22,1.0,False,False,221.13485
G_010029,GAMMA,LONG,1970-01-01 00:29:00.942000,216.14,1970-01-01 00:29:00.947400,221.13,0.023086888128065187,SL_HIT,225.86629999999997,GAMMA_HEDGE,CLOSED,True,222.22,1.0,False,False,221.1393
G_010029,GAMMA,SHORT,1970-01-01 00:29:01.032000,182.62,1970-01-01 00:29:01.034700,182.36,0.0014237213886758892,SL_HIT,174.4021,GAMMA_HEDGE,CLOSED,True,180.03,1.0,False,False,180.94310000000002
G_010029,GAMMA,SHORT,1970-01-01 00:29:01.034700,182.36,1970-01-01 00:29:01.039200,180.08,0.012502741829348546,SL_HIT,174.15380000000002,GAMMA_HEDGE,CLOSED,True,178.37,1.0,False,False,179.2818
G_010029,GAMMA,SHORT,1970-01-01 00:29:01.039200,180.08,1970-01-01 00:29:01.041900,183.51,-0.01904709018214115,SL_HIT,171.9764,GAMMA_HEDGE,CLOSED,False,180.08,1.0,False,False,182.78119999999998
G_010029,GAMMA,SHORT,1970-01-01 00:29:01.055400,171.42,1970-01-01 00:29:01.061700,174.07,-0.0154591062886478,SL_HIT,163.7061,GAMMA_HEDGE,CLOSED,False,170.76,1.0,False,False,173.99129999999997
G_010029,GAMMA,SHORT,1970-01-01 00:29:01.056300,172.26,1970-01-01 00:29:01.065300,175.9,-0.0211308487170557,SL_HIT,164.5083,GAMMA_HEDGE,CLOSED,False,170.76,1.0,False,False,174.84389999999996
G_010029,GAMMA,LONG,1970-01-01 00:29:01.115700,209.8,1970-01-01 00:29:01.121100,205.0,-0.02287893231649195,SL_HIT,219.24099999999999,GAMMA_HEDGE,CLOSED,False,210.34,1.0,False,False,206.65300000000002
G_010029,GAMMA,SHORT,1970-01-01 00:29:01.119300,209.87,1970-01-01 00:29:01.122900,209.62,0.0011912136084242626,SL_HIT,202.52455,GAMMA_NORMAL,CLOSED,True,204.5,1.0,False,False,205.54935
G_010029,GAMMA,LONG,1970-01-01 00:29:01.151700,212.26,1970-01-01 00:29:01.151700,223.98,0.05521530198812776,TP_FULL,221.81169999999997,GAMMA_HEDGE,CLOSED,True,223.98,1.0,False,False,220.1387
G_010029,GAMMA,LONG,1970-01-01 00:29:01.166100,222.97,1970-01-01 00:29:01.171500,219.62,-0.015024442750145734,SL_HIT,233.00365,GAMMA_HEDGE,CLOSED,False,223.97,1.0,False,False,219.62545
G_010029,GAMMA,LONG,1970-01-01 00:29:01.170600,223.0,1970-01-01 00:29:01.171500,219.62,-0.01515695067264572,SL_HIT,233.035,GAMMA_HEDGE,CLOSED,False,223.0,1.0,False,False,219.655
G_010029,GAMMA,LONG,1970-01-01 00:29:01.288500,211.98,1970-01-01 00:29:01.306500,203.31,-0.040900084913671045,SL_HIT,219.39929999999998,GAMMA_NORMAL,CLOSED,False,214.63,1.0,False,False,207.7404
G_010029,GAMMA,SHORT,1970-01-01 00:29:01.518000,189.47,1970-01-01 00:29:01.523400,193.11,-0.019211484667757506,SL_HIT,180.94385,GAMMA_HEDGE,CLOSED,False,189.47,1.0,False,False,192.31204999999997
G_010029,GAMMA,SHORT,1970-01-01 00:29:01.545900,179.35,1970-01-01 00:29:01.550400,182.49,-0.017507666573738583,SL_HIT,171.27925,GAMMA_HEDGE,CLOSED,False,179.02,1.0,False,False,182.04025
G_010029,GAMMA,SHORT,1970-01-01 00:29:01.548600,181.57,1970-01-01 00:29:01.559400,179.52,0.011290411411576709,SL_HIT,173.39935,GAMMA_HEDGE,CLOSED,True,177.19,1.0,False,False,178.09785
G_010029,GAMMA,SHORT,1970-01-01 00:29:01.653900,173.75,1970-01-01 00:29:01.656600,173.16,0.00339568345323743,SL_HIT,165.93125,GAMMA_HEDGE,CLOSED,True,167.42,1.0,False,False,168.28875
G_010029,GAMMA,SHORT,1970-01-01 00:29:01.888800,165.96,1970-01-01 00:29:01.896000,161.83,0.024885514581826917,SL_HIT,158.4918,GAMMA_HEDGE,CLOSED,True,160.84,1.0,False,False,161.6698
G_010029,GAMMA,SHORT,1970-01-01 00:29:01.895100,161.03,1970-01-01 00:29:01.905000,163.6,-0.015959759051108448,SL_HIT,153.78365,GAMMA_HEDGE,CLOSED,False,160.68,1.0,False,False,163.44545
G_010029,GAMMA,LONG,1970-01-01 00:29:02.385600,179.73,1970-01-01 00:29:02.400900,180.69,0.005341345351360418,SL_HIT,187.81784999999996,GAMMA_HEDGE,CLOSED,True,182.17,1.0,False,False,181.27134999999998
G_010029,GAMMA,LONG,1970-01-01 00:29:02.386500,178.49,1970-01-01 00:29:02.400900,180.69,0.012325620482940156,SL_HIT,186.52205,GAMMA_HEDGE,CLOSED,True,182.17,1.0,False,False,181.27755
G_010029,GAMMA,LONG,1970-01-01 00:29:02.516100,179.45,1970-01-01 00:29:02.519700,180.04,0.0032878239063806264,SL_HIT,187.52524999999997,GAMMA_HEDGE,CLOSED,True,181.95,1.0,False,False,181.05274999999997
G_010029,GAMMA,LONG,1970-01-01 00:29:02.795100,188.86,1970-01-01 00:29:02.801400,190.85,0.010536905644392568,SL_HIT,197.3587,GAMMA_HEDGE,CLOSED,True,191.86,1.0,False,False,190.91570000000002
G_010029,GAMMA,LONG,1970-01-01 00:29:02.797800,191.13,1970-01-01 00:29:02.814900,192.69,0.008161983989954493,SL_HIT,199.73084999999998,GAMMA_HEDGE,CLOSED,True,193.86,1.0,False,False,192.90435000000002
G_010029,GAMMA,SHORT,1970-01-01 00:29:03.009300,179.4,1970-01-01 00:29:03.017400,177.54,0.010367892976588704,SL_HIT,171.327,GAMMA_HEDGE,CLOSED,True,175.42,1.0,False,False,176.31699999999998
G_010029,GAMMA,SHORT,1970-01-01 00:29:03.011100,178.37,1970-01-01 00:29:03.017400,177.54,0.0046532488647194736,SL_HIT,170.34335,GAMMA_HEDGE,CLOSED,True,175.42,1.0,False,False,176.31185
G_010029,GAMMA,SHORT,1970-01-01 00:29:03.141600,178.95,1970-01-01 00:29:03.153300,175.8,0.017602682313495262,SL_HIT,170.89724999999999,GAMMA_HEDGE,CLOSED,True,174.55,1.0,False,False,175.44475
G_010029,GAMMA,LONG,1970-01-01 00:29:03.496200,168.16,1970-01-01 00:29:03.507000,165.31,-0.016948144624167424,SL_HIT,175.72719999999998,GAMMA_HEDGE,CLOSED,False,169.21,1.0,False,False,165.6376
G_010029,GAMMA,SHORT,1970-01-01 00:29:03.573600,158.62,1970-01-01 00:29:03.584400,161.31,-0.016958769385953837,SL_HIT,151.4821,GAMMA_HEDGE,CLOSED,False,157.76,1.0,False,False,160.99929999999998
G_010029,GAMMA,SHORT,1970-01-01 00:29:03.571800,159.31,1970-01-01 00:29:03.600600,158.51,0.005021655891030138,SL_HIT,152.14105,GAMMA_HEDGE,CLOSED,True,156.33,1.0,False,False,157.12655
G_010029,GAMMA,SHORT,1970-01-01 00:29:03.597900,158.22,1970-01-01 00:29:03.606900,160.8,-0.016306408797876454,SL_HIT,151.1001,GAMMA_HEDGE,CLOSED,False,156.33,1.0,False,False,160.59329999999997
G_010029,GAMMA,SHORT,1970-01-01 00:29:03.961500,138.32,1970-01-01 00:29:03.961500,131.8,0.0471370734528628,TP_FULL,132.0956,GAMMA_HEDGE,CLOSED,True,131.8,1.0,False,False,133.1216
G_010029,GAMMA,SHORT,1970-01-01 00:29:03.973200,129.66,1970-01-01 00:29:03.982200,129.86,-0.0015424957581367967,SL_HIT,123.8253,GAMMA_HEDGE,CLOSED,True,126.95,1.0,False,False,127.59830000000001
G_010029,GAMMA,SHORT,1970-01-01 00:29:03.975000,129.46,1970-01-01 00:29:03.982200,129.86,-0.0030897574540399014,SL_HIT,123.6343,GAMMA_HEDGE,CLOSED,True,126.95,1.0,False,False,127.5973
G_010029,GAMMA,SHORT,1970-01-01 00:29:04.012800,116.54,1970-01-01 00:29:04.013700,119.87,-0.028573880212802456,SL_HIT,111.2957,GAMMA_HEDGE,CLOSED,False,116.54,1.0,False,False,118.2881
G_010029,GAMMA,SHORT,1970-01-01 00:29:04.133400,127.23,1970-01-01 00:29:04.147800,125.92,0.010296313762477421,SL_HIT,121.50465,GAMMA_HEDGE,CLOSED,True,125.15,1.0,False,False,125.78615
G_010029,GAMMA,LONG,1970-01-01 00:29:04.223400,141.57,1970-01-01 00:29:04.234200,142.91,0.009465282192554944,SL_HIT,147.94064999999998,GAMMA_HEDGE,CLOSED,True,144.3,1.0,False,False,143.59215
G_010029,GAMMA,LONG,1970-01-01 00:29:04.224300,140.65,1970-01-01 00:29:04.234200,142.91,0.016068254532527484,SL_HIT,146.97925,GAMMA_HEDGE,CLOSED,True,144.3,1.0,False,False,143.59675000000001
G_010029,GAMMA,LONG,1970-01-01 00:29:04.231500,144.0,1970-01-01 00:29:04.245000,141.22,-0.019305555555555562,SL_HIT,150.48,GAMMA_HEDGE,CLOSED,False,144.69,1.0,False,False,141.84
G_010029,GAMMA,SHORT,1970-01-01 00:29:04.302600,129.34,1970-01-01 00:29:04.315200,131.75,-0.018633060151538552,SL_HIT,123.5197,GAMMA_HEDGE,CLOSED,False,128.95,1.0,False,False,131.2801
G_010029,GAMMA,SHORT,1970-01-01 00:29:04.300800,129.87,1970-01-01 00:29:04.317000,132.45,-0.019866019866019744,SL_HIT,124.02585,GAMMA_HEDGE,CLOSED,False,128.56,1.0,False,False,131.81805
G_010029,GAMMA,LONG,1970-01-01 00:29:04.470000,146.73,1970-01-01 00:29:04.485300,147.96,0.008382743815170846,SL_HIT,153.33284999999998,GAMMA_HEDGE,CLOSED,True,149.12,1.0,False,False,148.38635
G_010029,GAMMA,LONG,1970-01-01 00:29:04.472700,147.35,1970-01-01 00:29:04.490700,148.71,0.009229725144214548,SL_HIT,153.98074999999997,GAMMA_HEDGE,CLOSED,True,149.54,1.0,False,False,148.80325
G_010029,GAMMA,SHORT,1970-01-01 00:29:04.552800,140.61,1970-01-01 00:29:04.564500,143.11,-0.017779674276367254,SL_HIT,134.28255000000001,GAMMA_HEDGE,CLOSED,False,140.06,1.0,False,False,142.71915
G_010029,GAMMA,SHORT,1970-01-01 00:29:04.554600,140.89,1970-01-01 00:29:04.564500,143.11,-0.015756973525445576,SL_HIT,134.54995,GAMMA_HEDGE,CLOSED,False,140.06,1.0,False,False,143.00334999999998
G_010029,GAMMA,SHORT,1970-01-01 00:29:05.206200,144.43,1970-01-01 00:29:05.206200,139.19,0.03628055113203634,TP_FULL,139.37495,GAMMA_NORMAL,CLOSED,True,139.19,1.0,False,False,140.41215
G_010029,GAMMA,LONG,1970-01-01 00:29:05.363700,158.08,1970-01-01 00:29:05.372700,158.96,0.005566801619433169,SL_HIT,165.1936,GAMMA_HEDGE,CLOSED,True,161.54,1.0,False,False,160.7496
G_010029,GAMMA,LONG,1970-01-01 00:29:05.368200,158.4,1970-01-01 00:29:05.372700,158.96,0.0035353535353535494,SL_HIT,165.528,GAMMA_HEDGE,CLOSED,True,161.54,1.0,False,False,160.748
G_010029,GAMMA,LONG,1970-01-01 00:29:05.370900,161.54,1970-01-01 00:29:05.372700,158.96,-0.01597127646403358,SL_HIT,168.80929999999998,GAMMA_HEDGE,CLOSED,False,161.54,1.0,False,False,159.1169
G_010029,GAMMA,SHORT,1970-01-01 00:29:06.072900,167.4,1970-01-01 00:29:06.094500,172.86,-0.03261648745519718,SL_HIT,161.541,GAMMA_NORMAL,CLOSED,False,167.4,1.0,False,False,170.74800000000002
G_010029,GAMMA,LONG,1970-01-01 00:29:06.095400,172.27,1970-01-01 00:29:06.107100,173.55,0.007430196784117961,SL_HIT,180.02215,GAMMA_HEDGE,CLOSED,True,175.57,1.0,False,False,174.70865
G_010029,GAMMA,LONG,1970-01-01 00:29:06.097200,172.82,1970-01-01 00:29:06.107100,173.55,0.004224048142576196,SL_HIT,180.59689999999998,GAMMA_HEDGE,CLOSED,True,175.57,1.0,False,False,174.70589999999999
G_010029,GAMMA,LONG,1970-01-01 00:29:06.427500,177.76,1970-01-01 00:29:06.435600,179.09,0.007481998199820053,SL_HIT,185.75919999999996,GAMMA_HEDGE,CLOSED,True,180.36,1.0,False,False,179.4712
G_010029,GAMMA,SHORT,1970-01-01 00:29:06.520200,169.24,1970-01-01 00:29:06.538200,164.93,0.02546679272039708,SL_HIT,161.6242,GAMMA_HEDGE,CLOSED,True,163.72,1.0,False,False,164.5662
G_010029,GAMMA,SHORT,1970-01-01 00:29:06.524700,168.51,1970-01-01 00:29:06.538200,164.93,0.02124502996854777,SL_HIT,160.92704999999998,GAMMA_HEDGE,CLOSED,True,163.72,1.0,False,False,164.56255
G_010029,GAMMA,SHORT,1970-01-01 00:29:06.529200,167.08,1970-01-01 00:29:06.538200,164.93,0.012868087143883203,SL_HIT,159.5614,GAMMA_HEDGE,CLOSED,True,163.72,1.0,False,False,164.5554
G_010029,GAMMA,LONG,1970-01-01 00:29:06.677700,186.12,1970-01-01 00:29:06.679500,183.14,-0.01601117558564377,SL_HIT,194.4954,GAMMA_HEDGE,CLOSED,False,186.12,1.0,False,False,183.3282
G_010029,GAMMA,LONG,1970-01-01 00:29:06.678600,184.1,1970-01-01 00:29:06.693900,186.86,0.014991852254209775,SL_HIT,192.38449999999997,GAMMA_HEDGE,CLOSED,True,187.95,1.0,False,False,187.02949999999998
G_010029,GAMMA,LONG,1970-01-01 00:29:06.679500,183.14,1970-01-01 00:29:06.693900,186.86,0.020312329365512874,SL_HIT,191.38129999999998,GAMMA_HEDGE,CLOSED,True,187.95,1.0,False,False,187.0343
G_010029,GAMMA,LONG,1970-01-01 00:29:06.739800,202.95,1970-01-01 00:29:06.748800,203.86,0.0044838630204485095,SL_HIT,212.08274999999998,GAMMA_HEDGE,CLOSED,True,206.18,1.0,False,False,205.16525000000001
G_010029,GAMMA,LONG,1970-01-01 00:29:06.776700,212.04,1970-01-01 00:29:06.779400,211.51,-0.0024995283908696526,SL_HIT,221.5818,GAMMA_HEDGE,CLOSED,True,216.32,1.0,False,False,215.25979999999998
G_010029,GAMMA,LONG,1970-01-01 00:29:06.866700,218.85,1970-01-01 00:29:06.886500,220.32,0.00671692940370116,SL_HIT,228.69824999999997,GAMMA_HEDGE,CLOSED,True,222.15,1.0,False,False,221.05575000000002
G_010029,GAMMA,LONG,1970-01-01 00:29:07.165500,235.13,1970-01-01 00:29:07.187100,235.39,0.001105771275464598,SL_HIT,245.71084999999997,GAMMA_HEDGE,CLOSED,True,238.44,1.0,False,False,237.26435
G_010029,GAMMA,SHORT,1970-01-01 00:29:07.599300,220.11,1970-01-01 00:29:07.602900,225.28,-0.02348825587206391,SL_HIT,210.20505,GAMMA_HEDGE,CLOSED,False,220.11,1.0,False,False,223.41164999999998
G_010029,GAMMA,SHORT,1970-01-01 00:29:07.600200,221.4,1970-01-01 00:29:07.602900,225.28,-0.017524841915085798,SL_HIT,211.43699999999998,GAMMA_HEDGE,CLOSED,False,221.1,1.0,False,False,224.72099999999998
G_010029,GAMMA,LONG,1970-01-01 00:29:07.710000,263.48,1970-01-01 00:29:07.719000,267.91,0.016813420373462905,SL_HIT,275.3366,GAMMA_HEDGE,CLOSED,True,269.57,1.0,False,False,268.2526
G_010029,GAMMA,LONG,1970-01-01 00:29:07.711800,264.16,1970-01-01 00:29:07.719000,267.91,0.014195941853422166,SL_HIT,276.04720000000003,GAMMA_HEDGE,CLOSED,True,269.57,1.0,False,False,268.2492
G_010029,GAMMA,LONG,1970-01-01 00:29:08.334600,276.05,1970-01-01 00:29:08.351700,280.41,0.01579424017388159,SL_HIT,288.47225,GAMMA_HEDGE,CLOSED,True,281.89,1.0,False,False,280.50975
G_010029,GAMMA,SHORT,1970-01-01 00:29:08.737800,243.05,1970-01-01 00:29:08.744100,240.11,0.012096276486319677,SL_HIT,232.11275,GAMMA_HEDGE,CLOSED,True,237.59,1.0,False,False,238.80525
G_010029,GAMMA,LONG,1970-01-01 00:29:08.959200,266.1,1970-01-01 00:29:08.964600,269.54,0.012927470875610664,SL_HIT,278.0745,GAMMA_HEDGE,CLOSED,True,271.76,1.0,False,False,270.4295
G_010029,GAMMA,SHORT,1970-01-01 00:29:09.142800,255.77,1970-01-01 00:29:09.142800,240.32,0.060405833365914756,TP_FULL,244.26035,GAMMA_HEDGE,CLOSED,True,240.32,1.0,False,False,245.68885
G_010029,GAMMA,SHORT,1970-01-01 00:29:09.151800,252.1,1970-01-01 00:29:09.151800,240.32,0.04672748909163031,TP_FULL,240.75549999999998,GAMMA_HEDGE,CLOSED,True,240.32,1.0,False,False,245.6705
G_010029,GAMMA,SHORT,1970-01-01 00:29:09.152700,251.25,1970-01-01 00:29:09.157200,242.04,0.036656716417910476,SL_HIT,239.94375,GAMMA_HEDGE,CLOSED,True,240.32,1.0,False,False,241.57625
G_010029,GAMMA,SHORT,1970-01-01 00:29:09.157200,242.04,1970-01-01 00:29:09.177900,246.22,-0.017269872748306093,SL_HIT,231.14819999999997,GAMMA_HEDGE,CLOSED,False,241.17,1.0,False,False,245.67059999999998
G_010029,GAMMA,LONG,1970-01-01 00:29:09.310200,257.26,1970-01-01 00:29:09.374100,253.32,-0.015315245277151512,SL_HIT,268.83669999999995,GAMMA_HEDGE,CLOSED,False,260.18,1.0,False,False,253.40109999999999
G_010029,GAMMA,LONG,1970-01-01 00:29:09.497400,267.52,1970-01-01 00:29:09.504600,274.06,0.024446770334928307,SL_HIT,279.55839999999995,GAMMA_HEDGE,CLOSED,True,275.63,1.0,False,False,274.2924
G_010029,GAMMA,LONG,1970-01-01 00:29:09.504600,274.06,1970-01-01 00:29:09.512700,283.24,0.033496314675618505,SL_HIT,286.3927,GAMMA_HEDGE,CLOSED,True,284.93,1.0,False,False,283.5597
G_010029,GAMMA,LONG,1970-01-01 00:29:09.512700,283.24,1970-01-01 00:29:09.515400,286.35,0.010980087558254532,SL_HIT,295.9858,GAMMA_HEDGE,CLOSED,True,287.99,1.0,False,False,286.5738
G_010029,GAMMA,LONG,1970-01-01 00:29:09.515400,286.35,1970-01-01 00:29:09.524400,288.24,0.006600314300680936,SL_HIT,299.23575,GAMMA_HEDGE,CLOSED,True,290.65,1.0,False,False,289.21824999999995
G_010029,GAMMA,LONG,1970-01-01 00:29:09.556800,311.35,1970-01-01 00:29:09.559500,313.45,0.006744820941063002,SL_HIT,325.36075,GAMMA_HEDGE,CLOSED,True,317.1,1.0,False,False,315.54325
G_010029,GAMMA,LONG,1970-01-01 00:29:09.555900,313.7,1970-01-01 00:29:09.562200,308.21,-0.017500796939751383,SL_HIT,327.81649999999996,GAMMA_HEDGE,CLOSED,False,317.1,1.0,False,False,308.99449999999996
G_010029,GAMMA,LONG,1970-01-01 00:29:09.559500,313.45,1970-01-01 00:29:09.562200,308.21,-0.016717179773488626,SL_HIT,327.55524999999994,GAMMA_HEDGE,CLOSED,False,315.86,1.0,False,False,308.74825
G_010029,GAMMA,SHORT,1970-01-01 00:29:09.699000,297.8,1970-01-01 00:29:09.731400,295.93,0.006279382135661533,SL_HIT,284.399,GAMMA_HEDGE,CLOSED,True,292.36,1.0,False,False,293.849
G_010029,GAMMA,SHORT,1970-01-01 00:29:09.701700,297.4,1970-01-01 00:29:09.731400,295.93,0.0049428379287154356,SL_HIT,284.01699999999994,GAMMA_HEDGE,CLOSED,True,292.36,1.0,False,False,293.84700000000004
G_010029,GAMMA,SHORT,1970-01-01 00:29:09.724200,294.02,1970-01-01 00:29:09.738600,298.87,-0.01649547649819748,SL_HIT,280.78909999999996,GAMMA_HEDGE,CLOSED,False,292.36,1.0,False,False,298.43029999999993
G_010029,GAMMA,SHORT,1970-01-01 00:29:09.777300,270.78,1970-01-01 00:29:09.782700,266.67,0.015178373587413979,SL_HIT,258.59489999999994,GAMMA_HEDGE,CLOSED,True,263.4,1.0,False,False,264.7539
G_010029,GAMMA,LONG,1970-01-01 00:29:09.785400,270.97,1970-01-01 00:29:09.785400,283.42,0.04594604568771446,TP_FULL,280.45395,GAMMA_NORMAL,CLOSED,True,283.42,1.0,False,False,278.82515
G_010029,GAMMA,SHORT,1970-01-01 00:29:09.920400,270.19,1970-01-01 00:29:09.934800,274.85,-0.017247122395351512,SL_HIT,258.03145,GAMMA_HEDGE,CLOSED,False,268.9,1.0,False,False,274.24285
G_010029,GAMMA,SHORT,1970-01-01 00:29:10.543200,234.5,1970-01-01 00:29:10.549500,234.55,-0.0002132196162047393,SL_HIT,223.9475,GAMMA_HEDGE,CLOSED,True,228.99,1.0,False,False,230.16250000000002
G_010029,GAMMA,LONG,1970-01-01 00:29:10.710600,248.47,1970-01-01 00:29:10.717800,252.4,0.01581679880870933,SL_HIT,259.65115,GAMMA_HEDGE,CLOSED,True,256.11,1.0,False,False,254.86765000000003
G_010029,GAMMA,LONG,1970-01-01 00:29:10.711500,248.03,1970-01-01 00:29:10.717800,252.4,0.017618836431076906,SL_HIT,259.19135,GAMMA_HEDGE,CLOSED,True,256.11,1.0,False,False,254.86985
G_010029,GAMMA,LONG,1970-01-01 00:29:10.717800,252.4,1970-01-01 00:29:10.723200,255.28,0.011410459587955607,SL_HIT,263.758,GAMMA_HEDGE,CLOSED,True,257.49,1.0,False,False,256.228
G_010029,GAMMA,LONG,1970-01-01 00:29:11.184000,263.65,1970-01-01 00:29:11.198400,270.64,0.02651242177128773,SL_HIT,275.51424999999995,GAMMA_HEDGE,CLOSED,True,272.67,1.0,False,False,271.35175000000004
G_010029,GAMMA,LONG,1970-01-01 00:29:11.188500,267.83,1970-01-01 00:29:11.198400,270.64,0.010491729828622643,SL_HIT,279.88235,GAMMA_HEDGE,CLOSED,True,272.67,1.0,False,False,271.33085
G_010029,GAMMA,LONG,1970-01-01 00:29:11.189400,267.42,1970-01-01 00:29:11.198400,270.64,0.012040984219579576,SL_HIT,279.4539,GAMMA_HEDGE,CLOSED,True,272.67,1.0,False,False,271.3329
G_010029,GAMMA,LONG,1970-01-01 00:29:11.197500,272.35,1970-01-01 00:29:11.226300,275.0,0.009730126675233989,SL_HIT,284.60575,GAMMA_HEDGE,CLOSED,True,276.43,1.0,False,False,275.06825000000003
G_010029,GAMMA,SHORT,1970-01-01 00:29:11.418000,258.7,1970-01-01 00:29:11.436000,262.9,-0.016235021260146844,SL_HIT,247.05849999999998,GAMMA_HEDGE,CLOSED,False,258.7,1.0,False,False,262.5805
G_010029,GAMMA,SHORT,1970-01-01 00:29:11.416200,260.08,1970-01-01 00:29:11.446800,264.67,-0.017648415872039497,SL_HIT,248.37639999999996,GAMMA_HEDGE,CLOSED,False,258.45,1.0,False,False,263.98119999999994
G_010029,GAMMA,LONG,1970-01-01 00:29:11.976900,288.44,1970-01-01 00:29:11.990400,284.11,-0.01501178754680344,SL_HIT,301.41979999999995,GAMMA_HEDGE,CLOSED,False,290.41,1.0,False,False,284.1134
G_010029,GAMMA,LONG,1970-01-01 00:29:11.979600,289.18,1970-01-01 00:29:11.990400,284.11,-0.01753233280309839,SL_HIT,302.19309999999996,GAMMA_HEDGE,CLOSED,False,289.48,1.0,False,False,284.8423
G_010029,GAMMA,SHORT,1970-01-01 00:29:12.273900,297.12,1970-01-01 00:29:12.286500,301.85,-0.015919493807216002,SL_HIT,283.7496,GAMMA_HEDGE,CLOSED,False,293.68,1.0,False,False,301.5768
G_010029,GAMMA,LONG,1970-01-01 00:29:12.464700,324.04,1970-01-01 00:29:12.489900,327.36,0.010245648685347466,SL_HIT,338.6218,GAMMA_HEDGE,CLOSED,True,329.62,1.0,False,False,327.9998
G_010029,GAMMA,LONG,1970-01-01 00:29:13.188300,310.44,1970-01-01 00:29:13.191900,305.51,-0.015880685478675452,SL_HIT,324.40979999999996,GAMMA_HEDGE,CLOSED,False,311.49,1.0,False,False,305.7834
G_010029,GAMMA,LONG,1970-01-01 00:29:13.662600,304.9,1970-01-01 00:29:13.707600,300.22,-0.015349294850770582,SL_HIT,318.62049999999994,GAMMA_HEDGE,CLOSED,False,308.41,1.0,False,False,300.32649999999995
G_010029,GAMMA,SHORT,1970-01-01 00:29:13.873200,277.37,1970-01-01 00:29:13.877700,275.4,0.007102426361899367,SL_HIT,264.88835,GAMMA_HEDGE,CLOSED,True,272.94,1.0,False,False,274.32685
G_010029,GAMMA,LONG,1970-01-01 00:29:14.566200,272.49,1970-01-01 00:29:14.566200,285.18,0.046570516349223816,TP_FULL,284.75205,GAMMA_HEDGE,CLOSED,True,285.18,1.0,False,False,282.82755
G_010029,GAMMA,LONG,1970-01-01 00:29:14.602200,283.07,1970-01-01 00:29:14.681400,291.95,0.03137033242660824,SL_HIT,295.80814999999996,GAMMA_HEDGE,CLOSED,True,293.67,1.0,False,False,292.25465
G_010029,GAMMA,LONG,1970-01-01 00:29:14.604900,283.63,1970-01-01 00:29:14.681400,291.95,0.029333991467757267,SL_HIT,296.39335,GAMMA_HEDGE,CLOSED,True,293.67,1.0,False,False,292.25185
G_010029,GAMMA,LONG,1970-01-01 00:29:14.680500,293.35,1970-01-01 00:29:14.719200,299.75,0.02181694221919201,SL_HIT,306.55075,GAMMA_HEDGE,CLOSED,True,302.38,1.0,False,False,300.91325
G_010029,GAMMA,LONG,1970-01-01 00:29:14.681400,291.95,1970-01-01 00:29:14.719200,299.75,0.026716903579380072,SL_HIT,305.08774999999997,GAMMA_HEDGE,CLOSED,True,302.38,1.0,False,False,300.92025
G_010029,GAMMA,LONG,1970-01-01 00:29:14.719200,299.75,1970-01-01 00:29:14.742600,302.49,0.00914095079232697,SL_HIT,313.23875,GAMMA_HEDGE,CLOSED,True,304.06,1.0,False,False,302.56125000000003
G_010029,GAMMA,LONG,1970-01-01 00:29:14.717400,300.95,1970-01-01 00:29:14.762400,304.07,0.010367170626349908,SL_HIT,314.49274999999994,GAMMA_HEDGE,CLOSED,True,305.9,1.0,False,False,304.39525
G_010029,GAMMA,SHORT,1970-01-01 00:29:14.916300,296.69,1970-01-01 00:29:14.953200,294.48,0.0074488523374565355,SL_HIT,283.33895,GAMMA_HEDGE,CLOSED,True,291.76,1.0,False,False,293.24345
G_010029,GAMMA,LONG,1970-01-01 00:29:15.018900,313.91,1970-01-01 00:29:15.022500,317.38,0.011054123793443886,SL_HIT,328.03595,GAMMA_HEDGE,CLOSED,True,319.16,1.0,False,False,317.59045000000003
G_010029,GAMMA,LONG,1970-01-01 00:29:15.022500,317.38,1970-01-01 00:29:15.044100,321.27,0.012256600920032725,SL_HIT,331.66209999999995,GAMMA_HEDGE,CLOSED,True,323.2,1.0,False,False,321.6131
G_010029,GAMMA,LONG,1970-01-01 00:29:15.023400,316.2,1970-01-01 00:29:15.044100,321.27,0.01603415559772294,SL_HIT,330.429,GAMMA_HEDGE,CLOSED,True,323.2,1.0,False,False,321.61899999999997
G_010029,GAMMA,LONG,1970-01-01 00:29:15.425700,305.83,1970-01-01 00:29:15.448200,306.75,0.003008207173920204,SL_HIT,319.59234999999995,GAMMA_HEDGE,CLOSED,True,310.11,1.0,False,False,308.58085
G_010029,GAMMA,LONG,1970-01-01 00:29:15.428400,306.64,1970-01-01 00:29:15.459900,301.32,-0.017349334724758653,SL_HIT,320.43879999999996,GAMMA_HEDGE,CLOSED,False,310.11,1.0,False,False,302.0404
G_010029,GAMMA,SHORT,1970-01-01 00:29:15.484200,296.08,1970-01-01 00:29:15.492300,291.85,0.014286679275871256,SL_HIT,282.7564,GAMMA_HEDGE,CLOSED,True,290.0,1.0,False,False,291.4804
G_010029,GAMMA,SHORT,1970-01-01 00:29:15.491400,290.96,1970-01-01 00:29:15.504900,286.56,0.015122353588122002,SL_HIT,277.86679999999996,GAMMA_HEDGE,CLOSED,True,285.09,1.0,False,False,286.54479999999995
G_010029,GAMMA,SHORT,1970-01-01 00:29:15.492300,291.85,1970-01-01 00:29:15.504900,286.56,0.018125749528867637,SL_HIT,278.71675,GAMMA_HEDGE,CLOSED,True,285.09,1.0,False,False,286.54925
G_010029,GAMMA,SHORT,1970-01-01 00:29:15.497700,286.74,1970-01-01 00:29:15.521100,292.23,-0.019146264908976803,SL_HIT,273.8367,GAMMA_HEDGE,CLOSED,False,284.67,1.0,False,False,291.0411
G_010029,GAMMA,LONG,1970-01-01 00:29:15.872100,317.02,1970-01-01 00:29:15.879300,322.65,0.017759131915967435,SL_HIT,331.28589999999997,GAMMA_HEDGE,CLOSED,True,327.27,1.0,False,False,325.68489999999997
G_010029,GAMMA,LONG,1970-01-01 00:29:15.881100,321.76,1970-01-01 00:29:15.881100,336.41,0.0455308304326207,TP_FULL,336.2392,GAMMA_HEDGE,CLOSED,True,336.41,1.0,False,False,328.5812
G_010029,GAMMA,LONG,1970-01-01 00:29:15.879300,322.65,1970-01-01 00:29:15.879300,338.78,0.04999225166589182,TP_FULL,337.16925,GAMMA_HEDGE,CLOSED,True,338.78,1.0,False,False,334.79675000000003
G_010029,GAMMA,LONG,1970-01-01 00:29:15.892800,336.63,1970-01-01 00:29:15.892800,352.7,0.047737872441553024,TP_FULL,351.77835,GAMMA_HEDGE,CLOSED,True,352.7,1.0,False,False,349.32685
G_010029,GAMMA,LONG,1970-01-01 00:29:15.955800,362.06,1970-01-01 00:29:15.959400,369.2,0.019720488316853524,SL_HIT,378.35269999999997,GAMMA_HEDGE,CLOSED,True,377.3,1.0,False,False,375.4897
G_010029,GAMMA,SHORT,1970-01-01 00:29:16.109700,331.05,1970-01-01 00:29:16.130400,327.84,0.009696420480290097,SL_HIT,316.15275,GAMMA_HEDGE,CLOSED,True,325.18,1.0,False,False,326.83525000000003
G_010029,GAMMA,SHORT,1970-01-01 00:29:16.112400,329.5,1970-01-01 00:29:16.142100,325.09,0.013383915022761836,SL_HIT,314.6725,GAMMA_HEDGE,CLOSED,True,323.27,1.0,False,False,324.91749999999996
G_010029,GAMMA,SHORT,1970-01-01 00:29:16.152900,316.84,1970-01-01 00:29:16.160100,313.45,0.010699406640575643,SL_HIT,302.58219999999994,GAMMA_HEDGE,CLOSED,True,310.61,1.0,False,False,312.1942
G_010029,GAMMA,SHORT,1970-01-01 00:29:16.160100,313.45,1970-01-01 00:29:16.164600,318.53,-0.016206731536130115,SL_HIT,299.34475,GAMMA_HEDGE,CLOSED,False,313.45,1.0,False,False,318.15174999999994
G_010029,GAMMA,SHORT,1970-01-01 00:29:16.451700,307.4,1970-01-01 00:29:16.471500,312.8,-0.017566688353936353,SL_HIT,293.56699999999995,GAMMA_HEDGE,CLOSED,False,305.29,1.0,False,False,312.01099999999997
G_010029,GAMMA,SHORT,1970-01-01 00:29:16.454400,307.52,1970-01-01 00:29:16.471500,312.8,-0.017169614984391356,SL_HIT,293.68159999999995,GAMMA_HEDGE,CLOSED,False,305.29,1.0,False,False,312.1328
G_010029,GAMMA,SHORT,1970-01-01 00:29:17.001600,309.61,1970-01-01 00:29:17.085300,301.58,0.025935854785052257,SL_HIT,295.67755,GAMMA_HEDGE,CLOSED,True,299.54,1.0,False,False,301.08805
G_010029,GAMMA,SHORT,1970-01-01 00:29:17.006100,309.54,1970-01-01 00:29:17.085300,301.58,0.02571557795438404,SL_HIT,295.6107,GAMMA_HEDGE,CLOSED,True,299.54,1.0,False,False,301.08770000000004
G_010029,GAMMA,LONG,1970-01-01 00:29:17.703600,319.93,1970-01-01 00:29:17.777400,314.35,-0.01744131528771914,SL_HIT,334.32685,GAMMA_HEDGE,CLOSED,False,321.34,1.0,False,False,315.13105
G_010029,GAMMA,LONG,1970-01-01 00:29:17.704500,319.19,1970-01-01 00:29:17.777400,314.35,-0.015163382311475845,SL_HIT,333.55355,GAMMA_HEDGE,CLOSED,False,321.34,1.0,False,False,314.40215
G_010029,GAMMA,SHORT,1970-01-01 00:29:17.856600,305.6,1970-01-01 00:29:17.926800,299.44,0.020157068062827306,SL_HIT,291.848,GAMMA_HEDGE,CLOSED,True,297.54,1.0,False,False,299.06800000000004
G_010029,GAMMA,SHORT,1970-01-01 00:29:17.926800,299.44,1970-01-01 00:29:18.002400,295.84,0.012022441891530934,SL_HIT,285.9652,GAMMA_HEDGE,CLOSED,True,293.59,1.0,False,False,295.0872
G_010029,GAMMA,SHORT,1970-01-01 00:29:17.931300,298.66,1970-01-01 00:29:18.002400,295.84,0.009442175048550357,SL_HIT,285.2203,GAMMA_HEDGE,CLOSED,True,293.59,1.0,False,False,295.08329999999995
G_010029,GAMMA,LONG,1970-01-01 00:29:18.150900,306.48,1970-01-01 00:29:18.222900,309.99,0.011452623335943588,SL_HIT,320.2716,GAMMA_HEDGE,CLOSED,True,311.89,1.0,False,False,310.3576
G_010029,GAMMA,SHORT,1970-01-01 00:29:18.503700,287.57,1970-01-01 00:29:18.510900,284.41,0.010988628855582877,SL_HIT,274.62935,GAMMA_HEDGE,CLOSED,True,282.68,1.0,False,False,284.11785000000003
G_010029,GAMMA,SHORT,1970-01-01 00:29:18.510900,284.41,1970-01-01 00:29:18.510900,265.21,0.06750817481804453,TP_FULL,271.61155,GAMMA_HEDGE,CLOSED,True,265.21,1.0,False,False,279.21205000000003
G_010029,GAMMA,SHORT,1970-01-01 00:29:18.512700,284.05,1970-01-01 00:29:18.512700,265.21,0.06632635099454333,TP_FULL,271.26775,GAMMA_HEDGE,CLOSED,True,265.21,1.0,False,False,279.21025000000003
G_010029,GAMMA,LONG,1970-01-01 00:29:18.532500,264.55,1970-01-01 00:29:18.549600,267.78,0.012209412209412063,SL_HIT,273.80924999999996,GAMMA_NORMAL,CLOSED,True,270.13,1.0,False,False,268.80725
G_010029,GAMMA,LONG,1970-01-01 00:29:18.638700,276.33,1970-01-01 00:29:18.683700,271.23,-0.018456193681467687,SL_HIT,288.76484999999997,GAMMA_HEDGE,CLOSED,False,279.92,1.0,False,False,272.18505
G_010029,GAMMA,LONG,1970-01-01 00:29:19.095000,270.06,1970-01-01 00:29:19.101300,274.8,0.017551655187736093,SL_HIT,282.2127,GAMMA_HEDGE,CLOSED,True,276.3,1.0,False,False,274.9497
G_010029,GAMMA,LONG,1970-01-01 00:29:19.312800,283.34,1970-01-01 00:29:19.338000,285.37,0.007164537305004693,SL_HIT,296.09029999999996,GAMMA_HEDGE,CLOSED,True,287.24,1.0,False,False,285.8233
G_010029,GAMMA,LONG,1970-01-01 00:29:19.314600,283.94,1970-01-01 00:29:19.378500,286.37,0.008558146087201545,SL_HIT,296.71729999999997,GAMMA_HEDGE,CLOSED,True,288.44,1.0,False,False,287.0203
G_010029,GAMMA,SHORT,1970-01-01 00:29:19.856400,279.15,1970-01-01 00:29:19.882500,276.83,0.008310943936951436,SL_HIT,266.58824999999996,GAMMA_HEDGE,CLOSED,True,275.2,1.0,False,False,276.59575
G_010029,GAMMA,LONG,1970-01-01 00:29:19.954500,285.1,1970-01-01 00:29:19.977000,279.45,-0.019817607856892436,SL_HIT,297.9295,GAMMA_HEDGE,CLOSED,False,286.52,1.0,False,False,280.8235
G_010029,GAMMA,SHORT,1970-01-01 00:29:20.120100,262.24,1970-01-01 00:29:20.124600,258.48,0.014338010982306248,SL_HIT,250.4392,GAMMA_HEDGE,CLOSED,True,255.73,1.0,False,False,257.0412
G_010029,GAMMA,SHORT,1970-01-01 00:29:20.121900,260.53,1970-01-01 00:29:20.124600,258.48,0.00786857559590049,SL_HIT,248.80614999999997,GAMMA_HEDGE,CLOSED,True,255.73,1.0,False,False,257.03265
G_010029,GAMMA,SHORT,1970-01-01 00:29:20.124600,258.48,1970-01-01 00:29:20.124600,245.38,0.05068090374497068,TP_FULL,246.8484,GAMMA_HEDGE,CLOSED,False,245.38,1.0,False,False,262.3572
G_010029,GAMMA,SHORT,1970-01-01 00:29:20.126400,258.89,1970-01-01 00:29:20.126400,245.38,0.05218432538916139,TP_FULL,247.23994999999996,GAMMA_HEDGE,CLOSED,False,245.38,1.0,False,False,262.77334999999994
G_010029,GAMMA,LONG,1970-01-01 00:29:20.178600,241.73,1970-01-01 00:29:20.186700,236.97,-0.01969139122161085,SL_HIT,252.60784999999998,GAMMA_HEDGE,CLOSED,False,242.95,1.0,False,False,238.10405
G_010029,GAMMA,LONG,1970-01-01 00:29:20.292900,251.31,1970-01-01 00:29:20.299200,253.57,0.008992877322828344,SL_HIT,262.61895,GAMMA_HEDGE,CLOSED,True,255.7,1.0,False,False,254.44344999999998
G_010029,GAMMA,LONG,1970-01-01 00:29:20.293800,251.33,1970-01-01 00:29:20.299200,253.57,0.008912585047546972,SL_HIT,262.63984999999997,GAMMA_HEDGE,CLOSED,True,255.7,1.0,False,False,254.44334999999998
G_010029,GAMMA,LONG,1970-01-01 00:29:20.382900,258.88,1970-01-01 00:29:20.390100,261.05,0.008382262051916008,SL_HIT,270.52959999999996,GAMMA_HEDGE,CLOSED,True,262.45,1.0,False,False,261.1556
G_010029,GAMMA,LONG,1970-01-01 00:29:20.389200,261.63,1970-01-01 00:29:20.409000,257.58,-0.015479876160990756,SL_HIT,273.40335,GAMMA_HEDGE,CLOSED,False,262.0,1.0,False,False,257.70555
G_010029,GAMMA,LONG,1970-01-01 00:29:20.386500,260.25,1970-01-01 00:29:20.410800,254.58,-0.021786743515850096,SL_HIT,271.96125,GAMMA_HEDGE,CLOSED,False,262.45,1.0,False,False,256.34625
G_010029,GAMMA,SHORT,1970-01-01 00:29:20.648400,228.89,1970-01-01 00:29:20.655600,224.35,0.019834855170605934,SL_HIT,218.58995,GAMMA_HEDGE,CLOSED,True,222.48,1.0,False,False,223.62445
G_010029,GAMMA,SHORT,1970-01-01 00:29:20.650200,228.54,1970-01-01 00:29:20.655600,224.35,0.018333770893497848,SL_HIT,218.2557,GAMMA_HEDGE,CLOSED,True,222.48,1.0,False,False,223.62269999999998
G_010029,GAMMA,SHORT,1970-01-01 00:29:20.655600,224.35,1970-01-01 00:29:20.655600,213.25,0.049476264764876286,TP_FULL,214.25424999999998,GAMMA_HEDGE,CLOSED,True,213.25,1.0,False,False,216.62175
G_010029,GAMMA,SHORT,1970-01-01 00:29:20.659200,223.44,1970-01-01 00:29:20.659200,213.25,0.045605084138918714,TP_FULL,213.3852,GAMMA_HEDGE,CLOSED,True,213.25,1.0,False,False,216.6172
G_010029,GAMMA,SHORT,1970-01-01 00:29:20.693400,208.18,1970-01-01 00:29:20.697900,206.95,0.00590834854452886,SL_HIT,198.8119,GAMMA_HEDGE,CLOSED,True,204.88,1.0,False,False,205.9209
G_010029,GAMMA,SHORT,1970-01-01 00:29:20.691600,206.22,1970-01-01 00:29:20.698800,210.51,-0.02080302589467555,SL_HIT,196.9401,GAMMA_HEDGE,CLOSED,False,204.88,1.0,False,False,209.31329999999997
G_010029,GAMMA,LONG,1970-01-01 00:29:20.878800,220.41,1970-01-01 00:29:20.886900,224.34,0.017830406968830845,SL_HIT,230.32844999999998,GAMMA_HEDGE,CLOSED,True,225.73,1.0,False,False,224.62795
G_010029,GAMMA,SHORT,1970-01-01 00:29:20.889600,224.02,1970-01-01 00:29:20.921100,220.18,0.017141326667261866,SL_HIT,216.1793,GAMMA_NORMAL,CLOSED,True,218.76,1.0,False,False,219.8801
G_010029,GAMMA,LONG,1970-01-01 00:29:20.937300,228.28,1970-01-01 00:29:20.951700,232.75,0.019581216050464336,SL_HIT,238.55259999999998,GAMMA_HEDGE,CLOSED,True,234.04,1.0,False,False,232.8986
G_010029,GAMMA,LONG,1970-01-01 00:29:20.943600,233.11,1970-01-01 00:29:20.975100,228.42,-0.02011925700313168,SL_HIT,243.59995,GAMMA_HEDGE,CLOSED,False,233.94,1.0,False,False,229.61335
G_010029,GAMMA,LONG,1970-01-01 00:29:20.944500,233.08,1970-01-01 00:29:20.975100,228.42,-0.019993135404153185,SL_HIT,243.5686,GAMMA_HEDGE,CLOSED,False,233.94,1.0,False,False,229.5838
G_010029,GAMMA,SHORT,1970-01-01 00:29:21.020100,222.04,1970-01-01 00:29:21.028200,219.8,0.010088272383354264,SL_HIT,212.04819999999998,GAMMA_HEDGE,CLOSED,True,218.54,1.0,False,False,219.65019999999998
G_010029,GAMMA,LONG,1970-01-01 00:29:21.061500,235.48,1970-01-01 00:29:21.065100,231.29,-0.017793443179887878,SL_HIT,246.07659999999998,GAMMA_HEDGE,CLOSED,False,236.45,1.0,False,False,231.9478
G_010029,GAMMA,LONG,1970-01-01 00:29:21.278400,225.97,1970-01-01 00:29:21.284700,232.78,0.030136743815550746,SL_HIT,236.13864999999998,GAMMA_HEDGE,CLOSED,True,233.92,1.0,False,False,232.79014999999998
G_010029,GAMMA,SHORT,1970-01-01 00:29:21.289200,231.04,1970-01-01 00:29:21.326100,226.49,0.01969355955678663,SL_HIT,222.9536,GAMMA_NORMAL,CLOSED,True,224.83,1.0,False,False,225.98520000000002
G_010029,GAMMA,LONG,1970-01-01 00:29:21.481800,234.81,1970-01-01 00:29:21.487200,238.48,0.015629658021378934,SL_HIT,245.37644999999998,GAMMA_HEDGE,CLOSED,True,239.94,1.0,False,False,238.76595
G_010029,GAMMA,LONG,1970-01-01 00:29:21.482700,235.22,1970-01-01 00:29:21.487200,238.48,0.013859365700195523,SL_HIT,245.80489999999998,GAMMA_HEDGE,CLOSED,True,239.94,1.0,False,False,238.7639
G_010029,GAMMA,LONG,1970-01-01 00:29:21.533100,244.22,1970-01-01 00:29:21.543900,246.48,0.009253951355335317,SL_HIT,255.20989999999998,GAMMA_HEDGE,CLOSED,True,248.4,1.0,False,False,247.1789
G_010029,GAMMA,SHORT,1970-01-01 00:29:21.834600,216.01,1970-01-01 00:29:21.840000,213.91,0.009721772140178669,SL_HIT,206.28955,GAMMA_HEDGE,CLOSED,True,212.82,1.0,False,False,213.90005
G_010029,GAMMA,SHORT,1970-01-01 00:29:21.832800,215.71,1970-01-01 00:29:21.846300,212.38,0.01543739279588342,SL_HIT,206.00305,GAMMA_HEDGE,CLOSED,True,210.72,1.0,False,False,211.79855
G_010029,GAMMA,SHORT,1970-01-01 00:29:22.146000,217.78,1970-01-01 00:29:22.154100,211.59,0.02842317935531269,SL_HIT,207.9799,GAMMA_HEDGE,CLOSED,True,210.1,1.0,False,False,211.1889
G_010029,GAMMA,LONG,1970-01-01 00:29:22.206300,200.62,1970-01-01 00:29:22.227900,204.51,0.019389891336855678,SL_HIT,207.6417,GAMMA_NORMAL,CLOSED,True,205.59,1.0,False,False,204.5869
G_010029,GAMMA,SHORT,1970-01-01 00:29:22.281000,189.71,1970-01-01 00:29:22.288200,186.9,0.014812081598228888,SL_HIT,181.17305,GAMMA_HEDGE,CLOSED,True,183.43,1.0,False,False,184.37855000000002
G_010029,GAMMA,LONG,1970-01-01 00:29:22.542900,208.78,1970-01-01 00:29:22.552800,210.54,0.008429926238145372,SL_HIT,218.1751,GAMMA_HEDGE,CLOSED,True,211.87,1.0,False,False,210.8261
G_010029,GAMMA,LONG,1970-01-01 00:29:22.544700,210.41,1970-01-01 00:29:22.562700,206.24,-0.019818449693455576,SL_HIT,219.87845,GAMMA_HEDGE,CLOSED,False,211.87,1.0,False,False,207.25385
G_010029,GAMMA,SHORT,1970-01-01 00:29:22.550100,211.48,1970-01-01 00:29:22.563600,207.86,0.01711745791564203,SL_HIT,204.07819999999998,GAMMA_NORMAL,CLOSED,True,206.24,1.0,False,False,207.2974
G_010029,GAMMA,SHORT,1970-01-01 00:29:22.885800,212.28,1970-01-01 00:29:22.906500,208.93,0.015781043904277342,SL_HIT,202.7274,GAMMA_HEDGE,CLOSED,True,207.6,1.0,False,False,208.6614
G_010029,GAMMA,SHORT,1970-01-01 00:29:22.893900,210.65,1970-01-01 00:29:22.906500,208.93,0.008165202943270822,SL_HIT,201.17075,GAMMA_HEDGE,CLOSED,True,207.6,1.0,False,False,208.65324999999999
G_010029,GAMMA,SHORT,1970-01-01 00:29:22.955100,218.24,1970-01-01 00:29:22.955100,208.97,0.042476173020527905,TP_FULL,210.6016,GAMMA_NORMAL,CLOSED,True,208.97,1.0,False,False,211.8312
G_010029,GAMMA,SHORT,1970-01-01 00:29:23.023500,214.18,1970-01-01 00:29:23.045100,211.7,0.01157904566252693,SL_HIT,206.6837,GAMMA_NORMAL,CLOSED,True,208.19,1.0,False,False,209.2609
G_010029,GAMMA,SHORT,1970-01-01 00:29:23.061300,195.34,1970-01-01 00:29:23.067600,193.36,0.010136172826865925,SL_HIT,186.5497,GAMMA_HEDGE,CLOSED,True,191.35,1.0,False,False,192.3267
G_010029,GAMMA,SHORT,1970-01-01 00:29:23.067600,193.36,1970-01-01 00:29:23.072100,196.28,-0.015101365328920082,SL_HIT,184.6588,GAMMA_HEDGE,CLOSED,False,191.72,1.0,False,False,196.2604
G_010029,GAMMA,SHORT,1970-01-01 00:29:23.114400,183.74,1970-01-01 00:29:23.114400,174.88,0.04822031130945909,TP_FULL,175.4717,GAMMA_HEDGE,CLOSED,True,174.88,1.0,False,False,179.4287
G_010029,GAMMA,SHORT,1970-01-01 00:29:23.661600,163.32,1970-01-01 00:29:23.666100,163.16,0.000979671809943648,SL_HIT,155.9706,GAMMA_HEDGE,CLOSED,True,160.31,1.0,False,False,161.1266
G_010029,GAMMA,LONG,1970-01-01 00:29:23.929800,168.16,1970-01-01 00:29:23.937000,170.02,0.011060894386298845,SL_HIT,175.72719999999998,GAMMA_HEDGE,CLOSED,True,170.89,1.0,False,False,170.04919999999998
G_010029,GAMMA,LONG,1970-01-01 00:29:23.955900,172.05,1970-01-01 00:29:23.975700,168.06,-0.023190932868352273,SL_HIT,179.79225,GAMMA_HEDGE,CLOSED,False,173.73,1.0,False,False,169.46925000000002
G_010029,GAMMA,LONG,1970-01-01 00:29:24.008100,175.68,1970-01-01 00:29:24.027900,178.41,0.015539617486338739,SL_HIT,183.5856,GAMMA_HEDGE,CLOSED,True,179.43,1.0,False,False,178.5516
G_010029,GAMMA,LONG,1970-01-01 00:29:24.017100,178.45,1970-01-01 00:29:24.082800,174.86,-0.020117680022415103,SL_HIT,186.48024999999998,GAMMA_HEDGE,CLOSED,False,180.15,1.0,False,False,175.77325
G_010029,GAMMA,LONG,1970-01-01 00:29:24.018000,178.1,1970-01-01 00:29:24.082800,174.86,-0.018192026951150932,SL_HIT,186.1145,GAMMA_HEDGE,CLOSED,False,180.15,1.0,False,False,175.42849999999999
G_010029,GAMMA,SHORT,1970-01-01 00:29:24.189000,185.25,1970-01-01 00:29:24.239400,182.91,0.01263157894736844,SL_HIT,178.76624999999999,GAMMA_NORMAL,CLOSED,True,181.93,1.0,False,False,182.85625000000002
G_010029,GAMMA,SHORT,1970-01-01 00:29:24.550800,170.9,1970-01-01 00:29:24.575100,166.41,0.026272674078408477,SL_HIT,163.2095,GAMMA_HEDGE,CLOSED,True,165.48,1.0,False,False,166.3345
G_010029,GAMMA,SHORT,1970-01-01 00:29:24.559800,167.45,1970-01-01 00:29:24.603900,164.53,0.017438041206330173,SL_HIT,159.91474999999997,GAMMA_HEDGE,CLOSED,True,162.91,1.0,False,False,163.74725
G_010029,GAMMA,LONG,1970-01-01 00:29:24.684900,173.59,1970-01-01 00:29:24.684900,182.82,0.05317126562590005,TP_FULL,181.40155,GAMMA_HEDGE,CLOSED,True,182.82,1.0,False,False,178.06205
G_010029,GAMMA,LONG,1970-01-01 00:29:24.688500,178.22,1970-01-01 00:29:24.692100,182.99,0.02676467287622046,SL_HIT,186.23989999999998,GAMMA_HEDGE,CLOSED,True,184.38,1.0,False,False,183.4889
G_010029,GAMMA,LONG,1970-01-01 00:29:24.692100,182.99,1970-01-01 00:29:24.699300,187.15,0.022733482703972876,SL_HIT,191.22455,GAMMA_HEDGE,CLOSED,True,188.15,1.0,False,False,187.23505
G_010029,GAMMA,LONG,1970-01-01 00:29:24.699300,187.15,1970-01-01 00:29:24.723600,190.12,0.015869623296820727,SL_HIT,195.57174999999998,GAMMA_HEDGE,CLOSED,True,191.25,1.0,False,False,190.31425
G_010029,GAMMA,LONG,1970-01-01 00:29:24.700200,187.67,1970-01-01 00:29:24.723600,190.12,0.013054830287206358,SL_HIT,196.11514999999997,GAMMA_HEDGE,CLOSED,True,191.25,1.0,False,False,190.31165
G_010029,GAMMA,SHORT,1970-01-01 00:29:25.415700,192.96,1970-01-01 00:29:25.425600,188.63,0.022439883913764575,SL_HIT,184.2768,GAMMA_HEDGE,CLOSED,True,187.51,1.0,False,False,188.4748
