Trade_ID,Strategy,Side,Entry_Time,Entry_Price,Exit_Time,Exit_Price,PnL_Pct,Exit_Reason,SL,Peak_Price,status,Rem_Qty,TP1_Hit,TP2_Hit
FL_1014,Flash_Reversal,LONG,2024-12-20 10:14:00,283.46,2024-12-20 10:24:00,282.93,-0.0018697523460099229,SL_HIT,283.46,283.46,CLOSED,0.4,True,False
FL_1122,Flash_Reversal,LONG,2024-12-20 11:22:00,279.89,2024-12-20 11:35:00,275.4,-0.016042016506484725,SL_HIT,275.69165,279.89,CLOSED,1.0,False,False
FL_1330,Flash_Reversal,SHORT,2024-12-20 13:30:00,292.8,2024-12-20 13:40:00,298.45,-0.019296448087431615,SL_HIT,297.192,292.8,CLOSED,1.0,False,False
FL_2030,Flash_Reversal,LONG,2024-12-20 20:30:00,326.61,2024-12-20 20:59:00,325.5,-0.0033985487278405855,SL_HIT,326.429,327.97,CLOSED,0.2,True,True
FL_0111,Flash_Reversal,SHORT,2024-12-21 01:11:00,328.07,2024-12-21 01:36:00,325.74,0.007102142835370452,SL_HIT,325.51949999999994,323.9,CLOSED,0.2,True,True
FL_0242,Flash_Reversal,SHORT,2024-12-21 02:42:00,335.8,2024-12-21 03:15:00,330.95,0.014443120905300841,SL_HIT,330.3234,328.68,CLOSED,0.2,True,True
FL_0438,Flash_Reversal,SHORT,2024-12-21 04:38:00,335.48,2024-12-21 05:06:00,334.49,0.0029509955884106623,SL_HIT,334.25649999999996,333.15,CLOSED,0.2,True,True
FL_1210,Flash_Reversal,LONG,2024-12-21 12:10:00,316.09,2024-12-21 12:28:00,315.36,-0.002309468822170779,SL_HIT,316.09,316.09,CLOSED,0.4,True,False
FL_1607,Flash_Reversal,LONG,2024-12-21 16:07:00,304.06,2024-12-21 16:32:00,306.74,0.008814049858580565,SL_HIT,307.11670000000004,308.66,CLOSED,0.2,True,True
FL_2106,Flash_Reversal,SHORT,2024-12-22 21:06:00,318.02,2024-12-22 21:28:00,319.07,-0.003301679139676786,SL_HIT,318.02,318.02,CLOSED,0.4,True,False
FL_0129,Flash_Reversal,SHORT,2024-12-23 01:29:00,316.97,2024-12-23 01:37:00,322.47,-0.017351799854875855,SL_HIT,321.72455,316.97,CLOSED,1.0,False,False
FL_0311,Flash_Reversal,SHORT,2024-12-23 03:11:00,323.45,2024-12-23 03:27:00,328.62,-0.01598392332663477,SL_HIT,328.30174999999997,323.45,CLOSED,1.0,False,False
FL_0410,Flash_Reversal,SHORT,2024-12-23 04:10:00,334.2,2024-12-23 04:31:00,333.26,0.0028126870137642063,SL_HIT,332.45399999999995,330.8,CLOSED,0.2,True,True
FL_0810,Flash_Reversal,SHORT,2024-12-23 08:10:00,331.96,2024-12-23 08:31:00,333.02,-0.003193155801903851,SL_HIT,331.96,331.96,CLOSED,0.4,True,False
FL_1643,Flash_Reversal,SHORT,2024-12-23 16:43:00,345.14,2024-12-23 16:48:00,351.0,-0.01697861737266041,SL_HIT,350.3170999999999,345.14,CLOSED,1.0,False,False
FL_1851,Flash_Reversal,LONG,2024-12-23 18:51:00,348.21,2024-12-23 19:26:00,358.18,0.02863214726745363,SL_HIT,358.31940000000003,360.12,CLOSED,0.2,True,True
FL_2108,Flash_Reversal,SHORT,2024-12-23 21:08:00,372.08,2024-12-23 21:42:00,369.94,0.005751451300795491,SL_HIT,368.68424999999996,366.85,CLOSED,0.2,True,True
FL_2217,Flash_Reversal,SHORT,2024-12-23 22:17:00,381.41,2024-12-23 22:36:00,384.72,-0.008678325161899274,SL_HIT,381.41,381.41,CLOSED,0.4,True,False
FL_0741,Flash_Reversal,LONG,2024-12-27 07:41:00,333.18,2024-12-27 08:41:00,343.73,0.031664565700222136,SL_HIT,343.9914,345.72,CLOSED,0.2,True,True
FL_0905,Flash_Reversal,SHORT,2024-12-27 09:05:00,348.44,2024-12-27 09:20:00,348.85,-0.0011766731718517536,SL_HIT,348.44,348.44,CLOSED,0.4,True,False
FL_1440,Flash_Reversal,LONG,2024-12-27 14:40:00,327.04,2024-12-27 14:55:00,326.67,-0.0011313600782779003,SL_HIT,327.04,327.04,CLOSED,0.4,True,False
FL_2141,Flash_Reversal,SHORT,2024-12-28 21:41:00,355.5,2024-12-28 22:18:00,356.2,-0.001969057665260165,SL_HIT,353.9208,352.16,CLOSED,0.2,True,True
FL_2252,Flash_Reversal,SHORT,2024-12-28 22:52:00,361.87,2024-12-28 23:28:00,355.32,0.01810042280376934,SL_HIT,354.93584999999996,353.17,CLOSED,0.2,True,True
FL_1351,Flash_Reversal,LONG,2024-12-30 13:51:00,325.13,2024-12-30 14:26:00,326.91,0.005474733183649708,SL_HIT,327.2555,328.9,CLOSED,0.2,True,True
FL_1435,Flash_Reversal,LONG,2024-12-30 14:35:00,321.84,2024-12-30 14:47:00,324.89,0.009476758637832499,SL_HIT,325.5043,327.14,CLOSED,0.2,True,True
FL_1616,Flash_Reversal,SHORT,2024-12-30 16:16:00,332.78,2024-12-30 16:39:00,329.31,0.010427309333493512,SL_HIT,329.26814999999993,327.63,CLOSED,0.2,True,True
FL_2141,Flash_Reversal,LONG,2024-12-30 21:41:00,324.55,2024-12-30 21:59:00,323.87,-0.002095208750577744,SL_HIT,323.96349999999995,324.72,CLOSED,0.2,True,True
FL_1410,Flash_Reversal,SHORT,2024-12-31 14:10:00,327.08,2024-12-31 14:24:00,327.37,-0.0008866332395744787,SL_HIT,327.08,327.08,CLOSED,0.4,True,False
FL_1735,Flash_Reversal,LONG,2024-12-31 17:35:00,309.08,2024-12-31 18:00:00,311.11,0.006567878866313025,SL_HIT,311.12655,312.69,CLOSED,0.2,True,True
FL_0024,Flash_Reversal,SHORT,2025-01-02 00:24:00,327.46,2025-01-02 00:46:00,327.92,-0.001404751725401687,SL_HIT,327.46,327.46,CLOSED,0.4,True,False
FL_1431,Flash_Reversal,SHORT,2025-01-02 14:31:00,338.9,2025-01-02 15:47:00,333.18,0.016878135143109974,SL_HIT,332.8761,331.22,CLOSED,0.2,True,True
FL_1234,Flash_Reversal,SHORT,2025-01-03 12:34:00,334.92,2025-01-03 13:10:00,331.27,0.01089812492535541,SL_HIT,330.59475,328.95,CLOSED,0.2,True,True
FL_1412,Flash_Reversal,SHORT,2025-01-03 14:12:00,343.63,2025-01-03 14:38:00,343.98,-0.001018537380321924,SL_HIT,343.33815,341.63,CLOSED,0.2,True,True
FL_1224,Flash_Reversal,SHORT,2025-01-04 12:24:00,348.2,2025-01-04 12:49:00,348.83,-0.0018093049971280742,SL_HIT,348.10184999999996,346.37,CLOSED,0.2,True,True
FL_1328,Flash_Reversal,SHORT,2025-01-04 13:28:00,358.63,2025-01-04 14:11:00,358.96,-0.00092016841870447,SL_HIT,357.9910499999999,356.21,CLOSED,0.2,True,True
FL_1501,Flash_Reversal,LONG,2025-01-07 15:01:00,322.83,2025-01-07 15:15:00,314.99,-0.02428522751912764,SL_HIT,317.98755,322.83,CLOSED,1.0,False,False
FL_1542,Flash_Reversal,LONG,2025-01-07 15:42:00,311.08,2025-01-07 15:59:00,315.71,0.01488363122026487,SL_HIT,316.06174999999996,317.65,CLOSED,0.2,True,True
FL_0209,Flash_Reversal,LONG,2025-01-09 02:09:00,293.09,2025-01-09 02:31:00,293.85,0.002593060152171851,SL_HIT,294.0675,294.89,CLOSED,0.2,True,True
FL_1553,Flash_Reversal,SHORT,2025-01-09 15:53:00,290.13,2025-01-09 16:19:00,289.06,0.003688001930169211,SL_HIT,288.61589999999995,287.18,CLOSED,0.2,True,True
FL_1749,Flash_Reversal,LONG,2025-01-09 17:49:00,282.5,2025-01-09 18:08:00,281.89,-0.002159292035398278,SL_HIT,282.5,282.5,CLOSED,0.4,True,False
FL_1330,Flash_Reversal,LONG,2025-01-10 13:30:00,283.6,2025-01-10 13:59:00,282.07,-0.005394922425952149,SL_HIT,282.41085,283.83,CLOSED,0.2,True,True
FL_1541,Flash_Reversal,SHORT,2025-01-10 15:41:00,284.11,2025-01-10 16:42:00,280.16,0.013903065713983979,SL_HIT,279.70155,278.31,CLOSED,0.2,True,True
FL_1756,Flash_Reversal,SHORT,2025-01-10 17:56:00,289.27,2025-01-10 18:49:00,285.64,0.01254882981297748,SL_HIT,285.23909999999995,283.82,CLOSED,0.2,True,True
FL_0029,Flash_Reversal,SHORT,2025-01-13 00:29:00,292.53,2025-01-13 00:45:00,293.34,-0.0027689467746897832,SL_HIT,292.53,292.53,CLOSED,0.4,True,False
FL_1030,Flash_Reversal,LONG,2025-01-13 10:30:00,262.73,2025-01-13 10:48:00,262.65,-0.0003044951090474667,SL_HIT,262.863,263.66,CLOSED,0.2,True,True
FL_1211,Flash_Reversal,SHORT,2025-01-13 12:11:00,263.04,2025-01-13 12:42:00,262.34,0.002661192214112095,SL_HIT,261.657,260.67,CLOSED,0.2,True,True
FL_1435,Flash_Reversal,LONG,2025-01-13 14:35:00,258.49,2025-01-13 14:39:00,265.04,0.0253394715462881,SL_HIT,265.38640000000004,266.72,CLOSED,0.2,True,True
FL_1818,Flash_Reversal,LONG,2025-01-13 18:18:00,265.14,2025-01-13 18:41:00,265.53,0.0014709210228557985,SL_HIT,265.94359999999995,267.28,CLOSED,0.2,True,True
FL_2032,Flash_Reversal,SHORT,2025-01-13 20:32:00,272.14,2025-01-13 20:36:00,276.48,-0.015947673991328112,SL_HIT,276.22209999999995,272.14,CLOSED,1.0,False,False
FL_2051,Flash_Reversal,SHORT,2025-01-13 20:51:00,283.39,2025-01-13 21:05:00,279.65,0.013197360527894454,SL_HIT,279.03824999999995,277.65,CLOSED,0.2,True,True
FL_2131,Flash_Reversal,SHORT,2025-01-13 21:31:00,282.84,2025-01-13 21:52:00,287.99,-0.018208174232781905,SL_HIT,287.08259999999996,282.84,CLOSED,1.0,False,False
FL_0925,Flash_Reversal,SHORT,2025-01-14 09:25:00,295.74,2025-01-14 09:56:00,298.49,-0.009298708324879962,SL_HIT,295.74,295.74,CLOSED,0.4,True,False
FL_1330,Flash_Reversal,SHORT,2025-01-15 13:30:00,296.57,2025-01-15 13:45:00,301.47,-0.016522237583032787,SL_HIT,301.01854999999995,296.57,CLOSED,1.0,False,False
FL_1456,Flash_Reversal,SHORT,2025-01-15 14:56:00,312.11,2025-01-15 15:12:00,312.75,-0.0020505590977539533,SL_HIT,312.11,312.11,CLOSED,0.4,True,False
FL_1442,Flash_Reversal,LONG,2025-01-16 14:42:00,310.98,2025-01-16 15:03:00,309.15,-0.005884622805325233,SL_HIT,310.98,310.98,CLOSED,0.4,True,False
FL_0558,Flash_Reversal,LONG,2025-01-18 05:58:00,314.2,2025-01-18 06:21:00,316.27,0.006588160407383811,SL_HIT,316.702,317.6,CLOSED,0.2,True,True
FL_1144,Flash_Reversal,SHORT,2025-01-18 11:44:00,316.02,2025-01-18 12:03:00,315.37,0.002056831846085619,SL_HIT,315.347,314.61,CLOSED,0.2,True,True
FL_1357,Flash_Reversal,SHORT,2025-01-19 13:57:00,307.87,2025-01-19 14:02:00,312.66,-0.015558514957612046,SL_HIT,312.48805,307.87,CLOSED,1.0,False,False
FL_1404,Flash_Reversal,SHORT,2025-01-19 14:04:00,317.68,2025-01-19 14:13:00,322.91,-0.01646310752958958,SL_HIT,322.4452,317.68,CLOSED,1.0,False,False
FL_1519,Flash_Reversal,LONG,2025-01-19 15:19:00,329.99,2025-01-19 15:37:00,331.7,0.005181975211369979,SL_HIT,332.32005,333.99,CLOSED,0.2,True,True
FL_1611,Flash_Reversal,SHORT,2025-01-19 16:11:00,336.33,2025-01-19 16:40:00,339.93,-0.010703773080010772,SL_HIT,336.33,336.33,CLOSED,0.4,True,False
FL_1711,Flash_Reversal,SHORT,2025-01-19 17:11:00,347.24,2025-01-19 17:24:00,343.6,0.010482663287639634,SL_HIT,342.53414999999995,340.83,CLOSED,0.2,True,True
FL_2104,Flash_Reversal,LONG,2025-01-19 21:04:00,335.27,2025-01-19 21:17:00,338.84,0.010648134339487558,SL_HIT,339.295,341.0,CLOSED,0.2,True,True
FL_2126,Flash_Reversal,LONG,2025-01-19 21:26:00,333.6,2025-01-19 21:38:00,328.58,-0.015047961630695559,SL_HIT,328.596,333.6,CLOSED,1.0,False,False
FL_2239,Flash_Reversal,LONG,2025-01-19 22:39:00,315.1,2025-01-19 22:48:00,306.87,-0.026118692478578284,SL_HIT,310.37350000000004,315.1,CLOSED,1.0,False,False
FL_2329,Flash_Reversal,LONG,2025-01-19 23:29:00,304.89,2025-01-19 23:50:00,311.89,0.022959100003279873,SL_HIT,311.94245,313.51,CLOSED,0.2,True,True
FL_0201,Flash_Reversal,SHORT,2025-01-20 02:01:00,303.31,2025-01-20 02:19:00,308.33,-0.016550723682041416,SL_HIT,307.85965,303.31,CLOSED,1.0,False,False
FL_0302,Flash_Reversal,LONG,2025-01-20 03:02:00,305.33,2025-01-20 03:21:00,308.79,0.011332001441063886,SL_HIT,309.2858,310.84,CLOSED,0.2,True,True
FL_0439,Flash_Reversal,SHORT,2025-01-20 04:39:00,315.89,2025-01-20 04:55:00,317.94,-0.006489600810408723,SL_HIT,315.89,315.89,CLOSED,0.4,True,False
FL_0509,Flash_Reversal,SHORT,2025-01-20 05:09:00,325.34,2025-01-20 05:40:00,318.4,0.021331530091596478,SL_HIT,317.73074999999994,316.15,CLOSED,0.2,True,True
FL_0643,Flash_Reversal,SHORT,2025-01-20 06:43:00,329.46,2025-01-20 06:49:00,335.86,-0.019425726947125705,SL_HIT,334.40189999999996,329.46,CLOSED,1.0,False,False
FL_0652,Flash_Reversal,SHORT,2025-01-20 06:52:00,340.38,2025-01-20 07:05:00,345.93,-0.01630530583465542,SL_HIT,345.48569999999995,340.38,CLOSED,1.0,False,False
FL_0925,Flash_Reversal,LONG,2025-01-20 09:25:00,346.24,2025-01-20 09:44:00,346.15,-0.0002599353049908498,SL_HIT,346.24,346.24,CLOSED,0.4,True,False
FL_1316,Flash_Reversal,SHORT,2025-01-20 13:16:00,340.21,2025-01-20 13:22:00,350.51,-0.030275418124099857,SL_HIT,345.31314999999995,340.21,CLOSED,1.0,False,False
FL_1323,Flash_Reversal,SHORT,2025-01-20 13:23:00,350.32,2025-01-20 13:41:00,344.24,0.01735556063028084,SL_HIT,343.50899999999996,341.8,CLOSED,0.2,True,True
FL_1400,Flash_Reversal,SHORT,2025-01-20 14:00:00,350.95,2025-01-20 14:15:00,351.57,-0.0017666334235646234,SL_HIT,350.95,350.95,CLOSED,0.4,True,False
FL_1546,Flash_Reversal,LONG,2025-01-20 15:46:00,345.38,2025-01-20 16:05:00,347.16,0.005153743702588539,SL_HIT,347.9315,349.45,CLOSED,0.2,True,True
FL_1704,Flash_Reversal,LONG,2025-01-20 17:04:00,344.15,2025-01-20 17:07:00,337.9,-0.018160685747493827,SL_HIT,338.98774999999995,344.15,CLOSED,1.0,False,False
FL_1738,Flash_Reversal,LONG,2025-01-20 17:38:00,328.59,2025-01-20 17:41:00,323.2,-0.016403420676222608,SL_HIT,323.66114999999996,328.59,CLOSED,1.0,False,False
FL_1742,Flash_Reversal,LONG,2025-01-20 17:42:00,320.1,2025-01-20 17:55:00,332.07,0.037394564198687814,SL_HIT,332.9668,334.64,CLOSED,0.2,True,True
FL_1853,Flash_Reversal,SHORT,2025-01-20 18:53:00,348.71,2025-01-20 19:10:00,358.07,-0.026841788305468767,SL_HIT,353.94064999999995,348.71,CLOSED,1.0,False,False
FL_2138,Flash_Reversal,LONG,2025-01-20 21:38:00,343.96,2025-01-20 22:04:00,338.6,-0.0155832073496917,SL_HIT,338.8006,343.96,CLOSED,1.0,False,False
FL_2348,Flash_Reversal,LONG,2025-01-20 23:48:00,337.41,2025-01-21 00:02:00,336.73,-0.0020153522420793893,SL_HIT,337.41,337.41,CLOSED,0.4,True,False
FL_0052,Flash_Reversal,LONG,2025-01-21 00:52:00,330.55,2025-01-21 01:18:00,330.63,0.00024202087430036026,SL_HIT,330.937,332.6,CLOSED,0.2,True,True
FL_0434,Flash_Reversal,LONG,2025-01-21 04:34:00,335.64,2025-01-21 05:00:00,339.65,0.011947324514360598,SL_HIT,339.693,341.4,CLOSED,0.2,True,True
FL_0607,Flash_Reversal,SHORT,2025-01-21 06:07:00,343.48,2025-01-21 06:37:00,341.0,0.007220216606498247,SL_HIT,340.88595,339.19,CLOSED,0.2,True,True
FL_1022,Flash_Reversal,SHORT,2025-01-21 10:22:00,358.66,2025-01-21 10:37:00,364.72,-0.016896224836892883,SL_HIT,364.0399,358.66,CLOSED,1.0,False,False
FL_1305,Flash_Reversal,LONG,2025-01-21 13:05:00,360.15,2025-01-21 13:30:00,364.4,0.011800638622796058,SL_HIT,365.03565,366.87,CLOSED,0.2,True,True
FL_1510,Flash_Reversal,LONG,2025-01-21 15:10:00,356.68,2025-01-21 15:35:00,358.14,0.0040933049231803844,SL_HIT,358.7174,360.52,CLOSED,0.2,True,True
FL_2021,Flash_Reversal,SHORT,2025-01-21 20:21:00,376.14,2025-01-21 21:02:00,374.24,0.0050513106821927405,SL_HIT,373.48814999999996,371.63,CLOSED,0.2,True,True
FL_2257,Flash_Reversal,SHORT,2025-01-21 22:57:00,376.83,2025-01-21 23:07:00,370.19,0.017620677759201727,SL_HIT,369.20685,367.37,CLOSED,0.2,True,True
FL_1701,Flash_Reversal,LONG,2025-01-23 17:01:00,333.89,2025-01-23 17:18:00,333.36,-0.0015873491269578985,SL_HIT,333.89,333.89,CLOSED,0.4,True,False
FL_2020,Flash_Reversal,SHORT,2025-01-23 20:20:00,335.9,2025-01-23 20:25:00,341.18,-0.01571896397737431,SL_HIT,340.9384999999999,335.9,CLOSED,1.0,False,False
FL_2056,Flash_Reversal,LONG,2025-01-23 20:56:00,331.91,2025-01-23 21:18:00,326.3,-0.016902172275616925,SL_HIT,326.93135,331.91,CLOSED,1.0,False,False
FL_2119,Flash_Reversal,LONG,2025-01-23 21:19:00,326.9,2025-01-23 21:30:00,326.76,-0.00042826552462522596,SL_HIT,326.9,326.9,CLOSED,0.4,True,False
FL_2316,Flash_Reversal,LONG,2025-01-26 23:16:00,318.6,2025-01-26 23:39:00,317.56,-0.003264281230382989,SL_HIT,318.6,318.6,CLOSED,0.4,True,False
FL_0100,Flash_Reversal,LONG,2025-01-27 01:00:00,310.82,2025-01-27 01:23:00,309.9,-0.0029599124895438385,SL_HIT,310.82,310.82,CLOSED,0.4,True,False
FL_0720,Flash_Reversal,LONG,2025-01-27 07:20:00,291.43,2025-01-27 07:45:00,295.7,0.014651888961328558,SL_HIT,295.72395,297.21,CLOSED,0.2,True,True
FL_1750,Flash_Reversal,LONG,2025-01-27 17:50:00,297.11,2025-01-27 18:06:00,296.72,-0.0013126451482615407,SL_HIT,297.11,297.11,CLOSED,0.4,True,False
FL_1904,Flash_Reversal,LONG,2025-01-29 19:04:00,288.18,2025-01-29 19:25:00,283.67,-0.01564994100909151,SL_HIT,283.8573,288.18,CLOSED,1.0,False,False
FL_1933,Flash_Reversal,SHORT,2025-01-29 19:33:00,288.69,2025-01-29 19:40:00,296.13,-0.025771588901589933,SL_HIT,293.02034999999995,288.69,CLOSED,1.0,False,False
FL_1941,Flash_Reversal,SHORT,2025-01-29 19:41:00,298.08,2025-01-29 20:05:00,292.01,0.020363660762211466,SL_HIT,291.47009999999995,290.02,CLOSED,0.2,True,True
FL_2026,Flash_Reversal,SHORT,2025-01-29 20:26:00,300.11,2025-01-29 20:50:00,296.81,0.010995968145013532,SL_HIT,296.68604999999997,295.21,CLOSED,0.2,True,True
FL_1527,Flash_Reversal,SHORT,2025-01-31 15:27:00,333.68,2025-01-31 15:37:00,339.9,-0.018640613761687755,SL_HIT,338.68519999999995,333.68,CLOSED,1.0,False,False
FL_1606,Flash_Reversal,SHORT,2025-01-31 16:06:00,347.87,2025-01-31 17:03:00,345.88,0.005720527783367376,SL_HIT,345.10900000000004,344.22,CLOSED,0.2,True,True
FL_1105,Flash_Reversal,LONG,2025-02-01 11:05:00,309.87,2025-02-01 11:21:00,312.23,0.007616097072966127,SL_HIT,312.66880000000003,314.24,CLOSED,0.2,True,True
FL_1721,Flash_Reversal,LONG,2025-02-02 17:21:00,270.93,2025-02-02 17:33:00,270.36,-0.002103864466836427,SL_HIT,270.93,270.93,CLOSED,0.4,True,False
FL_1735,Flash_Reversal,LONG,2025-02-02 17:35:00,268.24,2025-02-02 17:57:00,263.65,-0.017111541902773753,SL_HIT,264.2164,268.24,CLOSED,1.0,False,False
FL_1930,Flash_Reversal,SHORT,2025-02-02 19:30:00,264.95,2025-02-02 19:42:00,269.7,-0.017927910926589925,SL_HIT,268.92425,264.95,CLOSED,1.0,False,False
FL_2150,Flash_Reversal,LONG,2025-02-02 21:50:00,259.55,2025-02-02 22:16:00,263.63,0.015719514544403713,SL_HIT,263.9934,265.32,CLOSED,0.2,True,True
FL_2231,Flash_Reversal,LONG,2025-02-02 22:31:00,258.21,2025-02-02 22:40:00,247.83,-0.04019983734169849,SL_HIT,254.33684999999997,258.21,CLOSED,1.0,False,False
FL_2241,Flash_Reversal,LONG,2025-02-02 22:41:00,248.91,2025-02-02 23:00:00,255.48,0.026395082559961404,SL_HIT,256.68015,257.97,CLOSED,0.2,True,True
FL_0130,Flash_Reversal,LONG,2025-02-03 01:30:00,239.21,2025-02-03 01:45:00,234.25,-0.020734919108732944,SL_HIT,235.62185,239.21,CLOSED,1.0,False,False
FL_0154,Flash_Reversal,LONG,2025-02-03 01:54:00,218.41,2025-02-03 01:55:00,205.64,-0.05846801886360519,SL_HIT,215.13385,218.41,CLOSED,1.0,False,False
FL_0348,Flash_Reversal,SHORT,2025-02-03 03:48:00,228.79,2025-02-03 04:01:00,230.27,-0.006468814196424749,SL_HIT,228.79,228.79,CLOSED,0.4,True,False
FL_0526,Flash_Reversal,SHORT,2025-02-03 05:26:00,228.35,2025-02-03 05:49:00,228.42,-0.0003065469673746143,SL_HIT,228.35,228.35,CLOSED,0.4,True,False
FL_0557,Flash_Reversal,SHORT,2025-02-03 05:57:00,230.61,2025-02-03 06:21:00,231.4,-0.003425697064307671,SL_HIT,230.61,230.61,CLOSED,0.4,True,False
FL_0741,Flash_Reversal,SHORT,2025-02-03 07:41:00,242.95,2025-02-03 08:08:00,241.73,0.005021609384647042,SL_HIT,241.57184999999998,240.37,CLOSED,0.2,True,True
FL_1403,Flash_Reversal,LONG,2025-02-03 14:03:00,232.3,2025-02-03 14:19:00,231.43,-0.0037451571244081125,SL_HIT,232.3,232.3,CLOSED,0.4,True,False
FL_1432,Flash_Reversal,SHORT,2025-02-03 14:32:00,237.44,2025-02-03 14:33:00,241.12,-0.01549865229110515,SL_HIT,241.00159999999997,237.44,CLOSED,1.0,False,False
FL_1703,Flash_Reversal,LONG,2025-02-03 17:03:00,256.81,2025-02-03 17:27:00,256.8,-3.893929364117793e-05,SL_HIT,257.538,258.6,CLOSED,0.2,True,True
FL_1900,Flash_Reversal,SHORT,2025-02-03 19:00:00,265.03,2025-02-03 19:17:00,269.62,-0.01731879409878139,SL_HIT,269.00544999999994,265.03,CLOSED,1.0,False,False
FL_2008,Flash_Reversal,LONG,2025-02-03 20:08:00,267.9,2025-02-03 20:28:00,267.38,-0.0019410227696901152,SL_HIT,267.9,267.9,CLOSED,0.4,True,False
FL_2125,Flash_Reversal,SHORT,2025-02-03 21:25:00,273.5,2025-02-03 21:46:00,271.88,0.00592321755027424,SL_HIT,271.80224999999996,270.45,CLOSED,0.2,True,True
FL_0507,Flash_Reversal,LONG,2025-02-04 05:07:00,259.46,2025-02-04 05:16:00,253.21,-0.024088491482309304,SL_HIT,255.5681,259.46,CLOSED,1.0,False,False
FL_1007,Flash_Reversal,SHORT,2025-02-04 10:07:00,257.07,2025-02-04 10:33:00,257.4,-0.0012836970474967289,SL_HIT,257.07,257.07,CLOSED,0.4,True,False
FL_1104,Flash_Reversal,SHORT,2025-02-04 11:04:00,264.55,2025-02-04 11:27:00,263.37,0.004460404460404486,SL_HIT,262.70699999999994,261.4,CLOSED,0.2,True,True
FL_1233,Flash_Reversal,SHORT,2025-02-04 12:33:00,266.28,2025-02-04 12:49:00,264.16,0.007961544239146568,SL_HIT,263.8728,262.56,CLOSED,0.2,True,True
FL_1432,Flash_Reversal,SHORT,2025-02-04 14:32:00,269.21,2025-02-04 14:53:00,268.77,0.0016344117974815117,SL_HIT,268.56615,267.23,CLOSED,0.2,True,True
FL_1513,Flash_Reversal,LONG,2025-02-04 15:13:00,263.83,2025-02-04 15:29:00,263.38,-0.0017056437857710975,SL_HIT,263.83,263.83,CLOSED,0.4,True,False
FL_1947,Flash_Reversal,LONG,2025-02-04 19:47:00,266.83,2025-02-04 19:59:00,261.93,-0.01836375220177633,SL_HIT,262.82755,266.83,CLOSED,1.0,False,False
FL_2101,Flash_Reversal,LONG,2025-02-04 21:01:00,254.34,2025-02-04 21:21:00,255.2,0.0033813006212156374,SL_HIT,255.43200000000002,256.35,CLOSED,0.2,True,True
FL_2140,Flash_Reversal,LONG,2025-02-04 21:40:00,252.62,2025-02-04 21:55:00,259.13,0.02576993112184305,SL_HIT,259.17760000000004,260.48,CLOSED,0.2,True,True
FL_0554,Flash_Reversal,SHORT,2025-02-05 05:54:00,271.15,2025-02-05 06:10:00,271.32,-0.0006269592476489616,SL_HIT,271.15,271.15,CLOSED,0.4,True,False
FL_1503,Flash_Reversal,LONG,2025-02-05 15:03:00,267.98,2025-02-05 15:36:00,271.16,0.011866557205761649,SL_HIT,271.52555,272.89,CLOSED,0.2,True,True
FL_1616,Flash_Reversal,LONG,2025-02-05 16:16:00,263.57,2025-02-05 16:33:00,263.73,0.0006070493607012369,SL_HIT,265.05805,266.39,CLOSED,0.2,True,True
FL_0122,Flash_Reversal,SHORT,2025-02-06 01:22:00,263.15,2025-02-06 01:55:00,260.39,0.010488314649439449,SL_HIT,260.03369999999995,258.74,CLOSED,0.2,True,True
FL_1442,Flash_Reversal,LONG,2025-02-06 14:42:00,252.06,2025-02-06 15:05:00,252.4,0.001348885186066823,SL_HIT,252.9705,253.99,CLOSED,0.2,True,True
FL_0153,Flash_Reversal,SHORT,2025-02-07 01:53:00,246.93,2025-02-07 02:21:00,245.29,0.006641558336370691,SL_HIT,245.25014999999996,244.03,CLOSED,0.2,True,True
FL_1502,Flash_Reversal,LONG,2025-02-07 15:02:00,253.2,2025-02-07 15:28:00,252.48,-0.0028436018957345927,SL_HIT,253.2,253.2,CLOSED,0.4,True,False
FL_2038,Flash_Reversal,LONG,2025-02-07 20:38:00,235.67,2025-02-07 21:06:00,235.35,-0.0013578308651928256,SL_HIT,235.39710000000002,236.58,CLOSED,0.2,True,True
FL_0336,Flash_Reversal,SHORT,2025-02-09 03:36:00,249.81,2025-02-09 03:57:00,250.95,-0.004563468235859199,SL_HIT,249.81,249.81,CLOSED,0.4,True,False
FL_2242,Flash_Reversal,SHORT,2025-02-09 22:42:00,241.14,2025-02-09 23:07:00,239.31,0.007588952475740168,SL_HIT,238.97894999999997,237.79,CLOSED,0.2,True,True
FL_0006,Flash_Reversal,SHORT,2025-02-10 00:06:00,245.57,2025-02-10 00:26:00,245.81,-0.0009773180763122903,SL_HIT,245.57,245.57,CLOSED,0.4,True,False
FL_0145,Flash_Reversal,LONG,2025-02-10 01:45:00,235.84,2025-02-10 02:03:00,235.61,-0.0009752374491180028,SL_HIT,235.84,235.84,CLOSED,0.4,True,False
FL_0332,Flash_Reversal,SHORT,2025-02-10 03:32:00,243.45,2025-02-10 04:05:00,242.39,0.004354076812487173,SL_HIT,242.07434999999998,240.87,CLOSED,0.2,True,True
FL_1349,Flash_Reversal,SHORT,2025-02-10 13:49:00,252.22,2025-02-10 14:07:00,252.83,-0.0024185235112204172,SL_HIT,252.22,252.22,CLOSED,0.4,True,False
FL_1330,Flash_Reversal,LONG,2025-02-12 13:30:00,241.56,2025-02-12 13:35:00,236.92,-0.01920847822487173,SL_HIT,237.9366,241.56,CLOSED,1.0,False,False
FL_1656,Flash_Reversal,SHORT,2025-02-12 16:56:00,245.02,2025-02-12 17:16:00,245.33,-0.0012652028405844512,SL_HIT,245.02,245.02,CLOSED,0.4,True,False
FL_2221,Flash_Reversal,SHORT,2025-02-12 22:21:00,254.49,2025-02-12 22:32:00,258.7,-0.016542889700970488,SL_HIT,258.30735,254.49,CLOSED,1.0,False,False
FL_0912,Flash_Reversal,SHORT,2025-02-13 09:12:00,252.51,2025-02-13 09:31:00,252.52,-3.96023919845524e-05,SL_HIT,252.51,252.51,CLOSED,0.4,True,False
FL_0607,Flash_Reversal,SHORT,2025-02-17 06:07:00,257.58,2025-02-17 06:24:00,260.46,-0.011180992313067769,SL_HIT,257.58,257.58,CLOSED,0.4,True,False
FL_0849,Flash_Reversal,SHORT,2025-02-17 08:49:00,265.49,2025-02-17 09:28:00,266.07,-0.0021846397227766926,SL_HIT,265.9425,265.39,CLOSED,0.2,True,True
FL_1802,Flash_Reversal,LONG,2025-02-17 18:02:00,261.01,2025-02-17 18:28:00,261.75,0.002835140416076047,SL_HIT,261.97355000000005,263.29,CLOSED,0.2,True,True
FL_1636,Flash_Reversal,LONG,2025-02-18 16:36:00,245.13,2025-02-18 16:57:00,245.54,0.0016725818953208364,SL_HIT,245.82199999999997,247.02,CLOSED,0.2,True,True
FL_2108,Flash_Reversal,SHORT,2025-02-18 21:08:00,247.36,2025-02-18 21:40:00,248.49,-0.00456824062095729,SL_HIT,247.36,247.36,CLOSED,0.4,True,False
FL_0919,Flash_Reversal,SHORT,2025-02-21 09:19:00,266.91,2025-02-21 09:50:00,263.94,0.011127346296504541,SL_HIT,263.83259999999996,262.52,CLOSED,0.2,True,True
FL_1525,Flash_Reversal,LONG,2025-02-21 15:25:00,260.41,2025-02-21 15:35:00,256.3,-0.01578280403978347,SL_HIT,256.50385,260.41,CLOSED,1.0,False,False
FL_1600,Flash_Reversal,SHORT,2025-02-22 16:00:00,249.65,2025-02-22 16:24:00,250.05,-0.001602243140396578,SL_HIT,249.65,249.65,CLOSED,0.4,True,False
FL_1944,Flash_Reversal,LONG,2025-02-24 19:44:00,222.59,2025-02-24 20:14:00,225.52,0.013163214879374665,SL_HIT,225.55655,226.69,CLOSED,0.2,True,True
FL_2157,Flash_Reversal,LONG,2025-02-24 21:57:00,219.56,2025-02-24 22:01:00,216.12,-0.015667699034432492,SL_HIT,216.2666,219.56,CLOSED,1.0,False,False
FL_2202,Flash_Reversal,LONG,2025-02-24 22:02:00,210.61,2025-02-24 22:28:00,213.6,0.014196856749442004,SL_HIT,213.90509999999998,214.98,CLOSED,0.2,True,True
FL_2253,Flash_Reversal,LONG,2025-02-24 22:53:00,210.01,2025-02-24 22:58:00,206.27,-0.017808675777343845,SL_HIT,206.85985,210.01,CLOSED,1.0,False,False
FL_0011,Flash_Reversal,LONG,2025-02-25 00:11:00,206.36,2025-02-25 00:27:00,211.99,0.027282419073463824,SL_HIT,212.1539,213.22,CLOSED,0.2,True,True
FL_0402,Flash_Reversal,LONG,2025-02-25 04:02:00,203.39,2025-02-25 04:25:00,204.99,0.007866660111116686,SL_HIT,204.99985,206.03,CLOSED,0.2,True,True
FL_0725,Flash_Reversal,LONG,2025-02-25 07:25:00,192.58,2025-02-25 07:50:00,194.77,0.011371897393291088,SL_HIT,195.3583,196.34,CLOSED,0.2,True,True
FL_1031,Flash_Reversal,SHORT,2025-02-25 10:31:00,196.55,2025-02-25 10:46:00,196.84,-0.0014754515390485476,SL_HIT,196.55,196.55,CLOSED,0.4,True,False
FL_1540,Flash_Reversal,SHORT,2025-02-25 15:40:00,197.04,2025-02-25 16:00:00,197.6,-0.00284206252537557,SL_HIT,197.04,197.04,CLOSED,0.4,True,False
FL_1740,Flash_Reversal,LONG,2025-02-26 17:40:00,198.98,2025-02-26 18:01:00,198.75,-0.0011558950648305848,SL_HIT,198.98,198.98,CLOSED,0.4,True,False
FL_2019,Flash_Reversal,LONG,2025-02-26 20:19:00,192.41,2025-02-26 20:31:00,195.83,0.01777454394262261,SL_HIT,195.9752,196.96,CLOSED,0.2,True,True
FL_2202,Flash_Reversal,SHORT,2025-02-26 22:02:00,207.73,2025-02-26 22:39:00,205.75,0.00953160352380489,SL_HIT,205.59284999999997,204.57,CLOSED,0.2,True,True
FL_0121,Flash_Reversal,SHORT,2025-02-27 01:21:00,205.59,2025-02-27 01:47:00,206.1,-0.0024806654020136723,SL_HIT,205.911,204.91,CLOSED,0.2,True,True
FL_0128,Flash_Reversal,LONG,2025-02-28 01:28:00,198.72,2025-02-28 01:32:00,194.98,-0.018820450885668322,SL_HIT,195.73919999999998,198.72,CLOSED,1.0,False,False
FL_0133,Flash_Reversal,LONG,2025-02-28 01:33:00,194.72,2025-02-28 01:53:00,194.26,-0.002362366474938414,SL_HIT,194.72,194.72,CLOSED,0.4,True,False
FL_0232,Flash_Reversal,LONG,2025-02-28 02:32:00,190.38,2025-02-28 02:54:00,189.81,-0.0029940119760478684,SL_HIT,190.38,190.38,CLOSED,0.4,True,False
FL_0404,Flash_Reversal,LONG,2025-02-28 04:04:00,184.47,2025-02-28 04:18:00,185.49,0.005529354366563724,SL_HIT,185.64710000000002,186.58,CLOSED,0.2,True,True
FL_1309,Flash_Reversal,SHORT,2025-02-28 13:09:00,184.88,2025-02-28 13:30:00,185.71,-0.00448939852877549,SL_HIT,182.78939999999997,181.88,CLOSED,0.2,True,True
FL_1331,Flash_Reversal,SHORT,2025-02-28 13:31:00,185.83,2025-02-28 13:47:00,186.27,-0.0023677554754345247,SL_HIT,185.83,185.83,CLOSED,0.4,True,False
FL_1641,Flash_Reversal,SHORT,2025-02-28 16:41:00,192.11,2025-02-28 17:07:00,191.13,0.005101244078913217,SL_HIT,190.99849999999998,190.36,CLOSED,0.2,True,True
FL_1526,Flash_Reversal,SHORT,2025-03-02 15:26:00,195.35,2025-03-02 15:35:00,198.73,-0.017302277962631153,SL_HIT,198.28024999999997,195.35,CLOSED,1.0,False,False
FL_1639,Flash_Reversal,SHORT,2025-03-02 16:39:00,213.63,2025-03-02 16:43:00,219.85,-0.02911576089500538,SL_HIT,216.83444999999998,213.63,CLOSED,1.0,False,False
FL_0852,Flash_Reversal,LONG,2025-03-03 08:52:00,203.84,2025-03-03 09:17:00,204.56,0.0035321821036106696,SL_HIT,204.60184999999998,205.63,CLOSED,0.2,True,True
FL_1454,Flash_Reversal,LONG,2025-03-03 14:54:00,203.75,2025-03-03 15:11:00,203.29,-0.0022576687116564807,SL_HIT,203.75,203.75,CLOSED,0.4,True,False
FL_1955,Flash_Reversal,LONG,2025-03-03 19:55:00,181.78,2025-03-03 20:18:00,182.18,0.00220046209704041,SL_HIT,182.363,183.06,CLOSED,0.2,True,True
FL_2157,Flash_Reversal,LONG,2025-03-03 21:57:00,177.77,2025-03-03 23:00:00,182.43,0.02621364684704954,SL_HIT,182.97054999999997,183.89,CLOSED,0.2,True,True
FL_0139,Flash_Reversal,LONG,2025-03-04 01:39:00,173.16,2025-03-04 01:45:00,170.14,-0.0174405174405175,SL_HIT,170.5626,173.16,CLOSED,1.0,False,False
FL_0206,Flash_Reversal,LONG,2025-03-04 02:06:00,167.58,2025-03-04 02:40:00,171.67,0.024406253729561848,SL_HIT,171.8365,172.7,CLOSED,0.2,True,True
FL_0506,Flash_Reversal,SHORT,2025-03-04 05:06:00,176.84,2025-03-04 05:54:00,176.08,0.004297670210359596,SL_HIT,175.72424999999998,174.85,CLOSED,0.2,True,True
FL_1240,Flash_Reversal,SHORT,2025-03-04 12:40:00,181.09,2025-03-04 12:41:00,184.23,-0.01733944447512279,SL_HIT,183.80634999999998,181.09,CLOSED,1.0,False,False
FL_1242,Flash_Reversal,SHORT,2025-03-04 12:42:00,182.08,2025-03-04 12:45:00,184.89,-0.015432776801405831,SL_HIT,184.81119999999999,182.08,CLOSED,1.0,False,False
FL_1435,Flash_Reversal,SHORT,2025-03-04 14:35:00,191.08,2025-03-04 14:36:00,195.04,-0.02072430395645792,SL_HIT,193.9462,191.08,CLOSED,1.0,False,False
FL_1521,Flash_Reversal,LONG,2025-03-04 15:21:00,185.74,2025-03-04 15:42:00,190.22,0.02411973726714757,SL_HIT,192.7116,193.68,CLOSED,0.2,True,True
FL_1630,Flash_Reversal,LONG,2025-03-04 16:30:00,187.52,2025-03-04 17:14:00,198.98,0.06111348122866883,SL_HIT,199.18905,200.19,CLOSED,0.2,True,True
FL_1851,Flash_Reversal,SHORT,2025-03-04 18:51:00,214.52,2025-03-04 19:09:00,214.61,-0.0004195413015103646,SL_HIT,214.52,214.52,CLOSED,0.4,True,False
FL_2102,Flash_Reversal,LONG,2025-03-04 21:02:00,203.32,2025-03-04 21:30:00,208.71,0.026509935077710087,SL_HIT,209.37785,210.43,CLOSED,0.2,True,True
FL_0143,Flash_Reversal,SHORT,2025-03-06 01:43:00,227.47,2025-03-06 01:47:00,231.86,-0.01929924825251688,SL_HIT,230.88204999999996,227.47,CLOSED,1.0,False,False
FL_0148,Flash_Reversal,SHORT,2025-03-06 01:48:00,232.46,2025-03-06 02:03:00,232.47,-4.301815366080575e-05,SL_HIT,232.46,232.46,CLOSED,0.4,True,False
FL_0213,Flash_Reversal,SHORT,2025-03-06 02:13:00,236.18,2025-03-06 02:38:00,235.0,0.004996189347108167,SL_HIT,234.76799999999997,233.6,CLOSED,0.2,True,True
FL_0455,Flash_Reversal,SHORT,2025-03-06 04:55:00,236.57,2025-03-06 05:14:00,236.66,-0.000380437079934072,SL_HIT,236.57,236.57,CLOSED,0.4,True,False
FL_0020,Flash_Reversal,LONG,2025-03-07 00:20:00,205.48,2025-03-07 00:36:00,202.25,-0.015719291415222842,SL_HIT,202.3978,205.48,CLOSED,1.0,False,False
FL_1331,Flash_Reversal,SHORT,2025-03-07 13:31:00,207.74,2025-03-07 14:02:00,205.21,0.012178684894579768,SL_HIT,205.18079999999998,204.16,CLOSED,0.2,True,True
FL_1445,Flash_Reversal,SHORT,2025-03-07 14:45:00,206.38,2025-03-07 14:53:00,209.64,-0.015796104273669887,SL_HIT,209.4757,206.38,CLOSED,1.0,False,False
FL_1621,Flash_Reversal,LONG,2025-03-07 16:21:00,200.82,2025-03-07 16:42:00,200.45,-0.001842445971516804,SL_HIT,200.82,200.82,CLOSED,0.4,True,False
FL_2106,Flash_Reversal,LONG,2025-03-07 21:06:00,198.96,2025-03-07 21:37:00,200.99,0.010203055890631288,SL_HIT,201.0696,202.08,CLOSED,0.2,True,True
FL_1040,Flash_Reversal,SHORT,2025-03-08 10:40:00,190.58,2025-03-08 11:51:00,187.73,0.014954349879315891,SL_HIT,187.68374999999997,186.75,CLOSED,0.2,True,True
FL_1400,Flash_Reversal,SHORT,2025-03-08 14:00:00,195.18,2025-03-08 14:40:00,191.64,0.018137104211497185,SL_HIT,191.51279999999997,190.56,CLOSED,0.2,True,True
FL_1637,Flash_Reversal,LONG,2025-03-09 16:37:00,186.13,2025-03-09 16:51:00,186.13,0.0,SL_HIT,186.13,186.13,CLOSED,0.4,True,False
FL_1744,Flash_Reversal,LONG,2025-03-09 17:44:00,179.85,2025-03-09 18:12:00,180.73,0.004892966360856244,SL_HIT,181.1696,182.08,CLOSED,0.2,True,True
FL_2123,Flash_Reversal,LONG,2025-03-09 21:23:00,177.6,2025-03-09 21:51:00,177.07,-0.0029842342342342406,SL_HIT,178.06,178.67,CLOSED,0.2,True,True
FL_0004,Flash_Reversal,SHORT,2025-03-10 00:04:00,180.84,2025-03-10 00:39:00,177.85,0.016533952665339576,SL_HIT,177.44279999999998,176.56,CLOSED,0.2,True,True
FL_0342,Flash_Reversal,SHORT,2025-03-10 03:42:00,188.78,2025-03-10 04:00:00,189.45,-0.003549104778048456,SL_HIT,188.78,188.78,CLOSED,0.4,True,False
FL_0916,Flash_Reversal,SHORT,2025-03-10 09:16:00,196.47,2025-03-10 09:18:00,199.8,-0.016949152542372944,SL_HIT,199.41705,196.47,CLOSED,1.0,False,False
FL_0919,Flash_Reversal,SHORT,2025-03-10 09:19:00,199.25,2025-03-10 09:42:00,196.24,0.015106649937264698,SL_HIT,195.97499999999997,195.0,CLOSED,0.2,True,True
FL_1403,Flash_Reversal,LONG,2025-03-10 14:03:00,187.53,2025-03-10 14:17:00,183.61,-0.02090332213512498,SL_HIT,184.71705,187.53,CLOSED,1.0,False,False
FL_1514,Flash_Reversal,SHORT,2025-03-10 15:14:00,185.93,2025-03-10 15:31:00,185.97,-0.00021513472812344453,SL_HIT,185.93,185.93,CLOSED,0.4,True,False
FL_1804,Flash_Reversal,SHORT,2025-03-10 18:04:00,184.96,2025-03-10 18:30:00,182.57,0.012921712802768246,SL_HIT,182.51805,181.61,CLOSED,0.2,True,True
FL_1853,Flash_Reversal,LONG,2025-03-10 18:53:00,177.95,2025-03-10 19:08:00,177.77,-0.0010115200899127755,SL_HIT,177.95,177.95,CLOSED,0.4,True,False
FL_2056,Flash_Reversal,SHORT,2025-03-10 20:56:00,181.8,2025-03-10 21:10:00,182.22,-0.0023102310231022413,SL_HIT,181.8,181.8,CLOSED,0.4,True,False
FL_2112,Flash_Reversal,SHORT,2025-03-10 21:12:00,184.46,2025-03-10 21:58:00,182.49,0.01067982218367125,SL_HIT,182.27685,181.37,CLOSED,0.2,True,True
FL_0034,Flash_Reversal,LONG,2025-03-11 00:34:00,173.93,2025-03-11 00:49:00,173.06,-0.005002012303800405,SL_HIT,173.93,173.93,CLOSED,0.4,True,False
FL_0051,Flash_Reversal,LONG,2025-03-11 00:51:00,169.46,2025-03-11 01:06:00,168.89,-0.00336362563436812,SL_HIT,169.46,169.46,CLOSED,0.4,True,False
FL_0512,Flash_Reversal,SHORT,2025-03-11 05:12:00,180.48,2025-03-11 05:33:00,179.74,0.004100177304964432,SL_HIT,179.70405,178.81,CLOSED,0.2,True,True
FL_1310,Flash_Reversal,LONG,2025-03-11 13:10:00,171.66,2025-03-11 13:28:00,176.87,0.030350693230805127,SL_HIT,177.68710000000002,178.58,CLOSED,0.2,True,True
FL_1428,Flash_Reversal,LONG,2025-03-11 14:28:00,170.63,2025-03-11 14:41:00,167.66,-0.01740608333821719,SL_HIT,168.07055,170.63,CLOSED,1.0,False,False
FL_1810,Flash_Reversal,SHORT,2025-03-11 18:10:00,179.56,2025-03-11 18:21:00,183.22,-0.020383158832702142,SL_HIT,182.25339999999997,179.56,CLOSED,1.0,False,False
FL_0205,Flash_Reversal,LONG,2025-03-12 02:05:00,179.59,2025-03-12 02:53:00,176.68,-0.016203574809287802,SL_HIT,176.89615,179.59,CLOSED,1.0,False,False
FL_0323,Flash_Reversal,LONG,2025-03-12 03:23:00,173.96,2025-03-12 04:00:00,171.35,-0.015003449068751515,SL_HIT,171.35060000000001,173.96,CLOSED,1.0,False,False
FL_0705,Flash_Reversal,SHORT,2025-03-12 07:05:00,173.23,2025-03-12 07:41:00,173.65,-0.002424522311378029,SL_HIT,173.23,173.23,CLOSED,0.4,True,False
FL_1230,Flash_Reversal,SHORT,2025-03-12 12:30:00,179.34,2025-03-12 12:51:00,178.69,0.0036244005799041246,SL_HIT,178.3875,177.5,CLOSED,0.2,True,True
FL_0827,Flash_Reversal,LONG,2025-03-13 08:27:00,169.26,2025-03-13 08:40:00,169.26,0.0,SL_HIT,169.26,169.26,CLOSED,0.4,True,False
FL_0900,Flash_Reversal,SHORT,2025-03-13 09:00:00,172.73,2025-03-13 09:34:00,172.68,0.0002894691136454753,SL_HIT,172.5445,171.9,CLOSED,0.2,True,True
FL_1609,Flash_Reversal,SHORT,2025-03-16 16:09:00,168.22,2025-03-16 16:36:00,168.42,-0.0011889192723813376,SL_HIT,168.3415,167.58,CLOSED,0.2,True,True
FL_1115,Flash_Reversal,SHORT,2025-03-19 11:15:00,178.4,2025-03-19 11:34:00,178.78,-0.0021300448430493016,SL_HIT,178.4,178.4,CLOSED,0.4,True,False
FL_1854,Flash_Reversal,SHORT,2025-03-19 18:54:00,180.82,2025-03-19 19:14:00,181.88,-0.005862183386793509,SL_HIT,180.82,180.82,CLOSED,0.4,True,False
FL_1504,Flash_Reversal,LONG,2025-03-20 15:04:00,175.58,2025-03-20 15:21:00,175.55,-0.00017086228499829783,SL_HIT,175.58,175.58,CLOSED,0.4,True,False
FL_1422,Flash_Reversal,LONG,2025-03-26 14:22:00,181.3,2025-03-26 14:42:00,181.18,-0.0006618863761721155,SL_HIT,181.3,181.3,CLOSED,0.4,True,False
FL_0440,Flash_Reversal,LONG,2025-03-28 04:40:00,180.52,2025-03-28 05:09:00,177.46,-0.016951030356747186,SL_HIT,177.81220000000002,180.52,CLOSED,1.0,False,False
FL_2208,Flash_Reversal,LONG,2025-03-30 22:08:00,161.75,2025-03-30 22:53:00,164.27,0.015579598145285999,SL_HIT,164.52325,165.35,CLOSED,0.2,True,True
FL_1334,Flash_Reversal,LONG,2025-03-31 13:34:00,156.28,2025-03-31 13:58:00,157.2,0.005886869721013485,SL_HIT,157.29955,158.09,CLOSED,0.2,True,True
FL_1518,Flash_Reversal,SHORT,2025-04-01 15:18:00,170.13,2025-04-01 15:38:00,170.3,-0.0009992358784459878,SL_HIT,170.13,170.13,CLOSED,0.4,True,False
FL_0732,Flash_Reversal,SHORT,2025-04-02 07:32:00,160.38,2025-04-02 07:53:00,159.53,0.00529991270732008,SL_HIT,159.35279999999997,158.56,CLOSED,0.2,True,True
FL_1346,Flash_Reversal,SHORT,2025-04-02 13:46:00,159.7,2025-04-02 14:00:00,159.27,0.0026925485284907853,SL_HIT,159.06135,158.27,CLOSED,0.2,True,True
FL_1534,Flash_Reversal,SHORT,2025-04-02 15:34:00,163.0,2025-04-02 15:52:00,163.5,-0.003067484662576687,SL_HIT,163.0,163.0,CLOSED,0.4,True,False
FL_1733,Flash_Reversal,LONG,2025-04-02 17:33:00,162.25,2025-04-02 17:55:00,162.24,-6.163328197220897e-05,SL_HIT,162.25,162.25,CLOSED,0.4,True,False
FL_2014,Flash_Reversal,SHORT,2025-04-02 20:14:00,166.35,2025-04-02 20:47:00,159.66,0.04021641118124435,SL_HIT,159.54375,158.75,CLOSED,0.2,True,True
FL_2206,Flash_Reversal,LONG,2025-04-02 22:06:00,155.0,2025-04-02 22:33:00,152.51,-0.016064516129032317,SL_HIT,152.675,155.0,CLOSED,1.0,False,False
FL_1247,Flash_Reversal,LONG,2025-04-03 12:47:00,146.86,2025-04-03 13:13:00,146.47,-0.0026555903581643382,SL_HIT,146.86,146.86,CLOSED,0.4,True,False
FL_1333,Flash_Reversal,SHORT,2025-04-03 13:33:00,149.57,2025-04-03 13:50:00,148.84,0.0048806578859396255,SL_HIT,148.643,148.17,CLOSED,0.2,True,True
FL_1850,Flash_Reversal,SHORT,2025-04-03 18:50:00,151.33,2025-04-03 19:44:00,150.5,0.005484702306218281,SL_HIT,150.49874999999997,149.75,CLOSED,0.2,True,True
FL_1129,Flash_Reversal,LONG,2025-04-04 11:29:00,144.84,2025-04-04 12:19:00,146.37,0.010563380281690148,SL_HIT,146.51375,147.25,CLOSED,0.2,True,True
FL_1356,Flash_Reversal,SHORT,2025-04-04 13:56:00,149.32,2025-04-04 14:19:00,148.08,0.008304312885078895,SL_HIT,148.04655,147.31,CLOSED,0.2,True,True
FL_1502,Flash_Reversal,SHORT,2025-04-04 15:02:00,149.58,2025-04-04 15:27:00,150.63,-0.007019655034095353,SL_HIT,149.58,149.58,CLOSED,0.4,True,False
FL_1821,Flash_Reversal,LONG,2025-04-06 18:21:00,135.34,2025-04-06 18:29:00,134.84,-0.003694399290675336,SL_HIT,135.34,135.34,CLOSED,0.4,True,False
FL_1850,Flash_Reversal,LONG,2025-04-06 18:50:00,132.37,2025-04-06 19:12:00,132.2,-0.001284278915162166,SL_HIT,132.37,132.37,CLOSED,0.4,True,False
FL_2036,Flash_Reversal,LONG,2025-04-06 20:36:00,128.79,2025-04-06 21:07:00,130.15,0.010559826073453014,SL_HIT,130.17585000000003,130.83,CLOSED,0.2,True,True
FL_0337,Flash_Reversal,LONG,2025-04-07 03:37:00,123.72,2025-04-07 03:55:00,123.42,-0.0024248302618816455,SL_HIT,123.72,123.72,CLOSED,0.4,True,False
FL_0619,Flash_Reversal,LONG,2025-04-07 06:19:00,121.79,2025-04-07 06:34:00,119.16,-0.021594547992446093,SL_HIT,119.96315,121.79,CLOSED,1.0,False,False
FL_1016,Flash_Reversal,SHORT,2025-04-07 10:16:00,124.78,2025-04-07 10:34:00,124.91,-0.001041833627183807,SL_HIT,124.78,124.78,CLOSED,0.4,True,False
FL_1228,Flash_Reversal,SHORT,2025-04-07 12:28:00,124.97,2025-04-07 12:48:00,123.99,0.007841882051692438,SL_HIT,123.87629999999999,123.26,CLOSED,0.2,True,True
FL_1351,Flash_Reversal,SHORT,2025-04-07 13:51:00,129.64,2025-04-07 14:11:00,131.76,-0.016352977476087664,SL_HIT,131.58459999999997,129.64,CLOSED,1.0,False,False
FL_1453,Flash_Reversal,SHORT,2025-04-07 14:53:00,131.33,2025-04-07 15:11:00,131.28,0.0003807203228509203,SL_HIT,131.207,130.6,CLOSED,0.2,True,True
FL_0111,Flash_Reversal,LONG,2025-04-09 01:11:00,122.31,2025-04-09 01:23:00,120.46,-0.015125500776714974,SL_HIT,120.47535,122.31,CLOSED,1.0,False,False
FL_1333,Flash_Reversal,SHORT,2025-04-09 13:33:00,128.65,2025-04-09 13:51:00,128.85,-0.0015546055188495034,SL_HIT,128.65,128.65,CLOSED,0.4,True,False
FL_1720,Flash_Reversal,SHORT,2025-04-09 17:20:00,131.98,2025-04-09 17:23:00,134.06,-0.015759963630853257,SL_HIT,133.95969999999997,131.98,CLOSED,1.0,False,False
FL_1724,Flash_Reversal,SHORT,2025-04-09 17:24:00,135.01,2025-04-09 17:31:00,137.59,-0.01910969557810542,SL_HIT,137.03515,135.01,CLOSED,1.0,False,False
FL_2100,Flash_Reversal,SHORT,2025-04-09 21:00:00,144.62,2025-04-09 21:23:00,144.04,0.004010510302862761,SL_HIT,144.02655,143.31,CLOSED,0.2,True,True
FL_0734,Flash_Reversal,LONG,2025-04-10 07:34:00,137.63,2025-04-10 07:53:00,137.85,0.0015984887015912147,SL_HIT,137.89350000000002,138.35,CLOSED,0.2,True,True
FL_1230,Flash_Reversal,SHORT,2025-04-10 12:30:00,139.85,2025-04-10 13:17:00,136.69,0.0225956381837683,SL_HIT,136.65989999999996,135.98,CLOSED,0.2,True,True
FL_1339,Flash_Reversal,SHORT,2025-04-11 13:39:00,136.49,2025-04-11 13:59:00,136.15,0.0024910249835153006,SL_HIT,136.07999999999998,135.76,CLOSED,0.2,True,True
FL_0810,Flash_Reversal,SHORT,2025-04-12 08:10:00,139.23,2025-04-12 08:29:00,139.24,-7.182360123550476e-05,SL_HIT,139.23,139.23,CLOSED,0.4,True,False
FL_1939,Flash_Reversal,LONG,2025-04-13 19:39:00,139.9,2025-04-13 19:56:00,139.85,-0.0003573981415297453,SL_HIT,139.9,139.9,CLOSED,0.4,True,False
FL_0022,Flash_Reversal,SHORT,2025-04-14 00:22:00,142.46,2025-04-14 01:15:00,141.76,0.004913659974729868,SL_HIT,141.5643,140.86,CLOSED,0.2,True,True
FL_0229,Flash_Reversal,SHORT,2025-04-14 02:29:00,144.18,2025-04-14 02:42:00,144.34,-0.00110972395616588,SL_HIT,144.18,144.18,CLOSED,0.4,True,False
FL_1538,Flash_Reversal,LONG,2025-04-14 15:38:00,140.49,2025-04-14 16:03:00,138.99,-0.010676916506512918,SL_HIT,140.49,140.49,CLOSED,0.4,True,False
FL_1420,Flash_Reversal,LONG,2025-04-15 14:20:00,137.16,2025-04-15 14:39:00,137.13,-0.00021872265966754986,SL_HIT,137.16,137.16,CLOSED,0.4,True,False
FL_1750,Flash_Reversal,LONG,2025-04-16 17:50:00,131.41,2025-04-16 18:07:00,131.3,-0.0008370748040482857,SL_HIT,131.41,131.41,CLOSED,0.4,True,False
FL_1949,Flash_Reversal,SHORT,2025-04-16 19:49:00,134.48,2025-04-16 20:25:00,135.95,-0.010930993456276019,SL_HIT,134.48,134.48,CLOSED,0.4,True,False
FL_0028,Flash_Reversal,SHORT,2025-04-21 00:28:00,143.88,2025-04-21 00:39:00,143.99,-0.0007645259938838869,SL_HIT,143.88,143.88,CLOSED,0.4,True,False
FL_0734,Flash_Reversal,SHORT,2025-04-22 07:34:00,147.05,2025-04-22 08:04:00,147.23,-0.0012240734444065174,SL_HIT,147.1815,146.93,CLOSED,0.2,True,True
FL_2149,Flash_Reversal,SHORT,2025-04-22 21:49:00,158.46,2025-04-22 22:17:00,157.49,0.0061214186545500366,SL_HIT,157.48700000000002,156.71,CLOSED,0.2,True,True
FL_0110,Flash_Reversal,SHORT,2025-04-23 01:10:00,160.62,2025-04-23 01:35:00,160.97,-0.002179056157390078,SL_HIT,160.62,160.62,CLOSED,0.4,True,False
FL_1446,Flash_Reversal,SHORT,2025-04-25 14:46:00,167.81,2025-04-25 15:00:00,167.83,-0.00011918240867654032,SL_HIT,167.81,167.81,CLOSED,0.4,True,False
FL_1314,Flash_Reversal,LONG,2025-04-30 13:14:00,157.94,2025-04-30 13:30:00,158.59,0.004115486893757159,SL_HIT,158.74650000000003,159.26,CLOSED,0.2,True,True
FL_2205,Flash_Reversal,SHORT,2025-05-06 22:05:00,173.33,2025-05-06 22:43:00,176.12,-0.01609646339352675,SL_HIT,175.92995,173.33,CLOSED,1.0,False,False
FL_0101,Flash_Reversal,SHORT,2025-05-08 01:01:00,175.45,2025-05-08 01:20:00,175.0,0.002564833285836356,SL_HIT,174.58859999999999,173.72,CLOSED,0.2,True,True
FL_0345,Flash_Reversal,SHORT,2025-05-08 03:45:00,183.66,2025-05-08 03:57:00,186.5,-0.01546335620167703,SL_HIT,186.4149,183.66,CLOSED,1.0,False,False
FL_1542,Flash_Reversal,SHORT,2025-05-08 15:42:00,195.74,2025-05-08 16:00:00,192.87,0.014662307142127334,SL_HIT,192.50775,191.55,CLOSED,0.2,True,True
FL_1839,Flash_Reversal,SHORT,2025-05-08 18:39:00,194.7,2025-05-08 19:09:00,194.4,0.001540832049306538,SL_HIT,194.28659999999996,193.32,CLOSED,0.2,True,True
FL_1953,Flash_Reversal,SHORT,2025-05-08 19:53:00,198.78,2025-05-08 20:19:00,197.31,0.007395110172049496,SL_HIT,197.04029999999997,196.06,CLOSED,0.2,True,True
FL_2050,Flash_Reversal,SHORT,2025-05-08 20:50:00,202.78,2025-05-08 21:06:00,203.26,-0.0023670973468783397,SL_HIT,202.78,202.78,CLOSED,0.4,True,False
FL_2141,Flash_Reversal,LONG,2025-05-08 21:41:00,202.6,2025-05-08 22:01:00,202.65,0.0002467917077986741,SL_HIT,202.8445,203.55,CLOSED,0.2,True,True
FL_0830,Flash_Reversal,SHORT,2025-05-09 08:30:00,216.91,2025-05-09 08:36:00,220.23,-0.01530588723433679,SL_HIT,220.16364999999996,216.91,CLOSED,1.0,False,False
FL_0911,Flash_Reversal,LONG,2025-05-09 09:11:00,209.51,2025-05-09 09:34:00,208.9,-0.0029115555343419658,SL_HIT,209.51,209.51,CLOSED,0.4,True,False
FL_1425,Flash_Reversal,LONG,2025-05-09 14:25:00,207.31,2025-05-09 14:45:00,207.06,-0.0012059234962134003,SL_HIT,207.31,207.31,CLOSED,0.4,True,False
FL_0029,Flash_Reversal,LONG,2025-05-11 00:29:00,221.06,2025-05-11 00:52:00,224.16,0.014023342079073528,SL_HIT,224.17350000000002,225.3,CLOSED,0.2,True,True
FL_0135,Flash_Reversal,LONG,2025-05-12 01:35:00,217.04,2025-05-12 02:14:00,219.32,0.010504976041282718,SL_HIT,219.3776,220.48,CLOSED,0.2,True,True
FL_0703,Flash_Reversal,SHORT,2025-05-12 07:03:00,225.08,2025-05-12 07:22:00,226.25,-0.0051981517682601185,SL_HIT,225.08,225.08,CLOSED,0.4,True,False
FL_1428,Flash_Reversal,LONG,2025-05-12 14:28:00,220.03,2025-05-12 14:46:00,223.73,0.01681588874244416,SL_HIT,223.79539999999997,224.92,CLOSED,0.2,True,True
FL_1504,Flash_Reversal,LONG,2025-05-12 15:04:00,218.92,2025-05-12 15:30:00,220.69,0.00808514525854198,SL_HIT,220.95964999999998,222.07,CLOSED,0.2,True,True
FL_1749,Flash_Reversal,LONG,2025-05-12 17:49:00,218.03,2025-05-12 18:05:00,218.41,0.0017428794202632456,SL_HIT,219.3065,220.18,CLOSED,0.2,True,True
FL_0219,Flash_Reversal,LONG,2025-05-13 02:19:00,212.49,2025-05-13 02:33:00,213.76,0.005976751847145662,SL_HIT,213.785,214.76,CLOSED,0.2,True,True
FL_1854,Flash_Reversal,SHORT,2025-05-13 18:54:00,232.72,2025-05-13 19:32:00,234.62,-0.008164317634926116,SL_HIT,232.72,232.72,CLOSED,0.4,True,False
FL_1656,Flash_Reversal,SHORT,2025-05-15 16:56:00,230.72,2025-05-15 17:22:00,234.34,-0.01569001386962554,SL_HIT,234.18079999999998,230.72,CLOSED,1.0,False,False
FL_1758,Flash_Reversal,LONG,2025-05-18 17:58:00,235.01,2025-05-18 18:08:00,231.34,-0.01561635675077651,SL_HIT,231.48485,235.01,CLOSED,1.0,False,False
FL_2000,Flash_Reversal,LONG,2025-05-18 20:00:00,220.76,2025-05-18 20:22:00,220.33,-0.0019478166334479907,SL_HIT,220.76,220.76,CLOSED,0.4,True,False
FL_2200,Flash_Reversal,LONG,2025-05-18 22:00:00,222.18,2025-05-18 22:20:00,221.44,-0.0033306328202358858,SL_HIT,222.18,222.18,CLOSED,0.4,True,False
FL_1707,Flash_Reversal,SHORT,2025-05-19 17:07:00,237.07,2025-05-19 17:33:00,239.01,-0.008183237018602092,SL_HIT,237.07,237.07,CLOSED,0.4,True,False
FL_0138,Flash_Reversal,SHORT,2025-05-20 01:38:00,259.19,2025-05-20 02:01:00,260.18,-0.003819591805239435,SL_HIT,259.19,259.19,CLOSED,0.4,True,False
FL_1722,Flash_Reversal,LONG,2025-05-21 17:22:00,250.28,2025-05-21 17:40:00,249.02,-0.005034361515103048,SL_HIT,250.28,250.28,CLOSED,0.4,True,False
FL_1146,Flash_Reversal,LONG,2025-05-23 11:46:00,253.32,2025-05-23 11:51:00,248.5,-0.019027317227222458,SL_HIT,249.5202,253.32,CLOSED,1.0,False,False
FL_1332,Flash_Reversal,SHORT,2025-05-23 13:32:00,257.43,2025-05-23 14:00:00,261.39,-0.015382822514858329,SL_HIT,261.29145,257.43,CLOSED,1.0,False,False
FL_1550,Flash_Reversal,SHORT,2025-05-24 15:50:00,272.37,2025-05-24 16:09:00,268.4,0.014575760913463404,SL_HIT,268.0938,266.76,CLOSED,0.2,True,True
FL_1724,Flash_Reversal,LONG,2025-05-24 17:24:00,271.06,2025-05-24 17:48:00,270.53,-0.001955286652401791,SL_HIT,271.06,271.06,CLOSED,0.4,True,False
FL_0553,Flash_Reversal,SHORT,2025-05-25 05:53:00,269.46,2025-05-25 06:18:00,269.06,0.0014844503822458892,SL_HIT,268.8375,267.5,CLOSED,0.2,True,True
FL_0232,Flash_Reversal,SHORT,2025-05-29 02:32:00,271.83,2025-05-29 03:05:00,272.78,-0.0034948313284037403,SL_HIT,271.83,271.83,CLOSED,0.4,True,False
FL_0445,Flash_Reversal,LONG,2025-05-29 04:45:00,266.01,2025-05-29 05:13:00,267.64,0.00612758918837636,SL_HIT,267.798,269.06,CLOSED,0.2,True,True
FL_0056,Flash_Reversal,LONG,2025-05-30 00:56:00,244.05,2025-05-30 01:20:00,245.79,0.007129686539643436,SL_HIT,245.79485,247.03,CLOSED,0.2,True,True
FL_1632,Flash_Reversal,LONG,2025-05-30 16:32:00,241.0,2025-05-30 17:21:00,244.6,0.014937759336099561,SL_HIT,244.68045,245.91,CLOSED,0.2,True,True
FL_0019,Flash_Reversal,LONG,2025-05-31 00:19:00,245.99,2025-05-31 00:33:00,247.57,0.006423025326232709,SL_HIT,247.62349999999998,248.65,CLOSED,0.2,True,True
FL_0210,Flash_Reversal,SHORT,2025-05-31 02:10:00,247.61,2025-05-31 02:29:00,248.52,-0.0036751342837526616,SL_HIT,247.61,247.61,CLOSED,0.4,True,False
FL_0435,Flash_Reversal,SHORT,2025-05-31 04:35:00,252.65,2025-05-31 05:01:00,252.38,0.0010686720759944992,SL_HIT,252.36554999999998,251.11,CLOSED,0.2,True,True
FL_1918,Flash_Reversal,LONG,2025-06-05 19:18:00,250.71,2025-06-05 19:49:00,251.5,0.003151051015117036,SL_HIT,251.56585,252.83,CLOSED,0.2,True,True
FL_2015,Flash_Reversal,LONG,2025-06-05 20:15:00,245.69,2025-06-05 20:38:00,241.92,-0.015344539867312509,SL_HIT,242.00465,245.69,CLOSED,1.0,False,False
FL_1051,Flash_Reversal,SHORT,2025-06-10 10:51:00,302.09,2025-06-10 11:06:00,302.32,-0.0007613625078619557,SL_HIT,302.07284999999996,300.57,CLOSED,0.2,True,True
FL_1335,Flash_Reversal,LONG,2025-06-10 13:35:00,309.91,2025-06-10 13:54:00,309.56,-0.001129360136813987,SL_HIT,309.91,309.91,CLOSED,0.4,True,False
FL_1530,Flash_Reversal,LONG,2025-06-10 15:30:00,304.56,2025-06-10 16:20:00,304.56,0.0,SL_HIT,304.6292,306.16,CLOSED,0.2,True,True
FL_2236,Flash_Reversal,LONG,2025-06-10 22:36:00,303.78,2025-06-11 00:20:00,306.68,0.009546382250312839,SL_HIT,308.34055,309.89,CLOSED,0.2,True,True
FL_1241,Flash_Reversal,SHORT,2025-06-11 12:41:00,324.31,2025-06-11 13:35:00,314.08,0.03154389318861588,SL_HIT,314.03235,312.47,CLOSED,0.2,True,True
FL_1952,Flash_Reversal,LONG,2025-06-12 19:52:00,295.63,2025-06-12 20:14:00,297.0,0.004634171092243698,SL_HIT,297.0725,298.45,CLOSED,0.2,True,True
FL_0004,Flash_Reversal,LONG,2025-06-13 00:04:00,290.15,2025-06-13 00:11:00,285.4,-0.016370842667585733,SL_HIT,285.79774999999995,290.15,CLOSED,1.0,False,False
FL_0012,Flash_Reversal,LONG,2025-06-13 00:12:00,283.88,2025-06-13 00:34:00,278.3,-0.019656192757503115,SL_HIT,279.6218,283.88,CLOSED,1.0,False,False
FL_0653,Flash_Reversal,SHORT,2025-06-13 06:53:00,276.67,2025-06-13 07:20:00,278.54,-0.0067589547113890355,SL_HIT,276.67,276.67,CLOSED,0.4,True,False
FL_0710,Flash_Reversal,LONG,2025-06-14 07:10:00,280.14,2025-06-14 07:31:00,279.34,-0.0028557149996430763,SL_HIT,280.14,280.14,CLOSED,0.4,True,False
FL_0531,Flash_Reversal,SHORT,2025-06-16 05:31:00,286.57,2025-06-16 06:17:00,284.64,0.006734829186586198,SL_HIT,284.55569999999994,283.14,CLOSED,0.2,True,True
FL_2244,Flash_Reversal,LONG,2025-06-16 22:44:00,279.6,2025-06-16 23:06:00,279.1,-0.0017882689556509297,SL_HIT,279.6,279.6,CLOSED,0.4,True,False
FL_0008,Flash_Reversal,SHORT,2025-06-17 00:08:00,280.83,2025-06-17 01:17:00,279.96,0.0030979596196987666,SL_HIT,279.5905,278.21,CLOSED,0.2,True,True
FL_1509,Flash_Reversal,LONG,2025-06-17 15:09:00,265.61,2025-06-17 15:35:00,265.3,-0.0011671247317495662,SL_HIT,265.61,265.61,CLOSED,0.4,True,False
FL_1856,Flash_Reversal,LONG,2025-06-18 18:56:00,255.61,2025-06-18 19:12:00,256.08,0.0018387387034934878,SL_HIT,256.281,256.75,CLOSED,0.2,True,True
FL_2113,Flash_Reversal,LONG,2025-06-18 21:13:00,258.71,2025-06-18 21:35:00,259.87,0.004483784932936589,SL_HIT,259.927,260.57,CLOSED,0.2,True,True
FL_0032,Flash_Reversal,SHORT,2025-06-19 00:32:00,262.4,2025-06-19 02:04:00,259.44,0.011280487804877972,SL_HIT,258.66689999999994,257.38,CLOSED,0.2,True,True
FL_1737,Flash_Reversal,SHORT,2025-06-19 17:37:00,253.99,2025-06-19 18:05:00,253.58,0.0016142367809756156,SL_HIT,253.5615,252.3,CLOSED,0.2,True,True
FL_1722,Flash_Reversal,LONG,2025-06-20 17:22:00,246.51,2025-06-20 17:37:00,242.13,-0.01776804186442739,SL_HIT,242.81234999999998,246.51,CLOSED,1.0,False,False
FL_2124,Flash_Reversal,LONG,2025-06-21 21:24:00,235.91,2025-06-21 21:31:00,229.0,-0.02929083124920519,SL_HIT,232.37135,235.91,CLOSED,1.0,False,False
FL_1320,Flash_Reversal,LONG,2025-06-22 13:20:00,227.31,2025-06-22 13:29:00,223.32,-0.01755312128810879,SL_HIT,223.90035,227.31,CLOSED,1.0,False,False
FL_2207,Flash_Reversal,SHORT,2025-06-22 22:07:00,220.01,2025-06-22 22:24:00,220.16,-0.0006817871914913217,SL_HIT,220.01,220.01,CLOSED,0.4,True,False
FL_2235,Flash_Reversal,SHORT,2025-06-22 22:35:00,224.8,2025-06-22 23:03:00,225.66,-0.003825622775800646,SL_HIT,224.8,224.8,CLOSED,0.4,True,False
FL_1344,Flash_Reversal,SHORT,2025-06-23 13:44:00,232.98,2025-06-23 14:12:00,234.4,-0.006094943771997665,SL_HIT,232.98,232.98,CLOSED,0.4,True,False
FL_1727,Flash_Reversal,SHORT,2025-06-23 17:27:00,231.43,2025-06-23 17:48:00,232.69,-0.005444410836970103,SL_HIT,231.43,231.43,CLOSED,0.4,True,False
FL_2012,Flash_Reversal,SHORT,2025-06-23 20:12:00,247.14,2025-06-23 20:24:00,250.9,-0.015214048717326291,SL_HIT,250.84709999999995,247.14,CLOSED,1.0,False,False
FL_2204,Flash_Reversal,SHORT,2025-06-23 22:04:00,250.8,2025-06-23 22:25:00,254.89,-0.016307814992025417,SL_HIT,254.56199999999998,250.8,CLOSED,1.0,False,False
FL_1417,Flash_Reversal,LONG,2025-06-25 14:17:00,258.42,2025-06-25 14:57:00,259.55,0.004372726569150977,SL_HIT,259.5756,260.88,CLOSED,0.2,True,True
FL_0134,Flash_Reversal,SHORT,2025-06-26 01:34:00,259.29,2025-06-26 01:49:00,259.3,-3.8566855644224246e-05,SL_HIT,259.29,259.29,CLOSED,0.4,True,False
FL_0255,Flash_Reversal,SHORT,2025-06-26 02:55:00,262.52,2025-06-26 03:13:00,262.86,-0.00129513941794923,SL_HIT,262.52,262.52,CLOSED,0.4,True,False
FL_1740,Flash_Reversal,LONG,2025-07-02 17:40:00,277.35,2025-07-02 17:55:00,277.29,-0.00021633315305571397,SL_HIT,277.35,277.35,CLOSED,0.4,True,False
FL_1237,Flash_Reversal,LONG,2025-07-03 12:37:00,277.35,2025-07-03 13:46:00,282.45,0.018388318009734866,SL_HIT,282.45065,283.87,CLOSED,0.2,True,True
FL_2130,Flash_Reversal,SHORT,2025-07-06 21:30:00,283.89,2025-07-06 21:37:00,288.25,-0.015358061220895466,SL_HIT,288.14834999999994,283.89,CLOSED,1.0,False,False
FL_1712,Flash_Reversal,SHORT,2025-07-08 17:12:00,291.79,2025-07-08 17:30:00,292.62,-0.0028445114637238563,SL_HIT,291.79,291.79,CLOSED,0.4,True,False
FL_0538,Flash_Reversal,SHORT,2025-07-09 05:38:00,299.79,2025-07-09 05:56:00,300.39,-0.0020014009806863667,SL_HIT,299.79,299.79,CLOSED,0.4,True,False
FL_2120,Flash_Reversal,SHORT,2025-07-10 21:20:00,309.85,2025-07-10 21:40:00,311.42,-0.005066967887687569,SL_HIT,310.5605,309.57,CLOSED,0.2,True,True
FL_1555,Flash_Reversal,LONG,2025-07-11 15:55:00,304.76,2025-07-11 16:18:00,304.53,-0.0007546922168264148,SL_HIT,305.2455,306.45,CLOSED,0.2,True,True
FL_2144,Flash_Reversal,LONG,2025-07-11 21:44:00,298.85,2025-07-11 22:05:00,299.91,0.003546929897942119,SL_HIT,300.06100000000004,300.98,CLOSED,0.2,True,True
FL_0608,Flash_Reversal,SHORT,2025-07-15 06:08:00,317.3,2025-07-15 06:29:00,316.85,0.0014182161991805502,SL_HIT,316.40500000000003,315.73,CLOSED,0.2,True,True
FL_1833,Flash_Reversal,LONG,2025-07-15 18:33:00,325.38,2025-07-15 18:49:00,324.82,-0.001721064601389152,SL_HIT,325.38,325.38,CLOSED,0.4,True,False
FL_1517,Flash_Reversal,LONG,2025-07-16 15:17:00,327.18,2025-07-16 15:30:00,327.0,-0.0005501558774986454,SL_HIT,327.18,327.18,CLOSED,0.4,True,False
FL_2005,Flash_Reversal,LONG,2025-07-17 20:05:00,313.28,2025-07-17 20:20:00,312.75,-0.0016917773237997088,SL_HIT,313.28,313.28,CLOSED,0.4,True,False
FL_1420,Flash_Reversal,LONG,2025-07-18 14:20:00,322.29,2025-07-18 14:44:00,321.71,-0.0017996214589346268,SL_HIT,322.29,322.29,CLOSED,0.4,True,False
FL_1519,Flash_Reversal,LONG,2025-07-18 15:19:00,316.75,2025-07-18 15:36:00,315.33,-0.004483030781373373,SL_HIT,316.75,316.75,CLOSED,0.4,True,False
FL_2216,Flash_Reversal,LONG,2025-07-20 22:16:00,320.95,2025-07-20 23:00:00,322.44,0.0046424676740925664,SL_HIT,322.92725,324.55,CLOSED,0.2,True,True
FL_1611,Flash_Reversal,LONG,2025-07-21 16:11:00,321.71,2025-07-21 16:27:00,321.39,-0.0009946846538808033,SL_HIT,321.71,321.71,CLOSED,0.4,True,False
FL_0117,Flash_Reversal,LONG,2025-07-22 01:17:00,315.09,2025-07-22 01:43:00,320.56,0.017360119330984886,SL_HIT,320.8477,322.46,CLOSED,0.2,True,True
FL_0453,Flash_Reversal,LONG,2025-07-22 04:53:00,308.58,2025-07-22 05:26:00,310.8,0.007194244604316636,SL_HIT,311.0569,312.62,CLOSED,0.2,True,True
FL_1343,Flash_Reversal,LONG,2025-07-23 13:43:00,289.64,2025-07-23 13:59:00,289.39,-0.0008631404502140588,SL_HIT,289.64,289.64,CLOSED,0.4,True,False
FL_2033,Flash_Reversal,LONG,2025-07-23 20:33:00,285.24,2025-07-23 20:49:00,286.93,0.005924835226475942,SL_HIT,287.30625,288.75,CLOSED,0.2,True,True
FL_2126,Flash_Reversal,LONG,2025-07-23 21:26:00,282.14,2025-07-23 22:01:00,287.25,0.01811157581342601,SL_HIT,287.4953,288.94,CLOSED,0.2,True,True
FL_0641,Flash_Reversal,LONG,2025-07-24 06:41:00,279.79,2025-07-24 07:01:00,279.16,-0.0022516887665749146,SL_HIT,279.2,280.43,CLOSED,0.2,True,True
FL_1424,Flash_Reversal,LONG,2025-07-28 14:24:00,292.88,2025-07-28 14:40:00,292.78,-0.0003414367659110309,SL_HIT,292.88,292.88,CLOSED,0.4,True,False
FL_1405,Flash_Reversal,LONG,2025-07-29 14:05:00,283.7,2025-07-29 14:38:00,283.49,-0.0007402185407119476,SL_HIT,284.0905,285.35,CLOSED,0.2,True,True
FL_1850,Flash_Reversal,LONG,2025-07-30 18:50:00,272.76,2025-07-30 19:04:00,266.97,-0.021227452705675186,SL_HIT,268.66859999999997,272.76,CLOSED,1.0,False,False
FL_1905,Flash_Reversal,LONG,2025-07-30 19:05:00,265.19,2025-07-30 20:16:00,274.09,0.03356084316904852,SL_HIT,274.39115,275.77,CLOSED,0.2,True,True
FL_0052,Flash_Reversal,LONG,2025-08-01 00:52:00,254.98,2025-08-01 01:06:00,258.47,0.013687348027296407,SL_HIT,259.24725,260.55,CLOSED,0.2,True,True
FL_1349,Flash_Reversal,LONG,2025-08-01 13:49:00,255.23,2025-08-01 14:40:00,259.31,0.01598558163225331,SL_HIT,259.56565,260.87,CLOSED,0.2,True,True
FL_0038,Flash_Reversal,SHORT,2025-08-08 00:38:00,287.16,2025-08-08 01:02:00,283.42,0.013024098063797217,SL_HIT,283.3497,281.94,CLOSED,0.2,True,True
FL_1605,Flash_Reversal,SHORT,2025-08-11 16:05:00,302.32,2025-08-11 16:30:00,300.11,0.007310134956337588,SL_HIT,299.88194999999996,298.39,CLOSED,0.2,True,True
FL_1232,Flash_Reversal,SHORT,2025-08-12 12:32:00,302.05,2025-08-12 12:57:00,303.91,-0.006157920874027524,SL_HIT,302.05,302.05,CLOSED,0.4,True,False
FL_2018,Flash_Reversal,SHORT,2025-08-12 20:18:00,319.06,2025-08-12 20:53:00,318.15,0.002852128126371294,SL_HIT,317.97194999999994,316.39,CLOSED,0.2,True,True
FL_1343,Flash_Reversal,LONG,2025-08-13 13:43:00,327.21,2025-08-13 14:29:00,325.19,-0.0061734054582683355,SL_HIT,327.21,327.21,CLOSED,0.4,True,False
FL_1232,Flash_Reversal,LONG,2025-08-14 12:32:00,317.96,2025-08-14 12:34:00,309.48,-0.026670021386337783,SL_HIT,313.19059999999996,317.96,CLOSED,1.0,False,False
FL_1235,Flash_Reversal,LONG,2025-08-14 12:35:00,310.61,2025-08-14 13:00:00,309.96,-0.002092656385821558,SL_HIT,310.61,310.61,CLOSED,0.4,True,False
FL_1400,Flash_Reversal,SHORT,2025-08-22 14:00:00,309.16,2025-08-22 14:07:00,314.39,-0.016916806831414027,SL_HIT,313.7974,309.16,CLOSED,1.0,False,False
FL_1843,Flash_Reversal,SHORT,2025-08-22 18:43:00,336.21,2025-08-22 19:18:00,336.71,-0.0014871657594955534,SL_HIT,336.21,336.21,CLOSED,0.4,True,False
FL_2104,Flash_Reversal,SHORT,2025-08-22 21:04:00,343.91,2025-08-22 21:26:00,344.38,-0.0013666366200458563,SL_HIT,343.91,343.91,CLOSED,0.4,True,False
FL_1330,Flash_Reversal,SHORT,2025-08-23 13:30:00,364.95,2025-08-23 13:45:00,364.2,0.002055076037813399,SL_HIT,363.6894,361.88,CLOSED,0.2,True,True
FL_1431,Flash_Reversal,SHORT,2025-08-23 14:31:00,385.55,2025-08-23 14:43:00,370.25,0.039683568927506185,SL_HIT,369.66914999999995,367.83,CLOSED,0.2,True,True
FL_1513,Flash_Reversal,LONG,2025-08-23 15:13:00,358.24,2025-08-23 15:46:00,359.85,0.004494193836534205,SL_HIT,359.8716,361.68,CLOSED,0.2,True,True
FL_1612,Flash_Reversal,LONG,2025-08-23 16:12:00,355.69,2025-08-23 16:59:00,355.55,-0.0003936011695577226,SL_HIT,355.69,355.69,CLOSED,0.4,True,False
FL_0814,Flash_Reversal,SHORT,2025-08-24 08:14:00,354.64,2025-08-24 11:20:00,346.93,0.021740356417775716,SL_HIT,346.9059,345.18,CLOSED,0.2,True,True
FL_1935,Flash_Reversal,LONG,2025-08-24 19:35:00,352.0,2025-08-24 19:51:00,350.14,-0.0052840909090909475,SL_HIT,352.0,352.0,CLOSED,0.4,True,False
FL_0045,Flash_Reversal,LONG,2025-08-26 00:45:00,314.46,2025-08-26 01:08:00,315.73,0.004038669465114923,SL_HIT,315.7355,317.03,CLOSED,0.2,True,True
FL_1236,Flash_Reversal,SHORT,2025-08-26 12:36:00,333.9,2025-08-26 12:56:00,333.45,0.0013477088948786722,SL_HIT,333.2781,331.62,CLOSED,0.2,True,True
FL_1231,Flash_Reversal,SHORT,2025-08-29 12:31:00,314.78,2025-08-29 12:46:00,312.41,0.007529067920452214,SL_HIT,312.26354999999995,310.71,CLOSED,0.2,True,True
FL_1346,Flash_Reversal,LONG,2025-08-29 13:46:00,308.3,2025-08-29 14:03:00,308.86,0.0018164125851443471,SL_HIT,309.735,310.81,CLOSED,0.2,True,True
FL_2045,Flash_Reversal,LONG,2025-09-01 20:45:00,301.13,2025-09-01 21:34:00,301.1,-9.96247467870113e-05,SL_HIT,301.13,301.13,CLOSED,0.4,True,False
FL_1346,Flash_Reversal,SHORT,2025-09-02 13:46:00,313.36,2025-09-02 14:09:00,312.72,0.0020423793719682995,SL_HIT,312.68564999999995,311.13,CLOSED,0.2,True,True
FL_1418,Flash_Reversal,LONG,2025-09-05 14:18:00,303.91,2025-09-05 14:48:00,299.12,-0.01576124510545892,SL_HIT,299.35135,303.91,CLOSED,1.0,False,False
FL_1233,Flash_Reversal,LONG,2025-09-11 12:33:00,301.46,2025-09-11 12:53:00,304.63,0.010515491275791202,SL_HIT,304.669,306.2,CLOSED,0.2,True,True
FL_1352,Flash_Reversal,LONG,2025-09-13 13:52:00,315.03,2025-09-13 14:13:00,315.88,0.0026981557312002755,SL_HIT,316.0155,317.07,CLOSED,0.2,True,True
FL_0033,Flash_Reversal,LONG,2025-09-22 00:33:00,287.93,2025-09-22 01:04:00,287.62,-0.0010766505747924922,SL_HIT,287.93,287.93,CLOSED,0.4,True,False
FL_0600,Flash_Reversal,LONG,2025-09-22 06:00:00,273.98,2025-09-22 06:02:00,256.32,-0.06445725965398943,SL_HIT,269.8703,273.98,CLOSED,1.0,False,False
FL_0603,Flash_Reversal,LONG,2025-09-22 06:03:00,262.83,2025-09-22 06:54:00,267.33,0.017121333181143707,SL_HIT,267.34655,268.69,CLOSED,0.2,True,True
FL_0836,Flash_Reversal,SHORT,2025-10-01 08:36:00,279.29,2025-10-01 08:43:00,283.54,-0.015217157792975044,SL_HIT,283.47935,279.29,CLOSED,1.0,False,False
FL_1700,Flash_Reversal,LONG,2025-10-03 17:00:00,288.72,2025-10-03 17:46:00,289.19,0.0016278747575504656,SL_HIT,289.6995,290.47,CLOSED,0.2,True,True
FL_0331,Flash_Reversal,SHORT,2025-10-10 03:31:00,278.04,2025-10-10 03:51:00,278.22,-0.000647388864911548,SL_HIT,278.04,278.04,CLOSED,0.4,True,False
FL_1501,Flash_Reversal,LONG,2025-10-10 15:01:00,272.03,2025-10-10 15:16:00,271.76,-0.0009925375877659884,SL_HIT,272.03,272.03,CLOSED,0.4,True,False
FL_1531,Flash_Reversal,LONG,2025-10-10 15:31:00,264.37,2025-10-10 15:59:00,264.26,-0.0004160835193101095,SL_HIT,264.37,264.37,CLOSED,0.4,True,False
FL_2053,Flash_Reversal,LONG,2025-10-10 20:53:00,252.46,2025-10-10 20:58:00,247.06,-0.02138952705379072,SL_HIT,248.6731,252.46,CLOSED,1.0,False,False
FL_2059,Flash_Reversal,LONG,2025-10-10 20:59:00,245.38,2025-10-10 21:12:00,240.6,-0.01947999021925178,SL_HIT,241.6993,245.38,CLOSED,1.0,False,False
FL_2113,Flash_Reversal,LONG,2025-10-10 21:13:00,232.66,2025-10-10 21:14:00,226.07,-0.028324593827903394,SL_HIT,229.1701,232.66,CLOSED,1.0,False,False
FL_2116,Flash_Reversal,LONG,2025-10-10 21:16:00,203.47,2025-10-10 21:17:00,198.3,-0.025409151226224936,SL_HIT,200.41795,203.47,CLOSED,1.0,False,False
FL_0122,Flash_Reversal,LONG,2025-10-11 01:22:00,221.4,2025-10-11 01:40:00,222.15,0.003387533875338753,SL_HIT,223.24815,224.37,CLOSED,0.2,True,True
FL_0224,Flash_Reversal,SHORT,2025-10-11 02:24:00,229.06,2025-10-11 02:38:00,232.64,-0.01562909281410977,SL_HIT,232.49589999999998,229.06,CLOSED,1.0,False,False
FL_0529,Flash_Reversal,LONG,2025-10-11 05:29:00,229.21,2025-10-11 05:59:00,232.08,0.012521268705553878,SL_HIT,232.2927,233.46,CLOSED,0.2,True,True
FL_1513,Flash_Reversal,SHORT,2025-10-11 15:13:00,239.64,2025-10-11 15:40:00,238.41,0.005132699048572817,SL_HIT,238.39050000000003,237.65,CLOSED,0.2,True,True
FL_1921,Flash_Reversal,LONG,2025-10-11 19:21:00,232.22,2025-10-11 20:01:00,230.79,-0.006157953664628399,SL_HIT,232.22,232.22,CLOSED,0.4,True,False
FL_2033,Flash_Reversal,LONG,2025-10-11 20:33:00,225.39,2025-10-11 20:56:00,225.07,-0.001419761302630965,SL_HIT,225.39,225.39,CLOSED,0.4,True,False
FL_2124,Flash_Reversal,SHORT,2025-10-11 21:24:00,229.64,2025-10-11 21:47:00,229.82,-0.0007838355687162813,SL_HIT,229.64,229.64,CLOSED,0.4,True,False
FL_0309,Flash_Reversal,SHORT,2025-10-12 03:09:00,229.81,2025-10-12 03:47:00,230.58,-0.0033505939689309006,SL_HIT,229.81,229.81,CLOSED,0.4,True,False
FL_1447,Flash_Reversal,SHORT,2025-10-12 14:47:00,235.67,2025-10-12 14:51:00,239.47,-0.016124241524165195,SL_HIT,239.20504999999997,235.67,CLOSED,1.0,False,False
FL_1605,Flash_Reversal,SHORT,2025-10-12 16:05:00,247.83,2025-10-12 16:28:00,247.66,0.0006859540814268487,SL_HIT,247.3145,246.84,CLOSED,0.2,True,True
FL_1646,Flash_Reversal,SHORT,2025-10-12 16:46:00,250.73,2025-10-12 17:09:00,250.81,-0.0003190683205041778,SL_HIT,250.73,250.73,CLOSED,0.4,True,False
FL_0038,Flash_Reversal,LONG,2025-10-13 00:38:00,247.52,2025-10-13 00:57:00,248.28,0.003070458952811857,SL_HIT,248.369,248.86,CLOSED,0.2,True,True
FL_1127,Flash_Reversal,LONG,2025-10-13 11:27:00,248.0,2025-10-13 11:29:00,244.05,-0.015927419354838664,SL_HIT,244.28,248.0,CLOSED,1.0,False,False
FL_1332,Flash_Reversal,SHORT,2025-10-13 13:32:00,253.03,2025-10-13 14:24:00,249.35,0.014543729992491036,SL_HIT,249.16965,247.93,CLOSED,0.2,True,True
FL_1800,Flash_Reversal,SHORT,2025-10-13 18:00:00,257.61,2025-10-13 18:28:00,257.68,-0.00027172858196495935,SL_HIT,257.61,257.61,CLOSED,0.4,True,False
FL_0541,Flash_Reversal,LONG,2025-10-14 05:41:00,247.65,2025-10-14 06:02:00,248.37,0.0029073288915808554,SL_HIT,248.38150000000002,248.87,CLOSED,0.2,True,True
FL_0647,Flash_Reversal,LONG,2025-10-14 06:47:00,239.79,2025-10-14 07:23:00,242.95,0.013178197589557517,SL_HIT,243.57600000000002,244.8,CLOSED,0.2,True,True
FL_1621,Flash_Reversal,SHORT,2025-10-14 16:21:00,254.13,2025-10-14 16:49:00,252.47,0.00653208987526068,SL_HIT,252.1143,250.86,CLOSED,0.2,True,True
FL_1701,Flash_Reversal,LONG,2025-10-14 17:01:00,247.49,2025-10-14 17:34:00,252.31,0.019475534365024822,SL_HIT,252.332,253.6,CLOSED,0.2,True,True
FL_1944,Flash_Reversal,LONG,2025-10-14 19:44:00,248.68,2025-10-14 20:08:00,251.01,0.00936947080585485,SL_HIT,251.28725,252.55,CLOSED,0.2,True,True
FL_0833,Flash_Reversal,SHORT,2025-10-15 08:33:00,261.94,2025-10-15 09:39:00,256.89,0.01927922424982825,SL_HIT,256.74735,255.47,CLOSED,0.2,True,True
FL_1348,Flash_Reversal,LONG,2025-10-15 13:48:00,245.28,2025-10-15 14:20:00,249.43,0.016919439008480128,SL_HIT,249.65545,250.91,CLOSED,0.2,True,True
FL_2034,Flash_Reversal,LONG,2025-10-15 20:34:00,237.28,2025-10-15 20:54:00,240.09,0.011842548887390435,SL_HIT,240.20295,241.41,CLOSED,0.2,True,True
FL_0934,Flash_Reversal,LONG,2025-10-16 09:34:00,233.23,2025-10-16 09:50:00,242.58,0.04008918235218464,SL_HIT,242.73024999999998,243.95,CLOSED,0.2,True,True
FL_0106,Flash_Reversal,SHORT,2025-10-17 01:06:00,227.36,2025-10-17 01:29:00,226.24,0.0049261083743842565,SL_HIT,226.11550000000003,225.51,CLOSED,0.2,True,True
FL_0732,Flash_Reversal,LONG,2025-10-17 07:32:00,209.9,2025-10-17 07:52:00,209.77,-0.0006193425440685824,SL_HIT,209.9,209.9,CLOSED,0.4,True,False
FL_0816,Flash_Reversal,LONG,2025-10-17 08:16:00,203.42,2025-10-17 08:38:00,204.52,0.005407531216203042,SL_HIT,205.13915,206.17,CLOSED,0.2,True,True
FL_1023,Flash_Reversal,LONG,2025-10-17 10:23:00,204.68,2025-10-17 10:43:00,205.48,0.0039085401602500635,SL_HIT,205.483,206.49,CLOSED,0.2,True,True
FL_1114,Flash_Reversal,SHORT,2025-10-17 11:14:00,210.51,2025-10-17 11:32:00,211.13,-0.002945228255189799,SL_HIT,210.51,210.51,CLOSED,0.4,True,False
FL_1600,Flash_Reversal,SHORT,2025-10-17 16:00:00,206.52,2025-10-17 16:15:00,206.64,-0.0005810575246948292,SL_HIT,206.52,206.52,CLOSED,0.4,True,False
FL_0948,Flash_Reversal,SHORT,2025-10-19 09:48:00,216.52,2025-10-19 10:00:00,216.56,-0.0001847404396822097,SL_HIT,216.52,216.52,CLOSED,0.4,True,False
FL_0351,Flash_Reversal,SHORT,2025-10-20 03:51:00,226.71,2025-10-20 04:09:00,227.24,-0.0023377883639892423,SL_HIT,226.71,226.71,CLOSED,0.4,True,False
FL_1601,Flash_Reversal,LONG,2025-10-20 16:01:00,225.17,2025-10-20 16:21:00,226.76,0.007061331438468728,SL_HIT,226.8385,227.49,CLOSED,0.2,True,True
FL_1411,Flash_Reversal,SHORT,2025-10-21 14:11:00,225.63,2025-10-21 14:33:00,226.05,-0.001861454593804086,SL_HIT,225.88379999999998,224.76,CLOSED,0.2,True,True
FL_1455,Flash_Reversal,SHORT,2025-10-21 14:55:00,231.52,2025-10-21 15:23:00,235.04,-0.01520387007601927,SL_HIT,234.9928,231.52,CLOSED,1.0,False,False
FL_2111,Flash_Reversal,LONG,2025-10-22 21:11:00,208.67,2025-10-22 21:34:00,211.04,0.01135764604399293,SL_HIT,211.32750000000001,211.82,CLOSED,0.2,True,True
FL_1340,Flash_Reversal,SHORT,2025-10-26 13:40:00,239.73,2025-10-26 15:30:00,237.57,0.009010136403453871,SL_HIT,237.5418,236.36,CLOSED,0.2,True,True
FL_2203,Flash_Reversal,SHORT,2025-10-26 22:03:00,241.86,2025-10-26 22:40:00,240.59,0.0052509716364839585,SL_HIT,240.096,239.28,CLOSED,0.2,True,True
FL_1445,Flash_Reversal,LONG,2025-10-28 14:45:00,230.49,2025-10-28 15:23:00,233.92,0.014881339754436106,SL_HIT,234.0041,235.18,CLOSED,0.2,True,True
FL_1836,Flash_Reversal,LONG,2025-10-29 18:36:00,228.31,2025-10-29 18:39:00,222.33,-0.026192457623406728,SL_HIT,224.88535,228.31,CLOSED,1.0,False,False
FL_1840,Flash_Reversal,LONG,2025-10-29 18:40:00,223.34,2025-10-29 19:30:00,230.91,0.033894510611623505,SL_HIT,230.92955,232.09,CLOSED,0.2,True,True
FL_2025,Flash_Reversal,SHORT,2025-10-29 20:25:00,233.19,2025-10-29 20:58:00,234.27,-0.004631416441528421,SL_HIT,233.19,233.19,CLOSED,0.4,True,False
FL_0427,Flash_Reversal,LONG,2025-10-30 04:27:00,221.08,2025-10-30 04:41:00,224.55,0.015695675773475658,SL_HIT,224.67100000000002,225.8,CLOSED,0.2,True,True
FL_1942,Flash_Reversal,SHORT,2025-10-31 19:42:00,222.29,2025-10-31 19:45:00,228.4,-0.02748661658194257,SL_HIT,225.62434999999996,222.29,CLOSED,1.0,False,False
FL_1946,Flash_Reversal,SHORT,2025-10-31 19:46:00,230.63,2025-10-31 20:22:00,234.33,-0.0160430126176127,SL_HIT,234.08944999999997,230.63,CLOSED,1.0,False,False
FL_1624,Flash_Reversal,SHORT,2025-11-02 16:24:00,227.95,2025-11-02 16:34:00,232.68,-0.020750164509760992,SL_HIT,231.36924999999997,227.95,CLOSED,1.0,False,False
FL_1635,Flash_Reversal,SHORT,2025-11-02 16:35:00,236.21,2025-11-02 17:26:00,229.33,0.02912662461369119,SL_HIT,228.94904999999997,227.81,CLOSED,0.2,True,True
FL_1527,Flash_Reversal,LONG,2025-11-03 15:27:00,204.93,2025-11-03 15:30:00,195.44,-0.046308495583857946,SL_HIT,201.85605,204.93,CLOSED,1.0,False,False
FL_2117,Flash_Reversal,LONG,2025-11-03 21:17:00,197.98,2025-11-03 22:07:00,199.47,0.0075260127285584864,SL_HIT,199.61690000000002,200.62,CLOSED,0.2,True,True
FL_0036,Flash_Reversal,SHORT,2025-11-04 00:36:00,201.89,2025-11-04 01:07:00,201.22,0.003318638862746979,SL_HIT,201.19095,200.19,CLOSED,0.2,True,True
FL_0524,Flash_Reversal,LONG,2025-11-04 05:24:00,199.46,2025-11-04 05:31:00,196.04,-0.017146294996490605,SL_HIT,196.4681,199.46,CLOSED,1.0,False,False
FL_0532,Flash_Reversal,LONG,2025-11-04 05:32:00,195.25,2025-11-04 06:03:00,195.05,-0.001024327784891107,SL_HIT,195.25,195.25,CLOSED,0.4,True,False
FL_1442,Flash_Reversal,SHORT,2025-11-04 14:42:00,198.6,2025-11-04 14:51:00,201.58,-0.015005035246727182,SL_HIT,201.57899999999998,198.6,CLOSED,1.0,False,False
FL_2016,Flash_Reversal,LONG,2025-11-04 20:16:00,182.25,2025-11-04 20:18:00,179.41,-0.015582990397805231,SL_HIT,179.51624999999999,182.25,CLOSED,1.0,False,False
FL_2132,Flash_Reversal,LONG,2025-11-04 21:32:00,179.1,2025-11-04 21:46:00,180.66,0.0087102177554439,SL_HIT,180.6721,181.58,CLOSED,0.2,True,True
FL_0220,Flash_Reversal,SHORT,2025-11-05 02:20:00,192.72,2025-11-05 02:23:00,197.48,-0.024699045246990407,SL_HIT,195.61079999999998,192.72,CLOSED,1.0,False,False
FL_1624,Flash_Reversal,SHORT,2025-11-07 16:24:00,201.54,2025-11-07 16:43:00,202.12,-0.002877840627170847,SL_HIT,201.8435,201.1,CLOSED,0.2,True,True
FL_1636,Flash_Reversal,SHORT,2025-11-08 16:36:00,207.89,2025-11-08 17:19:00,200.67,0.0347299052383472,SL_HIT,200.28644999999997,199.29,CLOSED,0.2,True,True
FL_1429,Flash_Reversal,SHORT,2025-11-09 14:29:00,209.37,2025-11-09 14:51:00,208.28,0.005206094473897901,SL_HIT,208.1154,207.08,CLOSED,0.2,True,True
FL_0118,Flash_Reversal,SHORT,2025-11-10 01:18:00,220.71,2025-11-10 01:49:00,219.1,0.007294640025372723,SL_HIT,218.93924999999996,217.85,CLOSED,0.2,True,True
FL_1452,Flash_Reversal,LONG,2025-11-10 14:52:00,219.89,2025-11-10 15:13:00,220.42,0.0024102960571194742,SL_HIT,220.592,221.44,CLOSED,0.2,True,True
FL_1942,Flash_Reversal,SHORT,2025-11-10 19:42:00,223.37,2025-11-10 20:08:00,222.63,0.003312888928683391,SL_HIT,222.50699999999998,221.4,CLOSED,0.2,True,True
FL_0119,Flash_Reversal,SHORT,2025-11-11 01:19:00,231.87,2025-11-11 01:51:00,228.56,0.01427524043645147,SL_HIT,228.42644999999996,227.29,CLOSED,0.2,True,True
FL_0234,Flash_Reversal,SHORT,2025-11-11 02:34:00,230.03,2025-11-11 03:06:00,230.51,-0.0020866843455201053,SL_HIT,229.9842,228.84,CLOSED,0.2,True,True
FL_0527,Flash_Reversal,LONG,2025-11-11 05:27:00,221.0,2025-11-11 05:50:00,220.23,-0.003484162895927648,SL_HIT,221.0,221.0,CLOSED,0.4,True,False
FL_1448,Flash_Reversal,LONG,2025-11-12 14:48:00,212.45,2025-11-12 15:07:00,212.36,-0.0004236290891973405,SL_HIT,212.45,212.45,CLOSED,0.4,True,False
FL_0330,Flash_Reversal,SHORT,2025-11-13 03:30:00,209.87,2025-11-13 04:13:00,209.18,0.003287749559250954,SL_HIT,208.88924999999998,207.85,CLOSED,0.2,True,True
FL_1452,Flash_Reversal,SHORT,2025-11-13 14:52:00,212.5,2025-11-13 15:39:00,209.49,0.014164705882352899,SL_HIT,209.30129999999997,208.26,CLOSED,0.2,True,True
FL_0439,Flash_Reversal,LONG,2025-11-14 04:39:00,185.63,2025-11-14 05:10:00,187.57,0.010450896945536808,SL_HIT,187.60725000000002,188.55,CLOSED,0.2,True,True
FL_1140,Flash_Reversal,LONG,2025-11-14 11:40:00,179.84,2025-11-14 12:00:00,179.57,-0.0015013345195730107,SL_HIT,179.84,179.84,CLOSED,0.4,True,False
FL_1243,Flash_Reversal,LONG,2025-11-14 12:43:00,175.53,2025-11-14 13:05:00,177.4,0.010653449552783027,SL_HIT,177.89605,178.79,CLOSED,0.2,True,True
FL_2043,Flash_Reversal,LONG,2025-11-14 20:43:00,174.95,2025-11-14 21:27:00,177.95,0.017147756501857674,SL_HIT,178.11495,179.01,CLOSED,0.2,True,True
FL_2304,Flash_Reversal,LONG,2025-11-14 23:04:00,175.22,2025-11-14 23:20:00,174.63,-0.003367195525624948,SL_HIT,175.22,175.22,CLOSED,0.4,True,False
FL_2302,Flash_Reversal,LONG,2025-11-16 23:02:00,169.46,2025-11-16 23:55:00,172.89,0.02024076478224937,SL_HIT,173.15985,174.03,CLOSED,0.2,True,True
FL_1436,Flash_Reversal,SHORT,2025-11-17 14:36:00,179.65,2025-11-17 15:00:00,177.68,0.010965766768716943,SL_HIT,177.66389999999998,176.78,CLOSED,0.2,True,True
FL_0302,Flash_Reversal,LONG,2025-11-18 03:02:00,166.01,2025-11-18 03:28:00,167.3,0.0077706162279382,SL_HIT,167.3789,168.22,CLOSED,0.2,True,True
FL_2121,Flash_Reversal,SHORT,2025-11-19 21:21:00,173.2,2025-11-19 21:42:00,173.24,-0.00023094688221720824,SL_HIT,173.2,173.2,CLOSED,0.4,True,False
FL_1605,Flash_Reversal,LONG,2025-11-20 16:05:00,171.14,2025-11-20 16:17:00,168.3,-0.016594600911534273,SL_HIT,168.57289999999998,171.14,CLOSED,1.0,False,False
FL_0733,Flash_Reversal,LONG,2025-11-21 07:33:00,155.25,2025-11-21 07:34:00,152.03,-0.020740740740740733,SL_HIT,152.92125,155.25,CLOSED,1.0,False,False
FL_1221,Flash_Reversal,LONG,2025-11-21 12:21:00,150.04,2025-11-21 12:48:00,154.83,0.03192482004798734,SL_HIT,154.9414,155.72,CLOSED,0.2,True,True
FL_1436,Flash_Reversal,SHORT,2025-11-21 14:36:00,157.12,2025-11-21 14:54:00,157.14,-0.00012729124236240968,SL_HIT,157.12,157.12,CLOSED,0.4,True,False
FL_1652,Flash_Reversal,SHORT,2025-11-21 16:52:00,156.53,2025-11-21 17:07:00,158.93,-0.01533252411678276,SL_HIT,158.87795,156.53,CLOSED,1.0,False,False
FL_0201,Flash_Reversal,SHORT,2025-11-24 02:01:00,169.23,2025-11-24 02:28:00,170.64,-0.008331856053891135,SL_HIT,169.23,169.23,CLOSED,0.4,True,False
FL_1727,Flash_Reversal,SHORT,2025-11-24 17:27:00,174.82,2025-11-24 17:48:00,175.19,-0.002116462647294386,SL_HIT,174.82,174.82,CLOSED,0.4,True,False
FL_0357,Flash_Reversal,SHORT,2025-11-30 03:57:00,186.41,2025-11-30 03:59:00,189.87,-0.01856123598519397,SL_HIT,189.20614999999998,186.41,CLOSED,1.0,False,False
FL_0400,Flash_Reversal,SHORT,2025-11-30 04:00:00,189.52,2025-11-30 04:59:00,187.74,0.00939214858590123,SL_HIT,187.72394999999997,186.79,CLOSED,0.2,True,True
FL_1150,Flash_Reversal,LONG,2025-11-30 11:50:00,177.68,2025-11-30 12:34:00,178.39,0.003995947771274085,SL_HIT,178.47315,179.37,CLOSED,0.2,True,True
FL_0009,Flash_Reversal,LONG,2025-12-01 00:09:00,174.67,2025-12-01 00:32:00,171.74,-0.016774489036468648,SL_HIT,172.04995,174.67,CLOSED,1.0,False,False
FL_2008,Flash_Reversal,SHORT,2025-12-01 20:08:00,167.07,2025-12-01 20:44:00,166.94,0.0007781169569641196,SL_HIT,166.5084,165.68,CLOSED,0.2,True,True
FL_1543,Flash_Reversal,SHORT,2025-12-02 15:43:00,183.23,2025-12-02 16:07:00,183.91,-0.003711182666593936,SL_HIT,183.23,183.23,CLOSED,0.4,True,False
FL_1404,Flash_Reversal,LONG,2025-12-03 14:04:00,190.39,2025-12-03 14:30:00,192.29,0.00997951573086825,SL_HIT,192.42305,193.39,CLOSED,0.2,True,True
FL_1443,Flash_Reversal,SHORT,2025-12-03 14:43:00,195.68,2025-12-03 15:02:00,192.31,0.017221995094031092,SL_HIT,192.01529999999997,191.06,CLOSED,0.2,True,True
FL_1504,Flash_Reversal,SHORT,2025-12-05 15:04:00,191.83,2025-12-05 15:37:00,190.94,0.0046395245790544475,SL_HIT,190.89974999999995,189.95,CLOSED,0.2,True,True
FL_1641,Flash_Reversal,LONG,2025-12-05 16:41:00,183.11,2025-12-05 17:07:00,183.78,0.0036590027852110066,SL_HIT,183.8163,184.74,CLOSED,0.2,True,True
FL_1426,Flash_Reversal,LONG,2025-12-07 14:26:00,184.26,2025-12-07 14:51:00,182.83,-0.007760772821013668,SL_HIT,183.3387,184.26,CLOSED,0.2,True,True
FL_1557,Flash_Reversal,SHORT,2025-12-07 15:57:00,187.55,2025-12-07 16:57:00,186.45,0.005865102639296308,SL_HIT,186.2868,185.36,CLOSED,0.2,True,True
FL_1719,Flash_Reversal,SHORT,2025-12-07 17:19:00,189.21,2025-12-07 17:33:00,192.14,-0.015485439458802274,SL_HIT,192.04815,189.21,CLOSED,1.0,False,False
FL_2205,Flash_Reversal,LONG,2025-12-07 22:05:00,186.6,2025-12-07 22:24:00,185.97,-0.003376205787781326,SL_HIT,186.6,186.6,CLOSED,0.4,True,False
FL_1544,Flash_Reversal,SHORT,2025-12-09 15:44:00,193.58,2025-12-09 16:00:00,197.4,-0.019733443537555496,SL_HIT,196.4837,193.58,CLOSED,1.0,False,False
FL_1837,Flash_Reversal,SHORT,2025-12-10 18:37:00,203.62,2025-12-10 19:00:00,203.42,0.00098222178567929,SL_HIT,201.85424999999998,200.85,CLOSED,0.2,True,True
FL_2014,Flash_Reversal,SHORT,2025-12-10 20:14:00,206.51,2025-12-10 20:23:00,203.78,0.013219698803931965,SL_HIT,203.57279999999997,202.56,CLOSED,0.2,True,True
FL_2052,Flash_Reversal,LONG,2025-12-10 20:52:00,200.69,2025-12-10 21:14:00,199.71,-0.004883153121729981,SL_HIT,200.69,200.69,CLOSED,0.4,True,False
FL_1558,Flash_Reversal,LONG,2025-12-12 15:58:00,192.34,2025-12-12 16:26:00,192.05,-0.0015077466985546014,SL_HIT,192.34,192.34,CLOSED,0.4,True,False
FL_1456,Flash_Reversal,LONG,2025-12-15 14:56:00,189.91,2025-12-15 15:16:00,186.66,-0.017113369490811436,SL_HIT,187.06135,189.91,CLOSED,1.0,False,False
FL_2137,Flash_Reversal,SHORT,2025-12-15 21:37:00,185.84,2025-12-15 22:04:00,185.84,0.0,SL_HIT,185.5195,184.95,CLOSED,0.2,True,True
FL_2329,Flash_Reversal,SHORT,2025-12-15 23:29:00,193.08,2025-12-15 23:52:00,193.91,-0.004298736275119039,SL_HIT,193.08,193.08,CLOSED,0.4,True,False
FL_1044,Flash_Reversal,SHORT,2025-12-16 10:44:00,188.94,2025-12-16 11:31:00,188.12,0.004340002117074167,SL_HIT,187.98524999999998,187.05,CLOSED,0.2,True,True
FL_1446,Flash_Reversal,LONG,2025-12-17 14:46:00,182.31,2025-12-17 15:09:00,190.57,0.04530744336569574,SL_HIT,190.65195,191.61,CLOSED,0.2,True,True
FL_1615,Flash_Reversal,LONG,2025-12-17 16:15:00,181.03,2025-12-17 16:34:00,179.41,-0.008948793017731892,SL_HIT,181.03,181.03,CLOSED,0.4,True,False
FL_1343,Flash_Reversal,SHORT,2025-12-18 13:43:00,182.79,2025-12-18 14:07:00,182.95,-0.0008753214070791433,SL_HIT,182.79,182.79,CLOSED,0.4,True,False
FL_1707,Flash_Reversal,LONG,2025-12-18 17:07:00,178.15,2025-12-18 17:15:00,174.29,-0.02166713443727204,SL_HIT,175.47775000000001,178.15,CLOSED,1.0,False,False
