Grid_ID,Side,Entry_Date,Exit_Date,Entry_Price,Exit_Price,Qty_Closed,PnL_USD,PnL_Pct,Reason,Entry_ADX,Duration_Min,MAE_Pct
G_1734923700,SHORT,2024-12-23 03:15:00,2024-12-23 06:00:00,329.2,324.322,0.1,0.49,1.48,TP_MAIN_MID,23.33,165,-1.92
G_1734923700,SHORT,2024-12-23 03:15:00,2024-12-23 08:00:00,329.2,329.2,0.1,0.0,0.0,RUNNER_BE,23.33,285,-1.92
G_1734948000,SHORT,2024-12-23 10:00:00,2024-12-23 12:00:00,341.23,335.45099999999996,0.1,0.58,1.69,TP_MAIN_MID,29.31,120,-0.47
G_1734948000,SHORT,2024-12-23 10:00:00,2024-12-23 12:30:00,341.23,341.23,0.1,0.0,0.0,RUNNER_BE,29.31,150,-0.47
G_1734960600,LONG,2024-12-23 13:30:00,2024-12-23 14:00:00,334.28,337.928,0.1,0.36,1.09,TP_MAIN_MID,26.9,30,-0.33
G_1734960600,LONG,2024-12-23 13:30:00,2024-12-23 14:30:00,334.28,334.28,0.1,0.0,0.0,RUNNER_BE,26.9,60,-0.33
G_1734966000,LONG,2024-12-23 15:00:00,2024-12-23 16:00:00,330.0,336.1355,0.1,0.61,1.86,TP_MAIN_MID,21.64,60,-0.52
G_1735030800,LONG,2024-12-24 09:00:00,2024-12-24 11:45:00,371.04,372.2405,0.1,0.12,0.32,TP_MAIN_MID,19.58,165,-1.57
G_1735043400,SHORT,2024-12-24 12:30:00,2024-12-24 15:00:00,375.86,373.52750000000003,0.1,0.23,0.62,TP_MAIN_MID,20.04,150,-1.07
G_1735043400,SHORT,2024-12-24 12:30:00,2024-12-24 15:15:00,375.86,375.86,0.1,0.0,0.0,RUNNER_BE,20.04,165,-1.07
G_1735026300,LONG,2024-12-24 07:45:00,2024-12-24 16:45:00,376.05,376.077,0.1,0.0,0.01,TP_MAIN_MID,22.34,540,-2.88
G_1735026300,LONG,2024-12-24 07:45:00,2024-12-24 17:15:00,376.05,376.05,0.1,0.0,0.0,RUNNER_BE,22.34,570,-2.88
G_1735083000,SHORT,2024-12-24 23:30:00,2024-12-24 23:45:00,376.89,375.554,0.1,0.13,0.35,TP_MAIN_MID,14.23,15,-0.09
G_1735083000,SHORT,2024-12-24 23:30:00,2024-12-25 00:00:00,376.89,376.89,0.1,0.0,0.0,RUNNER_BE,14.23,30,-0.09
G_1735030800,LONG,2024-12-24 09:00:00,2024-12-25 00:45:00,371.04,371.04,0.1,0.0,0.0,RUNNER_BE,19.58,945,-1.57
G_1735087500,LONG,2024-12-25 00:45:00,2024-12-25 04:00:00,369.38,369.74699999999996,0.1,0.04,0.1,TP_MAIN_MID,12.64,195,-1.29
G_1735087500,LONG,2024-12-25 00:45:00,2024-12-25 04:15:00,369.38,369.38,0.1,0.0,0.0,RUNNER_BE,12.64,210,-1.29
G_1735102800,SHORT,2024-12-25 05:00:00,2024-12-25 14:30:00,376.58,376.203,0.1,0.04,0.1,TP_MAIN_MID,17.02,570,-2.5
G_1735104600,SHORT,2024-12-25 05:30:00,2024-12-25 16:00:00,372.78,372.7185,0.1,0.01,0.02,TP_MAIN_MID,19.47,630,-3.55
G_1735141500,LONG,2024-12-25 15:45:00,2024-12-25 17:15:00,368.83,371.232,0.1,0.24,0.65,TP_MAIN_MID,19.35,90,-1.08
G_1735144200,LONG,2024-12-25 16:30:00,2024-12-25 17:15:00,365.39,371.232,0.1,0.58,1.6,TP_MAIN_MID,22.54,45,-0.08
G_1735104600,SHORT,2024-12-25 05:30:00,2024-12-25 18:45:00,372.78,372.78,0.1,0.0,0.0,RUNNER_BE,19.47,795,-3.55
G_1735141500,LONG,2024-12-25 15:45:00,2024-12-25 20:30:00,368.83,368.83,0.1,0.0,0.0,RUNNER_BE,19.35,285,-1.08
G_1735144200,LONG,2024-12-25 16:30:00,2024-12-26 00:30:00,365.39,365.39,0.1,0.0,0.0,RUNNER_BE,22.54,480,-0.74
G_1734976800,SHORT,2024-12-23 18:00:00,2024-12-26 06:30:00,355.96,355.858,0.1,0.01,0.03,TP_MAIN_MID,29.62,3630,-9.61
G_1734971400,SHORT,2024-12-23 16:30:00,2024-12-26 10:15:00,346.05,346.023,0.1,0.0,0.01,TP_MAIN_MID,19.78,3945,-12.74
G_1734943500,SHORT,2024-12-23 08:45:00,2024-12-26 21:15:00,334.93,334.829,0.1,0.01,0.03,TP_MAIN_MID,22.06,5070,-16.49
G_1734943500,SHORT,2024-12-23 08:45:00,2024-12-26 21:30:00,334.93,334.93,0.1,0.0,0.0,RUNNER_BE,22.06,5085,-16.49
G_1735251300,SHORT,2024-12-26 22:15:00,2024-12-26 23:00:00,340.31,335.541,0.1,0.48,1.4,TP_MAIN_MID,29.22,45,-0.46
G_1735251300,SHORT,2024-12-26 22:15:00,2024-12-26 23:45:00,340.31,340.31,0.1,0.0,0.0,RUNNER_BE,29.22,90,-0.46
G_1734971400,SHORT,2024-12-23 16:30:00,2024-12-27 01:30:00,346.05,346.05,0.1,0.0,0.0,RUNNER_BE,19.78,4860,-12.74
G_1735263000,SHORT,2024-12-27 01:30:00,2024-12-27 03:00:00,349.85,341.023,0.1,0.88,2.52,TP_MAIN_MID,19.87,90,-0.24
G_1735283700,LONG,2024-12-27 07:15:00,2024-12-27 08:00:00,338.21,340.6085,0.1,0.24,0.71,TP_MAIN_MID,11.87,45,-1.58
G_1735288200,SHORT,2024-12-27 08:30:00,2024-12-27 08:45:00,343.16,340.6565,0.1,0.25,0.73,TP_MAIN_MID,13.42,15,-0.15
G_1735263000,SHORT,2024-12-27 01:30:00,2024-12-27 09:00:00,349.85,349.85,0.1,0.0,0.0,RUNNER_BE,19.87,450,-0.64
G_1735288200,SHORT,2024-12-27 08:30:00,2024-12-27 09:00:00,343.16,343.16,0.1,0.0,0.0,RUNNER_BE,13.42,30,-2.6
G_1735290000,SHORT,2024-12-27 09:00:00,2024-12-27 10:30:00,350.16,342.214,0.1,0.79,2.27,TP_MAIN_MID,13.65,90,-0.01
G_1735283700,LONG,2024-12-27 07:15:00,2024-12-27 13:00:00,338.21,338.21,0.1,0.0,0.0,RUNNER_BE,11.87,345,-1.58
G_1734966000,LONG,2024-12-23 15:00:00,2024-12-27 14:30:00,330.0,330.0,0.1,0.0,0.0,RUNNER_BE,21.64,5730,-1.18
G_1735309800,LONG,2024-12-27 14:30:00,2024-12-27 17:30:00,327.14,327.9905,0.1,0.09,0.26,TP_MAIN_MID,24.65,180,-2.07
G_1735311600,LONG,2024-12-27 15:00:00,2024-12-27 17:30:00,322.87,327.9905,0.1,0.51,1.59,TP_MAIN_MID,29.88,150,-0.77
G_1735309800,LONG,2024-12-27 14:30:00,2024-12-27 17:45:00,327.14,327.14,0.1,0.0,0.0,RUNNER_BE,24.65,195,-2.07
G_1735311600,LONG,2024-12-27 15:00:00,2024-12-27 21:45:00,322.87,322.87,0.1,0.0,0.0,RUNNER_BE,29.88,405,-0.77
G_1735336800,LONG,2024-12-27 22:00:00,2024-12-27 22:30:00,325.22,326.091,0.1,0.09,0.27,TP_MAIN_MID,25.37,30,-0.39
G_1735336800,LONG,2024-12-27 22:00:00,2024-12-27 22:45:00,325.22,325.22,0.1,0.0,0.0,RUNNER_BE,25.37,45,-0.59
G_1735363800,LONG,2024-12-28 05:30:00,2024-12-28 07:00:00,322.66,323.0995,0.1,0.04,0.14,TP_MAIN_MID,12.76,90,-1.21
G_1735367400,LONG,2024-12-28 06:30:00,2024-12-28 07:00:00,320.18,323.0995,0.1,0.29,0.91,TP_MAIN_MID,15.28,30,-0.45
G_1735363800,LONG,2024-12-28 05:30:00,2024-12-28 08:00:00,322.66,322.66,0.1,0.0,0.0,RUNNER_BE,12.76,150,-1.21
G_1735304400,LONG,2024-12-27 13:00:00,2024-12-28 19:30:00,335.55,335.97249999999997,0.1,0.04,0.13,TP_MAIN_MID,13.59,1830,-5.01
G_1735290000,SHORT,2024-12-27 09:00:00,2024-12-28 20:30:00,350.16,350.16,0.1,0.0,0.0,RUNNER_BE,13.65,2130,-0.09
G_1734976800,SHORT,2024-12-23 18:00:00,2024-12-28 21:30:00,355.96,355.96,0.1,0.0,0.0,RUNNER_BE,29.62,7410,-9.61
G_1735452000,LONG,2024-12-29 06:00:00,2024-12-29 06:30:00,341.55,343.48,0.1,0.19,0.57,TP_MAIN_MID,14.65,30,-0.2
G_1735452000,LONG,2024-12-29 06:00:00,2024-12-29 07:15:00,341.55,341.55,0.1,0.0,0.0,RUNNER_BE,14.65,75,-0.83
G_1735472700,SHORT,2024-12-29 11:45:00,2024-12-29 12:00:00,340.33,339.482,0.1,0.08,0.25,TP_MAIN_MID,13.54,15,-0.16
G_1735472700,SHORT,2024-12-29 11:45:00,2024-12-29 12:15:00,340.33,340.33,0.1,0.0,0.0,RUNNER_BE,13.54,30,-0.46
G_1735304400,LONG,2024-12-27 13:00:00,2024-12-29 14:15:00,335.55,335.55,0.1,0.0,0.0,RUNNER_BE,13.59,2955,-5.01
G_1735488000,LONG,2024-12-29 16:00:00,2024-12-30 01:30:00,332.38,332.6775,0.1,0.03,0.09,TP_MAIN_MID,11.98,570,-1.78
G_1735481700,LONG,2024-12-29 14:15:00,2024-12-30 03:00:00,336.08,336.08299999999997,0.1,0.0,0.0,TP_MAIN_MID,12.15,765,-2.87
G_1735481700,LONG,2024-12-29 14:15:00,2024-12-30 04:15:00,336.08,336.08,0.1,0.0,0.0,RUNNER_BE,12.15,840,-2.87
G_1735488000,LONG,2024-12-29 16:00:00,2024-12-30 09:15:00,332.38,332.38,0.1,0.0,0.0,RUNNER_BE,11.98,1035,-1.78
G_1735550100,LONG,2024-12-30 09:15:00,2024-12-30 09:45:00,333.18,337.293,0.1,0.41,1.23,TP_MAIN_MID,12.49,30,-0.36
G_1735550100,LONG,2024-12-30 09:15:00,2024-12-30 11:00:00,333.18,333.18,0.1,0.0,0.0,RUNNER_BE,12.49,105,-0.36
G_1735565400,LONG,2024-12-30 13:30:00,2024-12-30 16:15:00,329.07,331.808,0.1,0.27,0.83,TP_MAIN_MID,13.09,165,-2.37
G_1735565400,LONG,2024-12-30 13:30:00,2024-12-30 16:30:00,329.07,329.07,0.1,0.0,0.0,RUNNER_BE,13.09,180,-2.37
G_1735584300,SHORT,2024-12-30 18:45:00,2024-12-30 19:15:00,333.92,329.7815,0.1,0.41,1.24,TP_MAIN_MID,22.3,30,-0.06
G_1735584300,SHORT,2024-12-30 18:45:00,2024-12-30 20:15:00,333.92,333.92,0.1,0.0,0.0,RUNNER_BE,22.3,90,-0.06
G_1735591500,SHORT,2024-12-30 20:45:00,2024-12-30 21:15:00,333.52,331.09450000000004,0.1,0.24,0.73,TP_MAIN_MID,18.18,30,-0.08
G_1735367400,LONG,2024-12-28 06:30:00,2024-12-30 23:00:00,320.18,320.18,0.1,0.0,0.0,RUNNER_BE,15.28,3870,-0.45
G_1735378200,SHORT,2024-12-28 09:30:00,2024-12-30 23:15:00,328.76,328.4645,0.1,0.03,0.09,TP_MAIN_MID,14.0,3705,-10.2
G_1735376400,SHORT,2024-12-28 09:00:00,2024-12-31 00:30:00,325.74,325.409,0.1,0.03,0.1,TP_MAIN_MID,12.61,3810,-11.22
G_1735376400,SHORT,2024-12-28 09:00:00,2024-12-31 14:00:00,325.74,325.74,0.1,0.0,0.0,RUNNER_BE,12.61,4620,-11.22
G_1735655400,SHORT,2024-12-31 14:30:00,2024-12-31 15:45:00,323.18,318.119,0.1,0.51,1.57,TP_MAIN_MID,22.67,75,-0.36
G_1735378200,SHORT,2024-12-28 09:30:00,2025-01-02 00:15:00,328.76,328.76,0.1,0.0,0.0,RUNNER_BE,14.0,6645,-10.2
G_1735655400,SHORT,2024-12-31 14:30:00,2025-01-02 00:15:00,323.18,323.18,0.1,0.0,0.0,RUNNER_BE,22.67,2025,-1.82
G_1735600500,LONG,2024-12-30 23:15:00,2025-01-02 00:30:00,320.69,321.2345,0.1,0.05,0.17,TP_MAIN_MID,23.33,2955,-4.58
G_1735600500,LONG,2024-12-30 23:15:00,2025-01-02 02:15:00,320.69,320.69,0.1,0.0,0.0,RUNNER_BE,23.33,3060,-4.58
G_1735591500,SHORT,2024-12-30 20:45:00,2025-01-02 06:00:00,333.52,333.52,0.1,0.0,0.0,RUNNER_BE,18.18,3435,-0.18
G_1735564500,LONG,2024-12-30 13:15:00,2025-01-02 10:45:00,332.82,332.84900000000005,0.1,0.0,0.01,TP_MAIN_MID,10.85,4170,-8.06
G_1735564500,LONG,2024-12-30 13:15:00,2025-01-02 12:15:00,332.82,332.82,0.1,0.0,0.0,RUNNER_BE,10.85,4260,-8.06
G_1735844400,SHORT,2025-01-02 19:00:00,2025-01-02 20:30:00,338.23,335.2825,0.1,0.29,0.87,TP_MAIN_MID,21.74,90,-0.34
G_1735855200,LONG,2025-01-02 22:00:00,2025-01-02 23:30:00,330.62,333.5655,0.1,0.29,0.89,TP_MAIN_MID,16.9,90,-0.48
G_1735855200,LONG,2025-01-02 22:00:00,2025-01-03 00:15:00,330.62,330.62,0.1,0.0,0.0,RUNNER_BE,16.9,135,-0.48
G_1735865100,LONG,2025-01-03 00:45:00,2025-01-03 02:15:00,329.98,330.89050000000003,0.1,0.09,0.28,TP_MAIN_MID,14.91,90,-1.17
G_1735867800,LONG,2025-01-03 01:30:00,2025-01-03 02:15:00,327.25,330.89050000000003,0.1,0.36,1.11,TP_MAIN_MID,17.64,45,-0.03
G_1735865100,LONG,2025-01-03 00:45:00,2025-01-03 02:30:00,329.98,329.98,0.1,0.0,0.0,RUNNER_BE,14.91,105,-1.17
G_1735867800,LONG,2025-01-03 01:30:00,2025-01-03 03:15:00,327.25,327.25,0.1,0.0,0.0,RUNNER_BE,17.64,105,-0.07
G_1735792200,SHORT,2025-01-02 04:30:00,2025-01-03 04:15:00,329.67,329.447,0.1,0.02,0.07,TP_MAIN_MID,27.58,1425,-3.08
G_1735887600,LONG,2025-01-03 07:00:00,2025-01-03 09:15:00,321.83,322.5255,0.1,0.07,0.22,TP_MAIN_MID,26.54,135,-1.44
G_1735792200,SHORT,2025-01-02 04:30:00,2025-01-03 11:45:00,329.67,329.67,0.1,0.0,0.0,RUNNER_BE,27.58,1875,-3.08
G_1735882200,LONG,2025-01-03 05:30:00,2025-01-03 12:15:00,323.79,324.1205,0.1,0.03,0.1,TP_MAIN_MID,24.06,405,-2.04
G_1735878600,LONG,2025-01-03 04:30:00,2025-01-03 13:15:00,325.91,326.5385,0.1,0.06,0.19,TP_MAIN_MID,19.19,525,-2.68
G_1735844400,SHORT,2025-01-02 19:00:00,2025-01-03 14:00:00,338.23,338.23,0.1,0.0,0.0,RUNNER_BE,21.74,1140,-1.7
G_1735456500,LONG,2024-12-29 07:15:00,2025-01-03 16:30:00,340.34,340.63,0.1,0.03,0.09,TP_MAIN_MID,12.7,7755,-10.09
G_1735456500,LONG,2024-12-29 07:15:00,2025-01-04 04:00:00,340.34,340.34,0.1,0.0,0.0,RUNNER_BE,12.7,8445,-10.09
G_1735975800,SHORT,2025-01-04 07:30:00,2025-01-04 08:00:00,345.83,342.402,0.1,0.34,0.99,TP_MAIN_MID,22.59,30,0.0
G_1735975800,SHORT,2025-01-04 07:30:00,2025-01-04 12:15:00,345.83,345.83,0.1,0.0,0.0,RUNNER_BE,22.59,285,-1.48
G_1735950600,LONG,2025-01-04 00:30:00,2025-01-04 13:45:00,345.69,345.69449999999995,0.1,0.0,0.0,TP_MAIN_MID,22.74,795,-1.94
G_1735950600,LONG,2025-01-04 00:30:00,2025-01-05 01:30:00,345.69,345.69,0.1,0.0,0.0,RUNNER_BE,22.74,1500,-1.94
G_1736041500,LONG,2025-01-05 01:45:00,2025-01-05 04:00:00,344.85,348.413,0.1,0.36,1.03,TP_MAIN_MID,26.44,135,-0.01
G_1736041500,LONG,2025-01-05 01:45:00,2025-01-05 08:00:00,344.85,344.85,0.1,0.0,0.0,RUNNER_BE,26.44,375,-0.61
G_1735993800,SHORT,2025-01-04 12:30:00,2025-01-05 09:15:00,347.36,347.336,0.1,0.0,0.01,TP_MAIN_MID,19.17,1245,-4.01
G_1736064900,LONG,2025-01-05 08:15:00,2025-01-05 10:30:00,344.51,346.184,0.1,0.17,0.49,TP_MAIN_MID,17.2,135,-0.57
G_1736064900,LONG,2025-01-05 08:15:00,2025-01-05 11:00:00,344.51,344.51,0.1,0.0,0.0,RUNNER_BE,17.2,165,-0.57
G_1736085600,LONG,2025-01-05 14:00:00,2025-01-05 15:00:00,342.38,344.2625,0.1,0.19,0.55,TP_MAIN_MID,15.79,60,-0.56
G_1736085600,LONG,2025-01-05 14:00:00,2025-01-05 15:15:00,342.38,342.38,0.1,0.0,0.0,RUNNER_BE,15.79,75,-0.56
G_1736100000,LONG,2025-01-05 18:00:00,2025-01-05 18:30:00,339.89,342.3485,0.1,0.25,0.72,TP_MAIN_MID,11.52,30,-0.11
G_1736100000,LONG,2025-01-05 18:00:00,2025-01-05 21:30:00,339.89,339.89,0.1,0.0,0.0,RUNNER_BE,11.52,210,-0.11
G_1736114400,LONG,2025-01-05 22:00:00,2025-01-05 22:15:00,339.83,341.409,0.1,0.16,0.46,TP_MAIN_MID,9.16,15,-0.03
G_1736114400,LONG,2025-01-05 22:00:00,2025-01-06 00:15:00,339.83,339.83,0.1,0.0,0.0,RUNNER_BE,9.16,135,-0.07
G_1736125200,LONG,2025-01-06 01:00:00,2025-01-06 01:45:00,336.02,340.687,0.1,0.47,1.39,TP_MAIN_MID,14.07,45,-0.01
G_1735993800,SHORT,2025-01-04 12:30:00,2025-01-06 04:00:00,347.36,347.36,0.1,0.0,0.0,RUNNER_BE,19.17,2370,-4.01
G_1736136900,SHORT,2025-01-06 04:15:00,2025-01-06 06:00:00,346.37,344.5775,0.1,0.18,0.52,TP_MAIN_MID,24.69,105,-0.83
G_1736125200,LONG,2025-01-06 01:00:00,2025-01-06 08:45:00,336.02,336.02,0.1,0.0,0.0,RUNNER_BE,14.07,465,-0.01
G_1736163900,SHORT,2025-01-06 11:45:00,2025-01-06 14:15:00,343.09,340.897,0.1,0.22,0.64,TP_MAIN_MID,21.94,150,-0.86
G_1736136900,SHORT,2025-01-06 04:15:00,2025-01-06 14:45:00,346.37,346.37,0.1,0.0,0.0,RUNNER_BE,24.69,630,-0.83
G_1736163900,SHORT,2025-01-06 11:45:00,2025-01-06 14:45:00,343.09,343.09,0.1,0.0,0.0,RUNNER_BE,21.94,180,-1.26
G_1736175600,SHORT,2025-01-06 15:00:00,2025-01-06 17:00:00,349.62,345.945,0.1,0.37,1.05,TP_MAIN_MID,20.23,120,-1.65
G_1736179200,SHORT,2025-01-06 16:00:00,2025-01-06 17:00:00,354.23,345.945,0.1,0.83,2.34,TP_MAIN_MID,25.66,60,-0.33
G_1735878600,LONG,2025-01-03 04:30:00,2025-01-07 14:45:00,325.91,325.91,0.1,0.0,0.0,RUNNER_BE,19.19,6375,-2.68
G_1735882200,LONG,2025-01-03 05:30:00,2025-01-07 14:45:00,323.79,323.79,0.1,0.0,0.0,RUNNER_BE,24.06,6315,-2.04
G_1735887600,LONG,2025-01-03 07:00:00,2025-01-07 14:45:00,321.83,321.83,0.1,0.0,0.0,RUNNER_BE,26.54,6225,-1.44
G_1735905600,SHORT,2025-01-03 12:00:00,2025-01-07 15:15:00,331.43,331.31049999999993,0.1,0.01,0.04,TP_MAIN_MID,24.61,5955,-9.01
G_1736337600,LONG,2025-01-08 12:00:00,2025-01-08 13:30:00,297.08,297.242,0.1,0.02,0.05,TP_MAIN_MID,29.62,90,-1.74
G_1736337600,LONG,2025-01-08 12:00:00,2025-01-08 13:45:00,297.08,297.08,0.1,0.0,0.0,RUNNER_BE,29.62,105,-1.74
G_1736354700,LONG,2025-01-08 16:45:00,2025-01-08 18:15:00,288.22,291.07000000000005,0.1,0.29,0.99,TP_MAIN_MID,28.52,90,-4.3
G_1736354700,LONG,2025-01-08 16:45:00,2025-01-08 18:30:00,288.22,288.22,0.1,0.0,0.0,RUNNER_BE,28.52,105,-4.3
G_1736350200,LONG,2025-01-08 15:30:00,2025-01-09 01:00:00,292.51,292.726,0.1,0.02,0.07,TP_MAIN_MID,26.15,570,-5.71
G_1736350200,LONG,2025-01-08 15:30:00,2025-01-09 02:00:00,292.51,292.51,0.1,0.0,0.0,RUNNER_BE,26.15,630,-5.71
G_1736375400,SHORT,2025-01-08 22:30:00,2025-01-09 02:00:00,295.56,294.26550000000003,0.1,0.13,0.44,TP_MAIN_MID,15.98,210,-1.45
G_1736385300,SHORT,2025-01-09 01:15:00,2025-01-09 02:00:00,298.97,294.26550000000003,0.1,0.47,1.57,TP_MAIN_MID,15.47,45,-0.3
G_1736375400,SHORT,2025-01-08 22:30:00,2025-01-09 02:30:00,295.56,295.56,0.1,0.0,0.0,RUNNER_BE,15.98,240,-1.45
G_1736406900,LONG,2025-01-09 07:15:00,2025-01-09 08:30:00,283.2,287.933,0.1,0.47,1.67,TP_MAIN_MID,27.19,75,-0.35
G_1736406900,LONG,2025-01-09 07:15:00,2025-01-09 10:30:00,283.2,283.2,0.1,0.0,0.0,RUNNER_BE,27.19,195,-0.35
G_1736426700,LONG,2025-01-09 12:45:00,2025-01-09 18:30:00,283.57,283.62749999999994,0.1,0.01,0.02,TP_MAIN_MID,22.34,345,-3.56
G_1736426700,LONG,2025-01-09 12:45:00,2025-01-09 18:45:00,283.57,283.57,0.1,0.0,0.0,RUNNER_BE,22.34,360,-3.56
G_1736451900,LONG,2025-01-09 19:45:00,2025-01-09 22:15:00,277.51,280.4565,0.1,0.29,1.06,TP_MAIN_MID,22.87,150,-1.52
G_1736385300,SHORT,2025-01-09 01:15:00,2025-01-10 07:30:00,298.97,298.97,0.1,0.0,0.0,RUNNER_BE,15.47,1815,-0.6
G_1736396100,LONG,2025-01-09 04:15:00,2025-01-10 08:00:00,290.76,291.1325,0.1,0.04,0.13,TP_MAIN_MID,18.18,1665,-6.01
G_1736396100,LONG,2025-01-09 04:15:00,2025-01-10 11:15:00,290.76,290.76,0.1,0.0,0.0,RUNNER_BE,18.18,1860,-6.01
G_1736508600,LONG,2025-01-10 11:30:00,2025-01-10 13:15:00,289.98,291.63,0.1,0.16,0.57,TP_MAIN_MID,20.36,105,-0.77
G_1736451900,LONG,2025-01-09 19:45:00,2025-01-10 13:30:00,277.51,277.51,0.1,0.0,0.0,RUNNER_BE,22.87,1065,-1.52
G_1736508600,LONG,2025-01-10 11:30:00,2025-01-10 13:30:00,289.98,289.98,0.1,0.0,0.0,RUNNER_BE,20.36,120,-4.7
G_1736515800,LONG,2025-01-10 13:30:00,2025-01-10 17:15:00,281.5,283.2625,0.1,0.18,0.63,TP_MAIN_MID,18.38,225,-1.57
G_1736517600,LONG,2025-01-10 14:00:00,2025-01-10 21:30:00,285.37,285.418,0.1,0.0,0.02,TP_MAIN_MID,22.61,450,-2.91
G_1736517600,LONG,2025-01-10 14:00:00,2025-01-10 21:45:00,285.37,285.37,0.1,0.0,0.0,RUNNER_BE,22.61,465,-2.91
G_1736515800,LONG,2025-01-10 13:30:00,2025-01-11 01:45:00,281.5,281.5,0.1,0.0,0.0,RUNNER_BE,18.38,735,-1.57
G_1736564400,LONG,2025-01-11 03:00:00,2025-01-11 05:00:00,281.58,282.411,0.1,0.08,0.3,TP_MAIN_MID,18.97,120,-0.54
G_1736564400,LONG,2025-01-11 03:00:00,2025-01-11 05:15:00,281.58,281.58,0.1,0.0,0.0,RUNNER_BE,18.97,135,-0.54
G_1736577000,SHORT,2025-01-11 06:30:00,2025-01-11 06:45:00,283.48,282.371,0.1,0.11,0.39,TP_MAIN_MID,16.78,15,-0.02
G_1736577000,SHORT,2025-01-11 06:30:00,2025-01-11 08:00:00,283.48,283.48,0.1,0.0,0.0,RUNNER_BE,16.78,90,-0.06
G_1736556300,LONG,2025-01-11 00:45:00,2025-01-11 12:00:00,283.94,283.989,0.1,0.0,0.02,TP_MAIN_MID,12.95,675,-1.36
G_1736594100,SHORT,2025-01-11 11:15:00,2025-01-11 13:00:00,286.65,284.747,0.1,0.19,0.66,TP_MAIN_MID,16.67,105,-0.68
G_1736556300,LONG,2025-01-11 00:45:00,2025-01-11 13:30:00,283.94,283.94,0.1,0.0,0.0,RUNNER_BE,12.95,765,-1.36
G_1736594100,SHORT,2025-01-11 11:15:00,2025-01-11 14:30:00,286.65,286.65,0.1,0.0,0.0,RUNNER_BE,16.67,195,-0.68
G_1736620200,LONG,2025-01-11 18:30:00,2025-01-11 19:00:00,284.93,286.183,0.1,0.13,0.44,TP_MAIN_MID,11.75,30,-0.21
G_1736620200,LONG,2025-01-11 18:30:00,2025-01-11 19:30:00,284.93,284.93,0.1,0.0,0.0,RUNNER_BE,11.75,60,-0.41
G_1736623800,LONG,2025-01-11 19:30:00,2025-01-11 19:45:00,284.43,286.0005,0.1,0.16,0.55,TP_MAIN_MID,11.18,15,-0.13
G_1736627400,SHORT,2025-01-11 20:30:00,2025-01-11 22:45:00,288.69,288.0005,0.1,0.07,0.24,TP_MAIN_MID,12.07,135,-1.78
G_1736627400,SHORT,2025-01-11 20:30:00,2025-01-11 23:00:00,288.69,288.69,0.1,0.0,0.0,RUNNER_BE,12.07,150,-1.78
G_1736656200,SHORT,2025-01-12 04:30:00,2025-01-12 06:15:00,289.93,288.79,0.1,0.11,0.39,TP_MAIN_MID,10.6,105,-0.63
G_1736656200,SHORT,2025-01-12 04:30:00,2025-01-12 07:45:00,289.93,289.93,0.1,0.0,0.0,RUNNER_BE,10.6,195,-0.63
G_1736673300,LONG,2025-01-12 09:15:00,2025-01-12 10:30:00,287.16,288.5105,0.1,0.14,0.47,TP_MAIN_MID,11.71,75,-0.88
G_1736673300,LONG,2025-01-12 09:15:00,2025-01-12 22:00:00,287.16,287.16,0.1,0.0,0.0,RUNNER_BE,11.71,765,-0.88
G_1736721000,LONG,2025-01-12 22:30:00,2025-01-13 00:15:00,286.94,289.0935,0.1,0.22,0.75,TP_MAIN_MID,19.65,105,-0.36
G_1736721000,LONG,2025-01-12 22:30:00,2025-01-13 01:30:00,286.94,286.94,0.1,0.0,0.0,RUNNER_BE,19.65,180,-0.36
G_1736623800,LONG,2025-01-11 19:30:00,2025-01-13 01:45:00,284.43,284.43,0.1,0.0,0.0,RUNNER_BE,11.18,1815,-0.13
G_1736590500,SHORT,2025-01-11 10:15:00,2025-01-13 05:00:00,284.66,284.36350000000004,0.1,0.03,0.1,TP_MAIN_MID,11.25,2565,-4.35
G_1736781300,SHORT,2025-01-13 15:15:00,2025-01-13 17:00:00,273.18,268.54200000000003,0.1,0.46,1.7,TP_MAIN_MID,29.03,105,-1.33
G_1736781300,SHORT,2025-01-13 15:15:00,2025-01-13 20:30:00,273.18,273.18,0.1,0.0,0.0,RUNNER_BE,29.03,315,-3.12
G_1736590500,SHORT,2025-01-11 10:15:00,2025-01-13 21:30:00,284.66,284.66,0.1,0.0,0.0,RUNNER_BE,11.25,3555,-4.35
G_1736735400,LONG,2025-01-13 02:30:00,2025-01-13 23:45:00,281.24,281.45349999999996,0.1,0.02,0.08,TP_MAIN_MID,19.34,1275,-8.91
G_1736804700,SHORT,2025-01-13 21:45:00,2025-01-14 01:00:00,288.18,286.4415,0.1,0.17,0.6,TP_MAIN_MID,27.23,195,-2.72
G_1736804700,SHORT,2025-01-13 21:45:00,2025-01-14 01:15:00,288.18,288.18,0.1,0.0,0.0,RUNNER_BE,27.23,210,-2.72
G_1736841600,LONG,2025-01-14 08:00:00,2025-01-14 08:45:00,288.28,289.216,0.1,0.09,0.32,TP_MAIN_MID,20.51,45,-0.49
G_1736841600,LONG,2025-01-14 08:00:00,2025-01-14 12:15:00,288.28,288.28,0.1,0.0,0.0,RUNNER_BE,20.51,255,-0.69
G_1736883000,SHORT,2025-01-14 19:30:00,2025-01-14 20:00:00,293.62,291.7605,0.1,0.19,0.63,TP_MAIN_MID,16.17,30,-0.04
G_1736883000,SHORT,2025-01-14 19:30:00,2025-01-14 21:00:00,293.62,293.62,0.1,0.0,0.0,RUNNER_BE,16.17,90,-0.5
G_1736889300,SHORT,2025-01-14 21:15:00,2025-01-15 06:15:00,294.13,294.088,0.1,0.0,0.01,TP_MAIN_MID,17.98,540,-2.52
G_1736889300,SHORT,2025-01-14 21:15:00,2025-01-15 06:45:00,294.13,294.13,0.1,0.0,0.0,RUNNER_BE,17.98,570,-2.52
G_1736932500,LONG,2025-01-15 09:15:00,2025-01-15 14:00:00,290.34,290.96999999999997,0.1,0.06,0.22,TP_MAIN_MID,16.52,285,-1.62
G_1735905600,SHORT,2025-01-03 12:00:00,2025-01-17 15:00:00,331.43,331.43,0.1,0.0,0.0,RUNNER_BE,24.61,20340,-9.01
G_1737144900,SHORT,2025-01-17 20:15:00,2025-01-18 04:45:00,332.98,332.40999999999997,0.1,0.06,0.17,TP_MAIN_MID,14.2,510,-2.68
G_1737144900,SHORT,2025-01-17 20:15:00,2025-01-19 15:00:00,332.98,332.98,0.1,0.0,0.0,RUNNER_BE,14.2,2565,-2.68
G_1736175600,SHORT,2025-01-06 15:00:00,2025-01-20 07:00:00,349.62,349.62,0.1,0.0,0.0,RUNNER_BE,20.23,19680,-1.65
G_1736179200,SHORT,2025-01-06 16:00:00,2025-01-20 07:15:00,354.23,354.23,0.1,0.0,0.0,RUNNER_BE,25.66,19635,-2.09
G_1737377100,LONG,2025-01-20 12:45:00,2025-01-20 13:15:00,331.99,343.867,0.1,1.19,3.58,TP_MAIN_MID,29.5,30,-0.43
G_1737383400,SHORT,2025-01-20 14:30:00,2025-01-20 15:45:00,352.22,344.139,0.1,0.81,2.29,TP_MAIN_MID,29.36,75,-0.81
G_1737383400,SHORT,2025-01-20 14:30:00,2025-01-20 16:30:00,352.22,352.22,0.1,0.0,0.0,RUNNER_BE,29.36,120,-0.81
G_1737377100,LONG,2025-01-20 12:45:00,2025-01-20 17:30:00,331.99,331.99,0.1,0.0,0.0,RUNNER_BE,29.5,285,-3.88
G_1737394200,LONG,2025-01-20 17:30:00,2025-01-20 18:45:00,321.72,343.5895,0.1,2.19,6.8,TP_MAIN_MID,25.51,75,-0.35
G_1737416700,LONG,2025-01-20 23:45:00,2025-01-21 02:00:00,337.53,339.992,0.1,0.25,0.73,TP_MAIN_MID,13.69,135,-3.09
G_1737416700,LONG,2025-01-20 23:45:00,2025-01-21 04:30:00,337.53,337.53,0.1,0.0,0.0,RUNNER_BE,13.69,285,-3.09
G_1735181100,LONG,2024-12-26 02:45:00,2025-01-21 13:15:00,358.5,358.7045,0.1,0.02,0.06,TP_MAIN_MID,25.62,38070,-28.54
G_1735181100,LONG,2024-12-26 02:45:00,2025-01-21 15:00:00,358.5,358.5,0.1,0.0,0.0,RUNNER_BE,25.62,38175,-28.54
G_1735102800,SHORT,2024-12-25 05:00:00,2025-01-21 19:00:00,376.58,376.58,0.1,0.0,0.0,RUNNER_BE,17.02,39720,-2.5
G_1735173000,LONG,2024-12-26 00:30:00,2025-01-21 19:45:00,364.34,364.861,0.1,0.05,0.14,TP_MAIN_MID,12.35,38595,-29.69
G_1737486900,SHORT,2025-01-21 19:15:00,2025-01-21 21:45:00,376.73,370.34700000000004,0.1,0.64,1.69,TP_MAIN_MID,27.35,150,-0.47
G_1737486900,SHORT,2025-01-21 19:15:00,2025-01-21 22:45:00,376.73,376.73,0.1,0.0,0.0,RUNNER_BE,27.35,210,-0.47
G_1735173000,LONG,2024-12-26 00:30:00,2025-01-22 01:00:00,364.34,364.34,0.1,0.0,0.0,RUNNER_BE,12.35,38910,-29.69
G_1737483300,SHORT,2025-01-21 18:15:00,2025-01-22 01:45:00,368.99,368.61299999999994,0.1,0.04,0.1,TP_MAIN_MID,19.69,450,-2.57
G_1737483300,SHORT,2025-01-21 18:15:00,2025-01-22 03:30:00,368.99,368.99,0.1,0.0,0.0,RUNNER_BE,19.69,555,-2.57
G_1737507600,LONG,2025-01-22 01:00:00,2025-01-22 03:30:00,364.84,366.39700000000005,0.1,0.16,0.43,TP_MAIN_MID,19.79,150,-1.55
G_1737507600,LONG,2025-01-22 01:00:00,2025-01-22 03:45:00,364.84,364.84,0.1,0.0,0.0,RUNNER_BE,19.79,165,-1.55
G_1737527400,LONG,2025-01-22 06:30:00,2025-01-22 08:45:00,359.06,360.297,0.1,0.12,0.34,TP_MAIN_MID,11.84,135,-1.47
G_1737531000,LONG,2025-01-22 07:30:00,2025-01-22 08:45:00,356.5,360.297,0.1,0.38,1.07,TP_MAIN_MID,15.49,75,-0.76
G_1737527400,LONG,2025-01-22 06:30:00,2025-01-22 09:00:00,359.06,359.06,0.1,0.0,0.0,RUNNER_BE,11.84,150,-1.47
G_1737542700,SHORT,2025-01-22 10:45:00,2025-01-22 11:45:00,364.31,360.48449999999997,0.1,0.38,1.05,TP_MAIN_MID,18.74,60,-0.32
G_1737531000,LONG,2025-01-22 07:30:00,2025-01-22 13:00:00,356.5,356.5,0.1,0.0,0.0,RUNNER_BE,15.49,330,-0.76
G_1737561600,LONG,2025-01-22 16:00:00,2025-01-22 18:00:00,351.67,353.7675,0.1,0.21,0.6,TP_MAIN_MID,22.95,120,-0.65
G_1737561600,LONG,2025-01-22 16:00:00,2025-01-22 18:15:00,351.67,351.67,0.1,0.0,0.0,RUNNER_BE,22.95,135,-0.86
G_1737571500,LONG,2025-01-22 18:45:00,2025-01-22 19:15:00,349.11,352.3145,0.1,0.32,0.92,TP_MAIN_MID,26.4,30,-0.18
G_1737571500,LONG,2025-01-22 18:45:00,2025-01-22 19:45:00,349.11,349.11,0.1,0.0,0.0,RUNNER_BE,26.4,60,-0.18
G_1737585900,LONG,2025-01-22 22:45:00,2025-01-23 00:15:00,346.94,349.7095,0.1,0.28,0.8,TP_MAIN_MID,17.94,90,-0.5
G_1737585900,LONG,2025-01-22 22:45:00,2025-01-23 00:30:00,346.94,346.94,0.1,0.0,0.0,RUNNER_BE,17.94,105,-0.5
G_1737450000,SHORT,2025-01-21 09:00:00,2025-01-23 02:30:00,345.32,344.869,0.1,0.05,0.13,TP_MAIN_MID,8.85,2490,-9.61
G_1737450000,SHORT,2025-01-21 09:00:00,2025-01-23 14:30:00,345.32,345.32,0.1,0.0,0.0,RUNNER_BE,8.85,3210,-9.61
G_1737643500,SHORT,2025-01-23 14:45:00,2025-01-23 15:15:00,342.49,335.62,0.1,0.69,2.01,TP_MAIN_MID,20.99,30,-0.5
G_1737643500,SHORT,2025-01-23 14:45:00,2025-01-23 16:00:00,342.49,342.49,0.1,0.0,0.0,RUNNER_BE,20.99,75,-0.5
G_1737648900,SHORT,2025-01-23 16:15:00,2025-01-23 16:45:00,340.56,337.293,0.1,0.33,0.96,TP_MAIN_MID,20.1,30,-0.34
G_1737648900,SHORT,2025-01-23 16:15:00,2025-01-23 20:15:00,340.56,340.56,0.1,0.0,0.0,RUNNER_BE,20.1,240,-0.72
G_1737666900,LONG,2025-01-23 21:15:00,2025-01-23 22:00:00,327.24,332.631,0.1,0.54,1.65,TP_MAIN_MID,15.3,45,-0.9
G_1737593100,LONG,2025-01-23 00:45:00,2025-01-24 08:15:00,343.44,343.77750000000003,0.1,0.03,0.1,TP_MAIN_MID,18.19,1890,-5.57
G_1737593100,LONG,2025-01-23 00:45:00,2025-01-24 20:30:00,343.44,343.44,0.1,0.0,0.0,RUNNER_BE,18.19,2625,-5.57
G_1737666900,LONG,2025-01-23 21:15:00,2025-01-25 19:45:00,327.24,327.24,0.1,0.0,0.0,RUNNER_BE,15.3,2790,-0.9
G_1737848700,LONG,2025-01-25 23:45:00,2025-01-26 00:15:00,326.42,328.49,0.1,0.21,0.63,TP_MAIN_MID,11.91,30,-0.1
G_1737848700,LONG,2025-01-25 23:45:00,2025-01-26 01:45:00,326.42,326.42,0.1,0.0,0.0,RUNNER_BE,11.91,120,-0.1
G_1737856800,LONG,2025-01-26 02:00:00,2025-01-26 03:00:00,326.28,327.672,0.1,0.14,0.43,TP_MAIN_MID,10.37,60,-0.5
G_1737856800,LONG,2025-01-26 02:00:00,2025-01-26 09:15:00,326.28,326.28,0.1,0.0,0.0,RUNNER_BE,10.37,435,-0.5
G_1737883800,LONG,2025-01-26 09:30:00,2025-01-26 11:00:00,325.26,328.323,0.1,0.31,0.94,TP_MAIN_MID,15.45,90,-0.27
G_1737883800,LONG,2025-01-26 09:30:00,2025-01-26 12:30:00,325.26,325.26,0.1,0.0,0.0,RUNNER_BE,15.45,180,-0.27
G_1737394200,LONG,2025-01-20 17:30:00,2025-01-26 22:00:00,321.72,321.72,0.1,0.0,0.0,RUNNER_BE,25.51,8910,-0.35
G_1737905400,SHORT,2025-01-26 15:30:00,2025-01-26 23:15:00,329.07,328.59000000000003,0.1,0.05,0.15,TP_MAIN_MID,11.33,465,-1.64
G_1737346500,SHORT,2025-01-20 04:15:00,2025-01-27 03:30:00,311.94,311.173,0.1,0.08,0.25,TP_MAIN_MID,28.42,10035,-21.33
G_1736932500,LONG,2025-01-15 09:15:00,2025-01-27 07:15:00,290.34,290.34,0.1,0.0,0.0,RUNNER_BE,16.52,17160,-1.62
G_1737989100,SHORT,2025-01-27 14:45:00,2025-01-27 17:15:00,303.66,300.9065,0.1,0.28,0.91,TP_MAIN_MID,29.85,150,-1.1
G_1737989100,SHORT,2025-01-27 14:45:00,2025-01-27 17:30:00,303.66,303.66,0.1,0.0,0.0,RUNNER_BE,29.85,165,-1.1
G_1738001700,LONG,2025-01-27 18:15:00,2025-01-27 20:15:00,293.95,298.2845,0.1,0.43,1.47,TP_MAIN_MID,23.02,120,-0.78
G_1738011600,SHORT,2025-01-27 21:00:00,2025-01-28 00:30:00,307.7,302.2795,0.1,0.54,1.76,TP_MAIN_MID,19.37,210,-0.93
G_1738001700,LONG,2025-01-27 18:15:00,2025-01-28 14:00:00,293.95,293.95,0.1,0.0,0.0,RUNNER_BE,23.02,1185,-0.78
G_1738073700,LONG,2025-01-28 14:15:00,2025-01-28 14:30:00,295.96,298.13800000000003,0.1,0.22,0.74,TP_MAIN_MID,18.44,15,-0.23
G_1738073700,LONG,2025-01-28 14:15:00,2025-01-28 14:45:00,295.96,295.96,0.1,0.0,0.0,RUNNER_BE,18.44,30,-0.42
G_1736735400,LONG,2025-01-13 02:30:00,2025-01-28 22:00:00,281.24,281.24,0.1,0.0,0.0,RUNNER_BE,19.34,22770,-8.91
G_1738081800,LONG,2025-01-28 16:30:00,2025-01-29 07:15:00,294.03,294.3905,0.1,0.04,0.12,TP_MAIN_MID,14.66,885,-4.49
G_1738081800,LONG,2025-01-28 16:30:00,2025-01-29 09:15:00,294.03,294.03,0.1,0.0,0.0,RUNNER_BE,14.66,1005,-4.49
G_1738155600,LONG,2025-01-29 13:00:00,2025-01-29 20:45:00,291.4,291.6795,0.1,0.03,0.1,TP_MAIN_MID,17.52,465,-2.75
G_1738155600,LONG,2025-01-29 13:00:00,2025-01-29 23:45:00,291.4,291.4,0.1,0.0,0.0,RUNNER_BE,17.52,645,-2.75
G_1738196100,LONG,2025-01-30 00:15:00,2025-01-30 01:15:00,287.64,294.3505,0.1,0.67,2.33,TP_MAIN_MID,13.6,60,-0.26
G_1738011600,SHORT,2025-01-27 21:00:00,2025-01-30 09:30:00,307.7,307.7,0.1,0.0,0.0,RUNNER_BE,19.37,3630,-0.93
G_1737346500,SHORT,2025-01-20 04:15:00,2025-01-30 11:45:00,311.94,311.94,0.1,0.0,0.0,RUNNER_BE,28.42,14850,-21.33
G_1738266300,SHORT,2025-01-30 19:45:00,2025-01-30 20:30:00,320.26,317.164,0.1,0.31,0.97,TP_MAIN_MID,28.08,45,-0.67
G_1738266300,SHORT,2025-01-30 19:45:00,2025-01-31 01:30:00,320.26,320.26,0.1,0.0,0.0,RUNNER_BE,28.08,345,-0.67
G_1738287000,SHORT,2025-01-31 01:30:00,2025-01-31 02:15:00,319.23,317.268,0.1,0.2,0.61,TP_MAIN_MID,12.64,45,-0.52
G_1738296000,LONG,2025-01-31 04:00:00,2025-01-31 05:15:00,314.67,316.7545,0.1,0.21,0.66,TP_MAIN_MID,13.37,75,-0.67
G_1738287000,SHORT,2025-01-31 01:30:00,2025-01-31 05:45:00,319.23,319.23,0.1,0.0,0.0,RUNNER_BE,12.64,255,-0.52
G_1738305900,SHORT,2025-01-31 06:45:00,2025-01-31 08:15:00,322.12,317.84350000000006,0.1,0.43,1.33,TP_MAIN_MID,14.31,90,-1.01
G_1738305900,SHORT,2025-01-31 06:45:00,2025-01-31 11:00:00,322.12,322.12,0.1,0.0,0.0,RUNNER_BE,14.31,255,-1.01
G_1737905400,SHORT,2025-01-26 15:30:00,2025-01-31 12:45:00,329.07,329.07,0.1,0.0,0.0,RUNNER_BE,11.33,7035,-1.64
G_1738328400,SHORT,2025-01-31 13:00:00,2025-02-01 04:15:00,330.01,329.918,0.1,0.01,0.03,TP_MAIN_MID,27.88,915,-5.82
G_1738322100,SHORT,2025-01-31 11:15:00,2025-02-01 07:45:00,325.39,325.383,0.1,0.0,0.0,TP_MAIN_MID,15.09,1230,-7.33
G_1738296000,LONG,2025-01-31 04:00:00,2025-02-01 10:45:00,314.67,314.67,0.1,0.0,0.0,RUNNER_BE,13.37,1845,-0.67
G_1738196100,LONG,2025-01-30 00:15:00,2025-02-02 03:15:00,287.64,287.64,0.1,0.0,0.0,RUNNER_BE,13.6,4500,-0.26
G_1738114200,SHORT,2025-01-29 01:30:00,2025-02-02 15:00:00,287.4,287.1895,0.1,0.02,0.07,TP_MAIN_MID,23.88,6570,-21.51
G_1736801100,SHORT,2025-01-13 20:45:00,2025-02-02 18:30:00,279.15,278.506,0.1,0.06,0.23,TP_MAIN_MID,18.11,28665,-35.59
G_1736801100,SHORT,2025-01-13 20:45:00,2025-02-03 19:30:00,279.15,279.15,0.1,0.0,0.0,RUNNER_BE,18.11,30165,-35.59
G_1738637100,LONG,2025-02-04 02:45:00,2025-02-04 19:00:00,267.03,267.06100000000004,0.1,0.0,0.01,TP_MAIN_MID,19.53,975,-6.78
G_1738637100,LONG,2025-02-04 02:45:00,2025-02-04 19:45:00,267.03,267.03,0.1,0.0,0.0,RUNNER_BE,19.53,1020,-6.78
G_1738699200,LONG,2025-02-04 20:00:00,2025-02-04 22:15:00,257.82,263.61800000000005,0.1,0.58,2.25,TP_MAIN_MID,26.12,135,-2.33
G_1738699200,LONG,2025-02-04 20:00:00,2025-02-05 20:30:00,257.82,257.82,0.1,0.0,0.0,RUNNER_BE,26.12,1470,-2.33
G_1738808100,SHORT,2025-02-06 02:15:00,2025-02-06 13:00:00,262.48,262.3405,0.1,0.01,0.05,TP_MAIN_MID,18.32,645,-1.68
G_1738808100,SHORT,2025-02-06 02:15:00,2025-02-11 05:00:00,262.48,262.48,0.1,0.0,0.0,RUNNER_BE,18.32,7365,-1.68
G_1739268900,LONG,2025-02-11 10:15:00,2025-02-11 10:30:00,258.79,259.82,0.1,0.1,0.4,TP_MAIN_MID,22.7,15,-0.32
G_1739268900,LONG,2025-02-11 10:15:00,2025-02-11 10:45:00,258.79,258.79,0.1,0.0,0.0,RUNNER_BE,22.7,30,-0.32
G_1739271600,LONG,2025-02-11 11:00:00,2025-02-11 11:30:00,258.05,259.49850000000004,0.1,0.14,0.56,TP_MAIN_MID,19.15,30,-0.31
G_1739271600,LONG,2025-02-11 11:00:00,2025-02-11 11:45:00,258.05,258.05,0.1,0.0,0.0,RUNNER_BE,19.15,45,-0.31
G_1739275200,LONG,2025-02-11 12:00:00,2025-02-14 04:15:00,256.03,256.131,0.1,0.01,0.04,TP_MAIN_MID,16.08,3855,-9.48
G_1739275200,LONG,2025-02-11 12:00:00,2025-02-14 05:30:00,256.03,256.03,0.1,0.0,0.0,RUNNER_BE,16.08,3930,-9.48
G_1739521800,SHORT,2025-02-14 08:30:00,2025-02-14 08:45:00,258.97,257.59450000000004,0.1,0.14,0.53,TP_MAIN_MID,29.7,15,0.0
G_1739521800,SHORT,2025-02-14 08:30:00,2025-02-14 09:00:00,258.97,258.97,0.1,0.0,0.0,RUNNER_BE,29.7,30,-0.2
G_1739567700,LONG,2025-02-14 21:15:00,2025-02-14 21:30:00,262.68,265.27750000000003,0.1,0.26,0.99,TP_MAIN_MID,28.58,15,-0.05
G_1739567700,LONG,2025-02-14 21:15:00,2025-02-14 22:30:00,262.68,262.68,0.1,0.0,0.0,RUNNER_BE,28.58,75,-0.73
G_1739573100,LONG,2025-02-14 22:45:00,2025-02-15 02:00:00,262.03,262.56550000000004,0.1,0.05,0.2,TP_MAIN_MID,23.7,195,-1.19
G_1739573100,LONG,2025-02-14 22:45:00,2025-02-15 02:15:00,262.03,262.03,0.1,0.0,0.0,RUNNER_BE,23.7,210,-1.19
G_1739599200,LONG,2025-02-15 06:00:00,2025-02-17 10:00:00,260.69,260.861,0.1,0.02,0.07,TP_MAIN_MID,13.15,3120,-4.27
G_1739599200,LONG,2025-02-15 06:00:00,2025-02-17 18:00:00,260.69,260.69,0.1,0.0,0.0,RUNNER_BE,13.15,3600,-4.27
G_1739826900,SHORT,2025-02-17 21:15:00,2025-02-17 22:45:00,267.86,263.994,0.1,0.39,1.44,TP_MAIN_MID,18.48,90,-0.62
G_1739826900,SHORT,2025-02-17 21:15:00,2025-02-21 09:15:00,267.86,267.86,0.1,0.0,0.0,RUNNER_BE,18.48,5040,-0.62
G_1740131100,SHORT,2025-02-21 09:45:00,2025-02-21 12:00:00,264.14,263.2505,0.1,0.09,0.34,TP_MAIN_MID,22.12,135,-0.62
G_1740131100,SHORT,2025-02-21 09:45:00,2025-02-21 12:15:00,264.14,264.14,0.1,0.0,0.0,RUNNER_BE,22.12,150,-0.62
G_1740195000,LONG,2025-02-22 03:30:00,2025-02-22 04:15:00,239.77,243.0885,0.2,0.66,1.38,TP_MAIN_MID,26.57,45,-0.22
G_1740195000,LONG,2025-02-22 03:30:00,2025-02-24 03:15:00,239.77,239.77,0.09999999999999998,0.0,0.0,RUNNER_BE,26.57,2865,-0.28
G_1740367800,LONG,2025-02-24 03:30:00,2025-05-16 12:00:00,240.65,240.7875,0.1,0.01,0.06,TP_MAIN_MID,27.12,117150,-52.61
G_1740367800,LONG,2025-02-24 03:30:00,2025-05-16 12:15:00,240.65,240.65,0.1,0.0,0.0,RUNNER_BE,27.12,117165,-52.61
G_1747404000,LONG,2025-05-16 14:00:00,2025-05-18 17:30:00,235.47,235.77349999999996,0.2,0.06,0.13,TP_MAIN_MID,22.93,3090,-6.66
G_1747404000,LONG,2025-05-16 14:00:00,2025-05-18 17:45:00,235.47,235.47,0.09999999999999998,0.0,0.0,RUNNER_BE,22.93,3105,-6.66
G_1747611900,SHORT,2025-05-18 23:45:00,2025-05-19 00:30:00,232.12,224.897,0.2,1.44,3.11,TP_MAIN_MID,27.92,45,-1.12
G_1747611900,SHORT,2025-05-18 23:45:00,2025-05-19 16:45:00,232.12,232.12,0.09999999999999998,0.0,0.0,RUNNER_BE,27.92,1020,-1.12
G_1747697400,SHORT,2025-05-19 23:30:00,2025-05-21 21:30:00,248.41,247.936,0.1,0.05,0.19,TP_MAIN_MID,28.38,2760,-8.86
G_1747697400,SHORT,2025-05-19 23:30:00,2025-05-21 22:15:00,248.41,248.41,0.1,0.0,0.0,RUNNER_BE,28.38,2805,-8.86
G_1747866600,SHORT,2025-05-21 22:30:00,2025-05-21 23:45:00,248.87,247.96550000000002,0.1,0.09,0.36,TP_MAIN_MID,11.13,75,-2.52
G_1747866600,SHORT,2025-05-21 22:30:00,2025-05-22 00:00:00,248.87,248.87,0.1,0.0,0.0,RUNNER_BE,11.13,90,-2.52
G_1747874700,SHORT,2025-05-22 00:45:00,2025-05-30 01:15:00,251.42,251.276,0.1,0.01,0.06,TP_MAIN_MID,18.37,11550,-12.5
G_1747874700,SHORT,2025-05-22 00:45:00,2025-05-30 03:00:00,251.42,251.42,0.1,0.0,0.0,RUNNER_BE,18.37,11655,-12.5
G_1748580300,SHORT,2025-05-30 04:45:00,2025-05-30 06:30:00,253.13,251.092,0.1,0.2,0.81,TP_MAIN_MID,25.19,105,-0.37
G_1748580300,SHORT,2025-05-30 04:45:00,2025-05-30 18:45:00,253.13,253.13,0.1,0.0,0.0,RUNNER_BE,25.19,840,-0.37
G_1748631600,SHORT,2025-05-30 19:00:00,2025-05-30 22:15:00,252.83,252.52599999999998,0.1,0.03,0.12,TP_MAIN_MID,21.53,195,-1.38
G_1748631600,SHORT,2025-05-30 19:00:00,2025-05-31 04:30:00,252.83,252.83,0.1,0.0,0.0,RUNNER_BE,21.53,570,-1.38
G_1748666700,SHORT,2025-05-31 04:45:00,2025-05-31 07:00:00,252.03,249.9955,0.1,0.2,0.81,TP_MAIN_MID,18.52,135,-0.22
G_1748666700,SHORT,2025-05-31 04:45:00,2025-05-31 14:15:00,252.03,252.03,0.1,0.0,0.0,RUNNER_BE,18.52,570,-0.22
G_1748709900,SHORT,2025-05-31 16:45:00,2025-05-31 21:15:00,252.43,252.3995,0.1,0.0,0.01,TP_MAIN_MID,16.7,270,-0.78
G_1748709900,SHORT,2025-05-31 16:45:00,2025-05-31 21:30:00,252.43,252.43,0.1,0.0,0.0,RUNNER_BE,16.7,285,-0.78
G_1748730600,LONG,2025-05-31 22:30:00,2025-06-02 18:45:00,251.29,251.4895,0.1,0.02,0.08,TP_MAIN_MID,18.42,2655,-5.45
G_1748730600,LONG,2025-05-31 22:30:00,2025-06-02 19:00:00,251.29,251.29,0.1,0.0,0.0,RUNNER_BE,18.42,2670,-5.45
G_1748901600,SHORT,2025-06-02 22:00:00,2025-06-05 20:15:00,255.49,254.61850000000004,0.1,0.09,0.34,TP_MAIN_MID,23.95,4215,-8.0
G_1748901600,SHORT,2025-06-02 22:00:00,2025-06-07 13:15:00,255.49,255.49,0.1,0.0,0.0,RUNNER_BE,23.95,6675,-8.0
G_1749303000,SHORT,2025-06-07 13:30:00,2025-06-08 04:15:00,255.92,255.89050000000003,0.1,0.0,0.01,TP_MAIN_MID,18.12,885,-1.8
G_1749303000,SHORT,2025-06-07 13:30:00,2025-06-08 16:30:00,255.92,255.92,0.1,0.0,0.0,RUNNER_BE,18.12,1620,-1.8
G_1749401100,SHORT,2025-06-08 16:45:00,2025-06-08 20:45:00,256.23,255.81750000000002,0.1,0.04,0.16,TP_MAIN_MID,19.3,240,-0.37
G_1749401100,SHORT,2025-06-08 16:45:00,2025-06-08 21:00:00,256.23,256.23,0.1,0.0,0.0,RUNNER_BE,19.3,255,-0.37
G_1749422700,LONG,2025-06-08 22:45:00,2025-06-09 10:45:00,254.52,254.84100000000004,0.1,0.03,0.13,TP_MAIN_MID,19.41,720,-1.65
G_1738114200,SHORT,2025-01-29 01:30:00,2025-06-10 00:15:00,287.4,287.4,0.1,0.0,0.0,RUNNER_BE,23.88,190005,-21.51
G_1738491300,LONG,2025-02-02 10:15:00,2025-06-10 06:30:00,289.63,289.73799999999994,0.1,0.01,0.04,TP_MAIN_MID,18.81,184095,-60.62
G_1738491300,LONG,2025-02-02 10:15:00,2025-06-10 07:45:00,289.63,289.63,0.1,0.0,0.0,RUNNER_BE,18.81,184170,-60.62
G_1738436400,LONG,2025-02-01 19:00:00,2025-06-10 15:15:00,310.0,310.183,0.1,0.02,0.06,TP_MAIN_MID,28.64,185535,-63.21
G_1738436400,LONG,2025-02-01 19:00:00,2025-06-10 15:30:00,310.0,310.0,0.1,0.0,0.0,RUNNER_BE,28.64,185550,-63.21
G_1749591000,SHORT,2025-06-10 21:30:00,2025-06-10 22:30:00,308.46,306.3455,0.1,0.21,0.69,TP_MAIN_MID,16.51,60,-1.04
G_1749591000,SHORT,2025-06-10 21:30:00,2025-06-10 23:45:00,308.46,308.46,0.1,0.0,0.0,RUNNER_BE,16.51,135,-1.04
G_1749613500,SHORT,2025-06-11 03:45:00,2025-06-11 06:15:00,309.68,309.124,0.1,0.06,0.18,TP_MAIN_MID,11.46,150,-1.1
G_1749618000,SHORT,2025-06-11 05:00:00,2025-06-11 06:15:00,311.98,309.124,0.1,0.29,0.92,TP_MAIN_MID,15.91,75,-0.36
G_1749613500,SHORT,2025-06-11 03:45:00,2025-06-11 06:30:00,309.68,309.68,0.1,0.0,0.0,RUNNER_BE,11.46,165,-1.1
G_1749618000,SHORT,2025-06-11 05:00:00,2025-06-11 07:30:00,311.98,311.98,0.1,0.0,0.0,RUNNER_BE,15.91,150,-0.36
G_1749629700,LONG,2025-06-11 08:15:00,2025-06-11 11:30:00,308.12,308.53249999999997,0.1,0.04,0.13,TP_MAIN_MID,14.83,195,-0.92
G_1749635100,LONG,2025-06-11 09:45:00,2025-06-11 11:30:00,306.18,308.53249999999997,0.1,0.24,0.77,TP_MAIN_MID,15.59,105,-0.11
G_1749629700,LONG,2025-06-11 08:15:00,2025-06-11 11:45:00,308.12,308.12,0.1,0.0,0.0,RUNNER_BE,14.83,210,-0.92
G_1738322100,SHORT,2025-01-31 11:15:00,2025-06-11 12:30:00,325.39,325.39,0.1,0.0,0.0,RUNNER_BE,15.09,188715,-7.33
G_1749645000,SHORT,2025-06-11 12:30:00,2025-06-11 16:00:00,316.62,313.60299999999995,0.1,0.3,0.95,TP_MAIN_MID,16.81,210,-1.17
G_1749635100,LONG,2025-06-11 09:45:00,2025-06-11 19:30:00,306.18,306.18,0.1,0.0,0.0,RUNNER_BE,15.59,585,-0.11
G_1749672000,LONG,2025-06-11 20:00:00,2025-06-11 21:00:00,305.36,309.1745,0.1,0.38,1.25,TP_MAIN_MID,22.37,60,-0.09
G_1749672000,LONG,2025-06-11 20:00:00,2025-06-11 21:30:00,305.36,305.36,0.1,0.0,0.0,RUNNER_BE,22.37,90,-0.39
G_1749677400,LONG,2025-06-11 21:30:00,2025-06-12 00:15:00,304.72,304.838,0.1,0.01,0.04,TP_MAIN_MID,18.31,165,-1.44
G_1749677400,LONG,2025-06-11 21:30:00,2025-06-12 00:30:00,304.72,304.72,0.1,0.0,0.0,RUNNER_BE,18.31,180,-1.44
G_1749698100,LONG,2025-06-12 03:15:00,2025-06-12 05:15:00,296.61,299.031,0.1,0.24,0.82,TP_MAIN_MID,25.78,120,-0.31
G_1749698100,LONG,2025-06-12 03:15:00,2025-06-12 07:30:00,296.61,296.61,0.1,0.0,0.0,RUNNER_BE,25.78,255,-0.53
G_1749719700,LONG,2025-06-12 09:15:00,2025-06-12 15:15:00,295.78,295.82800000000003,0.1,0.0,0.02,TP_MAIN_MID,28.28,360,-1.2
G_1749690900,LONG,2025-06-12 01:15:00,2025-06-12 17:45:00,300.02,300.127,0.1,0.01,0.04,TP_MAIN_MID,21.82,990,-2.59
G_1749690900,LONG,2025-06-12 01:15:00,2025-06-12 18:45:00,300.02,300.02,0.1,0.0,0.0,RUNNER_BE,21.82,1050,-2.59
G_1749719700,LONG,2025-06-12 09:15:00,2025-06-12 19:45:00,295.78,295.78,0.1,0.0,0.0,RUNNER_BE,28.28,630,-1.2
G_1749760200,LONG,2025-06-12 20:30:00,2025-06-12 23:15:00,292.94,294.732,0.1,0.18,0.61,TP_MAIN_MID,26.06,165,-2.09
G_1749760200,LONG,2025-06-12 20:30:00,2025-06-13 00:00:00,292.94,292.94,0.1,0.0,0.0,RUNNER_BE,26.06,210,-3.26
G_1749820500,LONG,2025-06-13 13:15:00,2025-06-13 13:30:00,281.87,283.6365,0.1,0.18,0.63,TP_MAIN_MID,23.95,15,-0.23
G_1749820500,LONG,2025-06-13 13:15:00,2025-06-13 14:00:00,281.87,281.87,0.1,0.0,0.0,RUNNER_BE,23.95,45,-1.33
G_1749824100,LONG,2025-06-13 14:15:00,2025-06-13 14:45:00,277.66,282.967,0.1,0.53,1.91,TP_MAIN_MID,21.55,30,-0.15
G_1749824100,LONG,2025-06-13 14:15:00,2025-06-13 18:30:00,277.66,277.66,0.1,0.0,0.0,RUNNER_BE,21.55,255,-0.15
G_1749852000,SHORT,2025-06-13 22:00:00,2025-06-14 08:00:00,284.66,284.3775,0.1,0.03,0.1,TP_MAIN_MID,13.32,600,-2.4
G_1749852000,SHORT,2025-06-13 22:00:00,2025-06-16 05:30:00,284.66,284.66,0.1,0.0,0.0,RUNNER_BE,13.32,3330,-2.4
G_1750082400,SHORT,2025-06-16 14:00:00,2025-06-16 14:30:00,291.77,287.29100000000005,0.1,0.45,1.54,TP_MAIN_MID,29.29,30,-0.76
G_1749422700,LONG,2025-06-08 22:45:00,2025-06-19 14:00:00,254.52,254.52,0.1,0.0,0.0,RUNNER_BE,19.41,15315,-1.65
G_1750342500,LONG,2025-06-19 14:15:00,2025-06-19 17:30:00,252.21,253.747,0.1,0.15,0.61,TP_MAIN_MID,29.85,195,-1.32
G_1750342500,LONG,2025-06-19 14:15:00,2025-06-19 18:30:00,252.21,252.21,0.1,0.0,0.0,RUNNER_BE,29.85,255,-1.32
G_1750360500,SHORT,2025-06-19 19:15:00,2025-06-19 20:30:00,253.78,252.32199999999997,0.1,0.15,0.57,TP_MAIN_MID,29.99,75,-0.27
G_1750360500,SHORT,2025-06-19 19:15:00,2025-06-19 21:30:00,253.78,253.78,0.1,0.0,0.0,RUNNER_BE,29.99,135,-0.27
G_1750370400,SHORT,2025-06-19 22:00:00,2025-06-20 01:00:00,254.77,254.637,0.1,0.01,0.05,TP_MAIN_MID,17.01,180,-1.11
G_1750370400,SHORT,2025-06-19 22:00:00,2025-06-20 01:15:00,254.77,254.77,0.1,0.0,0.0,RUNNER_BE,17.01,195,-1.11
G_1750395600,LONG,2025-06-20 05:00:00,2025-06-20 06:00:00,252.72,254.45150000000004,0.1,0.17,0.69,TP_MAIN_MID,12.27,60,-0.58
G_1750395600,LONG,2025-06-20 05:00:00,2025-06-20 16:00:00,252.72,252.72,0.1,0.0,0.0,RUNNER_BE,12.27,660,-0.58
G_1750476600,SHORT,2025-06-21 03:30:00,2025-06-21 03:45:00,248.35,247.2965,0.1,0.11,0.42,TP_MAIN_MID,17.83,15,-0.09
G_1750476600,SHORT,2025-06-21 03:30:00,2025-06-21 05:15:00,248.35,248.35,0.1,0.0,0.0,RUNNER_BE,17.83,105,-0.31
G_1750483800,SHORT,2025-06-21 05:30:00,2025-06-21 07:00:00,248.88,247.97850000000003,0.1,0.09,0.36,TP_MAIN_MID,14.06,90,-0.51
G_1750483800,SHORT,2025-06-21 05:30:00,2025-06-21 08:45:00,248.88,248.88,0.1,0.0,0.0,RUNNER_BE,14.06,195,-0.51
G_1750506300,SHORT,2025-06-21 11:45:00,2025-06-21 12:30:00,249.01,248.20699999999997,0.1,0.08,0.32,TP_MAIN_MID,15.03,45,-0.35
G_1750506300,SHORT,2025-06-21 11:45:00,2025-06-23 20:15:00,249.01,249.01,0.1,0.0,0.0,RUNNER_BE,15.03,3390,-1.15
G_1750781700,SHORT,2025-06-24 16:15:00,2025-06-24 18:15:00,263.54,263.3025,0.1,0.02,0.09,TP_MAIN_MID,12.27,120,-2.31
G_1750781700,SHORT,2025-06-24 16:15:00,2025-06-24 18:30:00,263.54,263.54,0.1,0.0,0.0,RUNNER_BE,12.27,135,-2.31
G_1750815000,SHORT,2025-06-25 01:30:00,2025-06-25 03:45:00,267.09,266.146,0.1,0.09,0.35,TP_MAIN_MID,12.91,135,-1.46
G_1750815000,SHORT,2025-06-25 01:30:00,2025-06-27 16:30:00,267.09,267.09,0.1,0.0,0.0,RUNNER_BE,12.91,3780,-1.46
G_1751049000,LONG,2025-06-27 18:30:00,2025-06-27 21:00:00,253.63,258.3265,0.1,0.47,1.85,TP_MAIN_MID,25.49,150,-0.19
G_1751049000,LONG,2025-06-27 18:30:00,2025-06-28 13:15:00,253.63,253.63,0.1,0.0,0.0,RUNNER_BE,25.49,1125,-0.19
G_1751117400,LONG,2025-06-28 13:30:00,2025-06-28 15:00:00,253.7,254.49499999999998,0.1,0.08,0.31,TP_MAIN_MID,10.25,90,-0.23
G_1750082400,SHORT,2025-06-16 14:00:00,2025-07-06 22:00:00,291.77,291.77,0.1,0.0,0.0,RUNNER_BE,29.29,29280,-0.76
G_1751863500,SHORT,2025-07-07 04:45:00,2025-07-07 05:30:00,288.19,287.261,0.1,0.09,0.32,TP_MAIN_MID,24.44,45,-0.65
G_1751863500,SHORT,2025-07-07 04:45:00,2025-07-07 05:45:00,288.19,288.19,0.1,0.0,0.0,RUNNER_BE,24.44,60,-0.65
G_1751870700,LONG,2025-07-07 06:45:00,2025-07-07 07:15:00,286.1,287.4285,0.1,0.13,0.46,TP_MAIN_MID,19.57,30,-0.25
G_1751870700,LONG,2025-07-07 06:45:00,2025-07-07 08:15:00,286.1,286.1,0.1,0.0,0.0,RUNNER_BE,19.57,90,-0.25
G_1751877000,LONG,2025-07-07 08:30:00,2025-07-07 08:45:00,286.56,287.146,0.1,0.06,0.2,TP_MAIN_MID,14.34,15,-0.23
G_1751877000,LONG,2025-07-07 08:30:00,2025-07-07 09:00:00,286.56,286.56,0.1,0.0,0.0,RUNNER_BE,14.34,30,-0.31
G_1751888700,SHORT,2025-07-07 11:45:00,2025-07-07 12:00:00,287.33,286.952,0.1,0.04,0.13,TP_MAIN_MID,10.69,15,-0.04
G_1751888700,SHORT,2025-07-07 11:45:00,2025-07-07 13:00:00,287.33,287.33,0.1,0.0,0.0,RUNNER_BE,10.69,75,-0.17
G_1751894100,SHORT,2025-07-07 13:15:00,2025-07-07 14:30:00,289.15,287.5225,0.1,0.16,0.56,TP_MAIN_MID,11.42,75,-0.57
G_1751894100,SHORT,2025-07-07 13:15:00,2025-07-08 12:00:00,289.15,289.15,0.1,0.0,0.0,RUNNER_BE,11.42,1365,-0.57
G_1751990400,LONG,2025-07-08 16:00:00,2025-07-08 17:00:00,284.18,287.637,0.1,0.35,1.22,TP_MAIN_MID,23.92,60,-0.14
G_1749757500,LONG,2025-06-12 19:45:00,2025-07-09 08:15:00,297.13,297.2055,0.1,0.01,0.03,TP_MAIN_MID,25.2,38190,-28.31
G_1749757500,LONG,2025-06-12 19:45:00,2025-07-09 10:00:00,297.13,297.13,0.1,0.0,0.0,RUNNER_BE,25.2,38295,-28.31
G_1752056100,LONG,2025-07-09 10:15:00,2025-07-09 10:30:00,297.35,299.3815,0.1,0.2,0.68,TP_MAIN_MID,29.89,15,0.0
G_1752056100,LONG,2025-07-09 10:15:00,2025-07-09 11:30:00,297.35,297.35,0.1,0.0,0.0,RUNNER_BE,29.89,75,-0.06
G_1752071400,LONG,2025-07-09 14:30:00,2025-07-09 16:15:00,296.58,298.9955,0.1,0.24,0.81,TP_MAIN_MID,25.92,105,-0.2
G_1752071400,LONG,2025-07-09 14:30:00,2025-07-09 17:30:00,296.58,296.58,0.1,0.0,0.0,RUNNER_BE,25.92,180,-0.35
G_1752083100,LONG,2025-07-09 17:45:00,2025-07-09 18:00:00,295.12,298.066,0.1,0.29,1.0,TP_MAIN_MID,16.03,15,-0.01
G_1752083100,LONG,2025-07-09 17:45:00,2025-07-10 09:45:00,295.12,295.12,0.1,0.0,0.0,RUNNER_BE,16.03,960,-0.35
G_1752141600,LONG,2025-07-10 10:00:00,2025-07-10 13:00:00,293.49,295.03249999999997,0.1,0.15,0.53,TP_MAIN_MID,15.39,180,-0.18
G_1752141600,LONG,2025-07-10 10:00:00,2025-07-10 14:00:00,293.49,293.49,0.1,0.0,0.0,RUNNER_BE,15.39,240,-0.18
G_1752156900,LONG,2025-07-10 14:15:00,2025-07-10 14:30:00,292.88,294.5435,0.1,0.17,0.57,TP_MAIN_MID,13.66,15,-0.07
G_1749645000,SHORT,2025-06-11 12:30:00,2025-07-11 08:45:00,316.62,316.62,0.1,0.0,0.0,RUNNER_BE,16.81,42975,-1.17
G_1749663000,LONG,2025-06-11 17:30:00,2025-07-11 09:00:00,310.27,310.52799999999996,0.1,0.03,0.08,TP_MAIN_MID,26.44,42690,-31.35
G_1752225300,SHORT,2025-07-11 09:15:00,2025-07-11 11:45:00,317.03,313.244,0.1,0.38,1.19,TP_MAIN_MID,23.54,150,-0.36
G_1749663000,LONG,2025-06-11 17:30:00,2025-07-11 13:30:00,310.27,310.27,0.1,0.0,0.0,RUNNER_BE,26.44,42960,-31.35
G_1752156900,LONG,2025-07-10 14:15:00,2025-07-12 15:30:00,292.88,292.88,0.1,0.0,0.0,RUNNER_BE,13.66,2955,-0.07
G_1752353100,LONG,2025-07-12 20:45:00,2025-07-12 21:15:00,298.92,300.36800000000005,0.1,0.14,0.48,TP_MAIN_MID,14.08,30,-0.25
G_1752225300,SHORT,2025-07-11 09:15:00,2025-07-13 14:30:00,317.03,317.03,0.1,0.0,0.0,RUNNER_BE,23.54,3195,-0.36
G_1752241500,LONG,2025-07-11 13:45:00,2025-07-13 17:45:00,311.05,311.2205,0.1,0.02,0.05,TP_MAIN_MID,16.62,3120,-5.85
G_1752241500,LONG,2025-07-11 13:45:00,2025-07-13 18:00:00,311.05,311.05,0.1,0.0,0.0,RUNNER_BE,16.62,3135,-5.85
G_1752442200,LONG,2025-07-13 21:30:00,2025-07-14 00:15:00,306.8,308.0935,0.1,0.13,0.42,TP_MAIN_MID,18.51,165,-0.89
G_1738328400,SHORT,2025-01-31 13:00:00,2025-07-14 10:15:00,330.01,330.01,0.1,0.0,0.0,RUNNER_BE,27.88,235995,-5.82
G_1752489000,SHORT,2025-07-14 10:30:00,2025-07-14 11:30:00,329.68,324.742,0.1,0.49,1.5,TP_MAIN_MID,29.86,60,-0.04
G_1752442200,LONG,2025-07-13 21:30:00,2025-07-15 03:00:00,306.8,306.8,0.1,0.0,0.0,RUNNER_BE,18.51,1770,-0.89
G_1752457500,SHORT,2025-07-14 01:45:00,2025-07-15 03:30:00,312.47,312.46799999999996,0.1,0.0,0.0,TP_MAIN_MID,21.88,1545,-6.25
G_1752457500,SHORT,2025-07-14 01:45:00,2025-07-15 05:00:00,312.47,312.47,0.1,0.0,0.0,RUNNER_BE,21.88,1635,-6.25
G_1752559200,SHORT,2025-07-15 06:00:00,2025-07-15 07:45:00,316.85,312.29900000000004,0.1,0.46,1.44,TP_MAIN_MID,24.26,105,-0.14
G_1752575400,LONG,2025-07-15 10:30:00,2025-07-15 12:30:00,311.25,312.142,0.1,0.09,0.29,TP_MAIN_MID,14.09,120,-0.91
G_1752575400,LONG,2025-07-15 10:30:00,2025-07-15 12:45:00,311.25,311.25,0.1,0.0,0.0,RUNNER_BE,14.09,135,-0.91
G_1752559200,SHORT,2025-07-15 06:00:00,2025-07-15 13:00:00,316.85,316.85,0.1,0.0,0.0,RUNNER_BE,24.26,420,-1.59
G_1752584400,SHORT,2025-07-15 13:00:00,2025-07-15 14:45:00,321.39,314.6055,0.1,0.68,2.11,TP_MAIN_MID,17.5,105,-0.93
G_1752584400,SHORT,2025-07-15 13:00:00,2025-07-15 15:30:00,321.39,321.39,0.1,0.0,0.0,RUNNER_BE,17.5,150,-0.93
G_1752489000,SHORT,2025-07-14 10:30:00,2025-07-15 18:00:00,329.68,329.68,0.1,0.0,0.0,RUNNER_BE,29.86,1890,-0.4
G_1752602400,SHORT,2025-07-15 18:00:00,2025-07-15 18:30:00,330.12,322.2315,0.1,0.79,2.39,TP_MAIN_MID,19.39,30,-0.41
G_1752609600,LONG,2025-07-15 20:00:00,2025-07-15 21:30:00,317.39,322.57849999999996,0.1,0.52,1.63,TP_MAIN_MID,17.06,90,-0.34
G_1752602400,SHORT,2025-07-15 18:00:00,2025-07-15 23:00:00,330.12,330.12,0.1,0.0,0.0,RUNNER_BE,19.39,300,-0.41
G_1752620400,SHORT,2025-07-15 23:00:00,2025-07-16 02:00:00,326.59,326.358,0.1,0.02,0.07,TP_MAIN_MID,14.11,180,-1.27
G_1752620400,SHORT,2025-07-15 23:00:00,2025-07-16 04:30:00,326.59,326.59,0.1,0.0,0.0,RUNNER_BE,14.11,330,-1.27
G_1752633000,LONG,2025-07-16 02:30:00,2025-07-16 04:30:00,322.08,325.735,0.1,0.37,1.13,TP_MAIN_MID,20.74,120,-0.3
G_1752651000,SHORT,2025-07-16 07:30:00,2025-07-16 09:30:00,333.83,330.967,0.1,0.29,0.86,TP_MAIN_MID,25.51,120,-0.31
G_1752651000,SHORT,2025-07-16 07:30:00,2025-07-16 14:30:00,333.83,333.83,0.1,0.0,0.0,RUNNER_BE,25.51,420,-0.34
G_1752681600,LONG,2025-07-16 16:00:00,2025-07-16 17:00:00,325.67,329.328,0.1,0.37,1.12,TP_MAIN_MID,16.62,60,-0.14
G_1752681600,LONG,2025-07-16 16:00:00,2025-07-16 22:30:00,325.67,325.67,0.1,0.0,0.0,RUNNER_BE,16.62,390,-0.44
G_1752633000,LONG,2025-07-16 02:30:00,2025-07-16 23:15:00,322.08,322.08,0.1,0.0,0.0,RUNNER_BE,20.74,1245,-0.3
G_1752707700,LONG,2025-07-16 23:15:00,2025-07-17 00:30:00,323.06,327.398,0.1,0.43,1.34,TP_MAIN_MID,16.38,75,-0.42
G_1752707700,LONG,2025-07-16 23:15:00,2025-07-17 01:00:00,323.06,323.06,0.1,0.0,0.0,RUNNER_BE,16.38,105,-0.42
G_1752609600,LONG,2025-07-15 20:00:00,2025-07-17 01:45:00,317.39,317.39,0.1,0.0,0.0,RUNNER_BE,17.06,1785,-0.34
G_1752716700,LONG,2025-07-17 01:45:00,2025-07-17 05:00:00,318.63,320.1375,0.1,0.15,0.47,TP_MAIN_MID,20.22,195,-0.69
G_1752732900,SHORT,2025-07-17 06:15:00,2025-07-17 08:30:00,324.58,321.7525,0.1,0.28,0.87,TP_MAIN_MID,21.34,135,-1.16
G_1752732900,SHORT,2025-07-17 06:15:00,2025-07-17 09:00:00,324.58,324.58,0.1,0.0,0.0,RUNNER_BE,21.34,165,-1.16
G_1752743700,SHORT,2025-07-17 09:15:00,2025-07-17 10:45:00,326.29,324.87500000000006,0.1,0.14,0.43,TP_MAIN_MID,18.21,90,-1.7
G_1752716700,LONG,2025-07-17 01:45:00,2025-07-17 13:45:00,318.63,318.63,0.1,0.0,0.0,RUNNER_BE,20.22,720,-0.69
G_1752735600,SHORT,2025-07-17 07:00:00,2025-07-17 17:45:00,321.67,321.4815,0.1,0.02,0.06,TP_MAIN_MID,19.44,645,-3.16
G_1752768900,LONG,2025-07-17 16:15:00,2025-07-17 18:00:00,319.91,321.3295,0.1,0.14,0.44,TP_MAIN_MID,16.26,105,-1.48
G_1752735600,SHORT,2025-07-17 07:00:00,2025-07-17 18:15:00,321.67,321.67,0.1,0.0,0.0,RUNNER_BE,19.44,675,-3.16
G_1752768900,LONG,2025-07-17 16:15:00,2025-07-17 18:15:00,319.91,319.91,0.1,0.0,0.0,RUNNER_BE,16.26,120,-1.48
G_1752782400,LONG,2025-07-17 20:00:00,2025-07-17 21:00:00,314.56,319.5725,0.1,0.5,1.59,TP_MAIN_MID,19.17,60,-0.71
G_1752743700,SHORT,2025-07-17 09:15:00,2025-07-18 01:00:00,326.29,326.29,0.1,0.0,0.0,RUNNER_BE,18.21,945,-1.7
G_1752800400,SHORT,2025-07-18 01:00:00,2025-07-18 02:45:00,328.86,323.53499999999997,0.1,0.53,1.62,TP_MAIN_MID,13.94,105,-0.35
G_1752800400,SHORT,2025-07-18 01:00:00,2025-07-18 04:00:00,328.86,328.86,0.1,0.0,0.0,RUNNER_BE,13.94,180,-0.35
G_1752812100,SHORT,2025-07-18 04:15:00,2025-07-18 07:30:00,330.66,330.606,0.1,0.01,0.02,TP_MAIN_MID,20.34,195,-2.21
G_1752817500,SHORT,2025-07-18 05:45:00,2025-07-18 07:30:00,334.77,330.606,0.1,0.42,1.24,TP_MAIN_MID,25.36,105,-0.96
G_1752812100,SHORT,2025-07-18 04:15:00,2025-07-18 07:45:00,330.66,330.66,0.1,0.0,0.0,RUNNER_BE,20.34,210,-2.21
G_1752827400,LONG,2025-07-18 08:30:00,2025-07-18 09:15:00,326.0,331.407,0.1,0.54,1.66,TP_MAIN_MID,23.01,45,-0.31
G_1752827400,LONG,2025-07-18 08:30:00,2025-07-18 10:15:00,326.0,326.0,0.1,0.0,0.0,RUNNER_BE,23.01,105,-0.48
G_1752782400,LONG,2025-07-17 20:00:00,2025-07-18 15:30:00,314.56,314.56,0.1,0.0,0.0,RUNNER_BE,19.17,1170,-0.71
G_1752848100,LONG,2025-07-18 14:15:00,2025-07-18 17:30:00,321.59,322.55,0.1,0.1,0.3,TP_MAIN_MID,13.12,195,-2.34
G_1752848100,LONG,2025-07-18 14:15:00,2025-07-18 17:45:00,321.59,321.59,0.1,0.0,0.0,RUNNER_BE,13.12,210,-2.34
G_1752868800,LONG,2025-07-18 20:00:00,2025-07-18 21:00:00,316.14,318.73400000000004,0.1,0.26,0.82,TP_MAIN_MID,13.39,60,-1.48
G_1752876900,SHORT,2025-07-18 22:15:00,2025-07-19 00:45:00,323.42,320.358,0.1,0.31,0.95,TP_MAIN_MID,12.18,150,-0.83
G_1752868800,LONG,2025-07-18 20:00:00,2025-07-19 01:00:00,316.14,316.14,0.1,0.0,0.0,RUNNER_BE,13.39,300,-1.48
G_1752910200,LONG,2025-07-19 07:30:00,2025-07-19 23:45:00,316.61,316.69750000000005,0.1,0.01,0.03,TP_MAIN_MID,12.92,975,-1.48
G_1752876900,SHORT,2025-07-18 22:15:00,2025-07-20 03:30:00,323.42,323.42,0.1,0.0,0.0,RUNNER_BE,12.18,1755,-0.83
G_1752983100,SHORT,2025-07-20 03:45:00,2025-07-20 05:30:00,322.05,321.39099999999996,0.1,0.07,0.2,TP_MAIN_MID,26.88,105,-0.75
G_1752983100,SHORT,2025-07-20 03:45:00,2025-07-20 05:45:00,322.05,322.05,0.1,0.0,0.0,RUNNER_BE,26.88,120,-0.75
G_1752817500,SHORT,2025-07-18 05:45:00,2025-07-20 15:45:00,334.77,334.77,0.1,0.0,0.0,RUNNER_BE,25.36,3480,-0.96
G_1753025400,SHORT,2025-07-20 15:30:00,2025-07-20 17:30:00,330.14,329.385,0.1,0.08,0.23,TP_MAIN_MID,27.78,120,-1.56
G_1753049700,LONG,2025-07-20 22:15:00,2025-07-21 01:15:00,322.5,323.66150000000005,0.1,0.12,0.36,TP_MAIN_MID,20.65,180,-1.19
G_1753049700,LONG,2025-07-20 22:15:00,2025-07-21 01:30:00,322.5,322.5,0.1,0.0,0.0,RUNNER_BE,20.65,195,-1.19
G_1753025400,SHORT,2025-07-20 15:30:00,2025-07-21 03:30:00,330.14,330.14,0.1,0.0,0.0,RUNNER_BE,27.78,720,-1.56
G_1753069500,SHORT,2025-07-21 03:45:00,2025-07-21 13:30:00,330.39,330.32849999999996,0.1,0.01,0.02,TP_MAIN_MID,22.02,585,-1.24
G_1753069500,SHORT,2025-07-21 03:45:00,2025-07-21 13:45:00,330.39,330.39,0.1,0.0,0.0,RUNNER_BE,22.02,600,-1.24
G_1753065000,SHORT,2025-07-21 02:30:00,2025-07-21 19:00:00,326.09,326.072,0.1,0.0,0.01,TP_MAIN_MID,25.42,990,-2.65
G_1753113600,LONG,2025-07-21 16:00:00,2025-07-21 20:30:00,322.35,322.842,0.1,0.05,0.15,TP_MAIN_MID,17.54,270,-1.36
G_1753113600,LONG,2025-07-21 16:00:00,2025-07-21 20:45:00,322.35,322.35,0.1,0.0,0.0,RUNNER_BE,17.54,285,-1.36
G_1753143300,SHORT,2025-07-22 00:15:00,2025-07-22 00:30:00,324.28,322.03499999999997,0.1,0.22,0.69,TP_MAIN_MID,20.71,15,0.0
G_1752910200,LONG,2025-07-19 07:30:00,2025-07-22 01:00:00,316.61,316.61,0.1,0.0,0.0,RUNNER_BE,12.92,3930,-1.48
G_1753143300,SHORT,2025-07-22 00:15:00,2025-07-22 02:00:00,324.28,324.28,0.1,0.0,0.0,RUNNER_BE,20.71,105,-0.02
G_1753191900,LONG,2025-07-22 13:45:00,2025-07-22 14:45:00,305.47,309.4965,0.1,0.4,1.32,TP_MAIN_MID,19.57,60,-1.06
G_1753191900,LONG,2025-07-22 13:45:00,2025-07-22 16:45:00,305.47,305.47,0.1,0.0,0.0,RUNNER_BE,19.57,180,-1.06
G_1753203600,LONG,2025-07-22 17:00:00,2025-07-22 18:30:00,304.38,306.158,0.1,0.18,0.58,TP_MAIN_MID,20.94,90,-0.39
G_1753203600,LONG,2025-07-22 17:00:00,2025-07-22 19:30:00,304.38,304.38,0.1,0.0,0.0,RUNNER_BE,20.94,150,-0.39
G_1753214400,LONG,2025-07-22 20:00:00,2025-07-22 20:45:00,303.45,305.1095,0.1,0.17,0.55,TP_MAIN_MID,16.96,45,-0.41
G_1753214400,LONG,2025-07-22 20:00:00,2025-07-23 06:15:00,303.45,303.45,0.1,0.0,0.0,RUNNER_BE,16.96,615,-0.78
G_1752353100,LONG,2025-07-12 20:45:00,2025-07-23 10:00:00,298.92,298.92,0.1,0.0,0.0,RUNNER_BE,14.08,15195,-0.25
G_1753252200,LONG,2025-07-23 06:30:00,2025-07-23 10:30:00,302.48,302.576,0.1,0.01,0.03,TP_MAIN_MID,15.6,240,-1.4
G_1753252200,LONG,2025-07-23 06:30:00,2025-07-23 10:45:00,302.48,302.48,0.1,0.0,0.0,RUNNER_BE,15.6,255,-1.4
G_1751990400,LONG,2025-07-08 16:00:00,2025-07-23 17:15:00,284.18,284.18,0.1,0.0,0.0,RUNNER_BE,23.92,21675,-0.2
G_1753324200,SHORT,2025-07-24 02:30:00,2025-07-24 03:00:00,293.54,291.613,0.1,0.19,0.66,TP_MAIN_MID,20.26,30,-0.17
G_1753324200,SHORT,2025-07-24 02:30:00,2025-07-24 03:15:00,293.54,293.54,0.1,0.0,0.0,RUNNER_BE,20.26,45,-0.17
G_1753326900,SHORT,2025-07-24 03:15:00,2025-07-24 03:45:00,293.18,291.79949999999997,0.1,0.14,0.47,TP_MAIN_MID,17.52,30,-0.03
G_1753331400,LONG,2025-07-24 04:30:00,2025-07-24 13:00:00,287.6,287.60299999999995,0.1,0.0,0.0,TP_MAIN_MID,16.07,510,-3.96
G_1753331400,LONG,2025-07-24 04:30:00,2025-07-24 13:15:00,287.6,287.6,0.1,0.0,0.0,RUNNER_BE,16.07,525,-3.96
G_1753326900,SHORT,2025-07-24 03:15:00,2025-07-24 14:45:00,293.18,293.18,0.1,0.0,0.0,RUNNER_BE,17.52,690,-0.12
G_1753368300,SHORT,2025-07-24 14:45:00,2025-07-24 16:15:00,293.16,289.1915,0.1,0.4,1.35,TP_MAIN_MID,15.31,90,-0.75
G_1753368300,SHORT,2025-07-24 14:45:00,2025-07-24 17:45:00,293.16,293.16,0.1,0.0,0.0,RUNNER_BE,15.31,180,-0.75
G_1753330500,LONG,2025-07-24 04:15:00,2025-07-24 18:00:00,289.67,289.80100000000004,0.1,0.01,0.05,TP_MAIN_MID,15.31,825,-4.65
G_1753330500,LONG,2025-07-24 04:15:00,2025-07-24 22:30:00,289.67,289.67,0.1,0.0,0.0,RUNNER_BE,15.31,1095,-4.65
G_1753398900,LONG,2025-07-24 23:15:00,2025-07-25 01:45:00,287.37,288.296,0.1,0.09,0.32,TP_MAIN_MID,15.87,150,-1.65
G_1753401600,LONG,2025-07-25 00:00:00,2025-07-25 01:45:00,284.61,288.296,0.1,0.37,1.3,TP_MAIN_MID,21.94,105,-0.7
G_1753398900,LONG,2025-07-24 23:15:00,2025-07-25 02:00:00,287.37,287.37,0.1,0.0,0.0,RUNNER_BE,15.87,165,-1.65
G_1753401600,LONG,2025-07-25 00:00:00,2025-07-25 02:30:00,284.61,284.61,0.1,0.0,0.0,RUNNER_BE,21.94,150,-0.7
G_1753397100,LONG,2025-07-24 22:45:00,2025-07-25 11:45:00,289.95,290.135,0.1,0.02,0.06,TP_MAIN_MID,12.94,780,-3.42
G_1753434900,SHORT,2025-07-25 09:15:00,2025-07-25 13:00:00,292.27,291.9795,0.1,0.03,0.1,TP_MAIN_MID,18.04,225,-0.98
G_1753434900,SHORT,2025-07-25 09:15:00,2025-07-25 13:15:00,292.27,292.27,0.1,0.0,0.0,RUNNER_BE,18.04,240,-0.98
G_1753397100,LONG,2025-07-24 22:45:00,2025-07-25 14:30:00,289.95,289.95,0.1,0.0,0.0,RUNNER_BE,12.94,945,-3.42
G_1753453800,LONG,2025-07-25 14:30:00,2025-07-25 17:00:00,288.34,290.522,0.1,0.22,0.76,TP_MAIN_MID,18.26,150,-1.26
G_1753453800,LONG,2025-07-25 14:30:00,2025-07-25 17:15:00,288.34,288.34,0.1,0.0,0.0,RUNNER_BE,18.26,165,-1.26
G_1753471800,SHORT,2025-07-25 19:30:00,2025-07-25 20:00:00,290.78,289.07099999999997,0.1,0.17,0.59,TP_MAIN_MID,21.55,30,-0.16
G_1753471800,SHORT,2025-07-25 19:30:00,2025-07-25 20:15:00,290.78,290.78,0.1,0.0,0.0,RUNNER_BE,21.55,45,-0.16
G_1753477200,SHORT,2025-07-25 21:00:00,2025-07-26 00:00:00,293.6,292.406,0.1,0.12,0.41,TP_MAIN_MID,17.25,180,-0.39
G_1753477200,SHORT,2025-07-25 21:00:00,2025-07-26 00:15:00,293.6,293.6,0.1,0.0,0.0,RUNNER_BE,17.25,195,-0.39
G_1753496100,SHORT,2025-07-26 02:15:00,2025-07-26 10:30:00,297.46,297.42,0.1,0.0,0.01,TP_MAIN_MID,15.44,495,-0.77
G_1753496100,SHORT,2025-07-26 02:15:00,2025-07-26 10:45:00,297.46,297.46,0.1,0.0,0.0,RUNNER_BE,15.44,510,-0.77
G_1753528500,SHORT,2025-07-26 11:15:00,2025-07-26 11:30:00,297.56,297.2335,0.1,0.03,0.11,TP_MAIN_MID,13.3,15,-0.11
G_1753528500,SHORT,2025-07-26 11:15:00,2025-07-26 13:30:00,297.56,297.56,0.1,0.0,0.0,RUNNER_BE,13.3,135,-0.11
G_1753491600,SHORT,2025-07-26 01:00:00,2025-07-26 16:15:00,295.79,295.7,0.1,0.01,0.03,TP_MAIN_MID,13.72,915,-1.34
G_1753491600,SHORT,2025-07-26 01:00:00,2025-07-26 18:30:00,295.79,295.79,0.1,0.0,0.0,RUNNER_BE,13.72,1050,-1.34
G_1753540200,LONG,2025-07-26 14:30:00,2025-07-26 19:45:00,295.01,295.0475,0.1,0.0,0.01,TP_MAIN_MID,12.23,315,-0.65
G_1753556400,SHORT,2025-07-26 19:00:00,2025-07-26 22:45:00,296.98,296.44849999999997,0.1,0.05,0.18,TP_MAIN_MID,15.51,225,-0.72
G_1753540200,LONG,2025-07-26 14:30:00,2025-07-26 23:30:00,295.01,295.01,0.1,0.0,0.0,RUNNER_BE,12.23,540,-0.65
G_1753556400,SHORT,2025-07-26 19:00:00,2025-07-27 01:00:00,296.98,296.98,0.1,0.0,0.0,RUNNER_BE,15.51,360,-0.72
G_1753574400,LONG,2025-07-27 00:00:00,2025-07-27 01:00:00,295.04,296.12199999999996,0.1,0.11,0.37,TP_MAIN_MID,14.63,60,-0.13
G_1753593300,SHORT,2025-07-27 05:15:00,2025-07-27 06:30:00,298.84,296.9615,0.1,0.19,0.63,TP_MAIN_MID,11.6,75,-0.15
G_1753574400,LONG,2025-07-27 00:00:00,2025-07-27 08:30:00,295.04,295.04,0.1,0.0,0.0,RUNNER_BE,14.63,510,-0.15
G_1753609500,LONG,2025-07-27 09:45:00,2025-07-27 10:30:00,294.51,296.1485,0.1,0.16,0.56,TP_MAIN_MID,21.56,45,-0.02
G_1753593300,SHORT,2025-07-27 05:15:00,2025-07-27 10:45:00,298.84,298.84,0.1,0.0,0.0,RUNNER_BE,11.6,330,-0.15
G_1753614000,SHORT,2025-07-27 11:00:00,2025-07-27 11:45:00,298.06,296.15250000000003,0.1,0.19,0.64,TP_MAIN_MID,20.86,45,-0.26
G_1753609500,LONG,2025-07-27 09:45:00,2025-07-27 15:15:00,294.51,294.51,0.1,0.0,0.0,RUNNER_BE,21.56,330,-0.02
G_1753614000,SHORT,2025-07-27 11:00:00,2025-07-27 16:00:00,298.06,298.06,0.1,0.0,0.0,RUNNER_BE,20.86,300,-0.26
G_1753632000,SHORT,2025-07-27 16:00:00,2025-07-27 19:30:00,298.47,298.4325,0.1,0.0,0.01,TP_MAIN_MID,11.19,210,-1.08
G_1753641000,SHORT,2025-07-27 18:30:00,2025-07-27 19:30:00,300.98,298.4325,0.1,0.25,0.85,TP_MAIN_MID,16.93,60,-0.0
G_1753632000,SHORT,2025-07-27 16:00:00,2025-07-27 19:45:00,298.47,298.47,0.1,0.0,0.0,RUNNER_BE,11.19,225,-1.08
G_1753641000,SHORT,2025-07-27 18:30:00,2025-07-27 22:00:00,300.98,300.98,0.1,0.0,0.0,RUNNER_BE,16.93,210,-0.52
G_1753654500,SHORT,2025-07-27 22:15:00,2025-07-27 23:00:00,302.64,299.9925,0.1,0.26,0.87,TP_MAIN_MID,19.51,45,-0.19
G_1753654500,SHORT,2025-07-27 22:15:00,2025-07-27 23:15:00,302.64,302.64,0.1,0.0,0.0,RUNNER_BE,19.51,60,-0.19
G_1753659000,SHORT,2025-07-27 23:30:00,2025-07-28 01:30:00,304.07,302.3075,0.1,0.18,0.58,TP_MAIN_MID,21.11,120,-0.93
G_1753659000,SHORT,2025-07-27 23:30:00,2025-07-28 02:00:00,304.07,304.07,0.1,0.0,0.0,RUNNER_BE,21.11,150,-0.93
G_1753669800,SHORT,2025-07-28 02:30:00,2025-07-28 03:15:00,305.86,303.80699999999996,0.1,0.21,0.67,TP_MAIN_MID,21.34,45,-0.19
G_1753669800,SHORT,2025-07-28 02:30:00,2025-07-28 05:00:00,305.86,305.86,0.1,0.0,0.0,RUNNER_BE,21.34,150,-0.19
G_1753678800,SHORT,2025-07-28 05:00:00,2025-07-28 07:00:00,306.38,305.62399999999997,0.1,0.08,0.25,TP_MAIN_MID,22.96,120,-0.86
G_1753679700,SHORT,2025-07-28 05:15:00,2025-07-28 07:00:00,308.35,305.62399999999997,0.1,0.27,0.88,TP_MAIN_MID,24.74,105,-0.21
G_1753678800,SHORT,2025-07-28 05:00:00,2025-07-28 07:15:00,306.38,306.38,0.1,0.0,0.0,RUNNER_BE,22.96,135,-0.86
G_1753432200,SHORT,2025-07-25 08:30:00,2025-07-29 02:45:00,288.28,288.1665,0.1,0.01,0.04,TP_MAIN_MID,18.47,5415,-7.19
G_1753432200,SHORT,2025-07-25 08:30:00,2025-07-29 03:00:00,288.28,288.28,0.1,0.0,0.0,RUNNER_BE,18.47,5430,-7.19
G_1753773300,SHORT,2025-07-29 07:15:00,2025-07-29 09:15:00,292.69,291.44050000000004,0.1,0.12,0.43,TP_MAIN_MID,16.62,120,-0.99
G_1751117400,LONG,2025-06-28 13:30:00,2025-08-01 08:00:00,253.7,253.7,0.1,0.0,0.0,RUNNER_BE,10.25,48630,-0.47
G_1754036100,LONG,2025-08-01 08:15:00,2025-08-01 10:30:00,254.81,256.71349999999995,0.1,0.19,0.75,TP_MAIN_MID,28.05,135,-0.58
G_1754036100,LONG,2025-08-01 08:15:00,2025-08-01 13:45:00,254.81,254.81,0.1,0.0,0.0,RUNNER_BE,28.05,330,-0.71
G_1754071200,LONG,2025-08-01 18:00:00,2025-08-01 18:15:00,255.86,257.8725,0.1,0.2,0.79,TP_MAIN_MID,19.81,15,-0.73
G_1754071200,LONG,2025-08-01 18:00:00,2025-08-01 20:15:00,255.86,255.86,0.1,0.0,0.0,RUNNER_BE,19.81,135,-0.73
G_1754086500,LONG,2025-08-01 22:15:00,2025-08-01 23:30:00,252.0,256.727,0.1,0.47,1.88,TP_MAIN_MID,16.99,75,-1.15
G_1754086500,LONG,2025-08-01 22:15:00,2025-08-02 06:15:00,252.0,252.0,0.1,0.0,0.0,RUNNER_BE,16.99,480,-1.15
G_1754116200,LONG,2025-08-02 06:30:00,2025-08-02 07:45:00,250.71,255.2485,0.1,0.45,1.81,TP_MAIN_MID,18.57,75,-0.24
G_1754116200,LONG,2025-08-02 06:30:00,2025-08-02 16:30:00,250.71,250.71,0.1,0.0,0.0,RUNNER_BE,18.57,600,-0.55
G_1754155800,LONG,2025-08-02 17:30:00,2025-08-02 19:30:00,250.22,250.746,0.1,0.05,0.21,TP_MAIN_MID,20.93,120,-2.09
G_1754155800,LONG,2025-08-02 17:30:00,2025-08-02 19:45:00,250.22,250.22,0.1,0.0,0.0,RUNNER_BE,20.93,135,-2.09
G_1754180100,LONG,2025-08-03 00:15:00,2025-08-03 00:30:00,248.29,249.79750000000004,0.1,0.15,0.61,TP_MAIN_MID,16.85,15,-0.68
G_1753773300,SHORT,2025-07-29 07:15:00,2025-08-08 18:15:00,292.69,292.69,0.1,0.0,0.0,RUNNER_BE,16.62,15060,-0.99
G_1754677800,SHORT,2025-08-08 18:30:00,2025-08-08 21:15:00,292.82,291.1145,0.1,0.17,0.58,TP_MAIN_MID,29.46,165,-0.76
G_1754677800,SHORT,2025-08-08 18:30:00,2025-08-08 22:15:00,292.82,292.82,0.1,0.0,0.0,RUNNER_BE,29.46,225,-0.76
G_1754696700,LONG,2025-08-08 23:45:00,2025-08-09 00:15:00,290.93,292.2115,0.1,0.13,0.44,TP_MAIN_MID,26.85,30,0.0
G_1754696700,LONG,2025-08-08 23:45:00,2025-08-09 00:45:00,290.93,290.93,0.1,0.0,0.0,RUNNER_BE,26.85,60,-0.12
G_1754701200,LONG,2025-08-09 01:00:00,2025-08-09 02:45:00,290.67,291.50800000000004,0.1,0.08,0.29,TP_MAIN_MID,20.24,105,-0.18
G_1753679700,SHORT,2025-07-28 05:15:00,2025-08-09 19:00:00,308.35,308.35,0.1,0.0,0.0,RUNNER_BE,24.74,18105,-0.21
G_1753700400,LONG,2025-07-28 11:00:00,2025-08-09 19:00:00,304.35,304.451,0.1,0.01,0.03,TP_MAIN_MID,14.22,17760,-19.5
G_1754766900,SHORT,2025-08-09 19:15:00,2025-08-09 21:30:00,307.78,306.834,0.1,0.09,0.31,TP_MAIN_MID,25.48,135,-0.58
G_1754766900,SHORT,2025-08-09 19:15:00,2025-08-09 21:45:00,307.78,307.78,0.1,0.0,0.0,RUNNER_BE,25.48,150,-0.58
G_1754777700,SHORT,2025-08-09 22:15:00,2025-08-09 22:30:00,310.79,307.693,0.1,0.31,1.0,TP_MAIN_MID,23.98,15,-0.0
G_1754777700,SHORT,2025-08-09 22:15:00,2025-08-10 01:00:00,310.79,310.79,0.1,0.0,0.0,RUNNER_BE,23.98,165,-0.21
G_1753700400,LONG,2025-07-28 11:00:00,2025-08-10 02:30:00,304.35,304.35,0.1,0.0,0.0,RUNNER_BE,14.22,18210,-19.5
G_1754798400,LONG,2025-08-10 04:00:00,2025-08-10 04:30:00,305.21,306.516,0.1,0.13,0.43,TP_MAIN_MID,15.25,30,0.0
G_1754798400,LONG,2025-08-10 04:00:00,2025-08-10 05:15:00,305.21,305.21,0.1,0.0,0.0,RUNNER_BE,15.25,75,-0.1
G_1754808300,SHORT,2025-08-10 06:45:00,2025-08-10 07:15:00,307.35,305.684,0.1,0.17,0.54,TP_MAIN_MID,12.81,30,-0.19
G_1754811000,LONG,2025-08-10 07:30:00,2025-08-10 09:15:00,300.73,304.527,0.1,0.38,1.26,TP_MAIN_MID,13.48,105,-0.89
G_1754811000,LONG,2025-08-10 07:30:00,2025-08-10 13:30:00,300.73,300.73,0.1,0.0,0.0,RUNNER_BE,13.48,360,-0.89
G_1754833500,LONG,2025-08-10 13:45:00,2025-08-10 14:15:00,300.31,303.165,0.1,0.29,0.95,TP_MAIN_MID,15.99,30,-0.22
G_1754808300,SHORT,2025-08-10 06:45:00,2025-08-10 15:00:00,307.35,307.35,0.1,0.0,0.0,RUNNER_BE,12.81,495,-0.32
G_1754838900,SHORT,2025-08-10 15:15:00,2025-08-10 17:15:00,308.36,305.185,0.1,0.32,1.03,TP_MAIN_MID,16.77,120,-0.31
G_1754838900,SHORT,2025-08-10 15:15:00,2025-08-10 23:00:00,308.36,308.36,0.1,0.0,0.0,RUNNER_BE,16.77,465,-0.31
G_1754867700,SHORT,2025-08-10 23:15:00,2025-08-11 00:00:00,307.79,305.6855,0.1,0.21,0.68,TP_MAIN_MID,13.9,45,0.0
G_1754867700,SHORT,2025-08-10 23:15:00,2025-08-11 00:15:00,307.79,307.79,0.1,0.0,0.0,RUNNER_BE,13.9,60,-0.24
G_1754874000,SHORT,2025-08-11 01:00:00,2025-08-11 08:00:00,308.88,308.79650000000004,0.1,0.01,0.03,TP_MAIN_MID,13.62,420,-1.32
G_1754833500,LONG,2025-08-10 13:45:00,2025-08-11 11:15:00,300.31,300.31,0.1,0.0,0.0,RUNNER_BE,15.99,1290,-0.35
G_1754928000,SHORT,2025-08-11 16:00:00,2025-08-11 17:15:00,300.2,298.0245,0.1,0.22,0.72,TP_MAIN_MID,28.38,75,-0.39
G_1754928000,SHORT,2025-08-11 16:00:00,2025-08-11 18:30:00,300.2,300.2,0.1,0.0,0.0,RUNNER_BE,28.38,150,-0.39
G_1754941500,LONG,2025-08-11 19:45:00,2025-08-11 21:00:00,297.11,298.0015,0.1,0.09,0.3,TP_MAIN_MID,16.2,75,-0.69
G_1754941500,LONG,2025-08-11 19:45:00,2025-08-11 21:15:00,297.11,297.11,0.1,0.0,0.0,RUNNER_BE,16.2,90,-0.69
G_1754947800,LONG,2025-08-11 21:30:00,2025-08-12 00:15:00,293.49,294.7835,0.1,0.13,0.44,TP_MAIN_MID,16.18,165,-0.82
G_1754947800,LONG,2025-08-11 21:30:00,2025-08-12 11:00:00,293.49,293.49,0.1,0.0,0.0,RUNNER_BE,16.18,810,-0.82
G_1754874000,SHORT,2025-08-11 01:00:00,2025-08-12 15:15:00,308.88,308.88,0.1,0.0,0.0,RUNNER_BE,13.62,2295,-1.32
G_1753155000,LONG,2025-07-22 03:30:00,2025-08-12 20:15:00,314.61,314.896,0.1,0.03,0.09,TP_MAIN_MID,23.98,31245,-22.13
G_1753065000,SHORT,2025-07-21 02:30:00,2025-08-13 04:00:00,326.09,326.09,0.1,0.0,0.0,RUNNER_BE,25.42,33210,-2.65
G_1755078300,SHORT,2025-08-13 09:45:00,2025-08-13 18:15:00,325.76,325.71799999999996,0.1,0.0,0.01,TP_MAIN_MID,19.21,510,-2.82
G_1755078300,SHORT,2025-08-13 09:45:00,2025-08-13 18:30:00,325.76,325.76,0.1,0.0,0.0,RUNNER_BE,19.21,525,-2.82
G_1755122400,SHORT,2025-08-13 22:00:00,2025-08-14 11:00:00,328.61,328.4705,0.1,0.01,0.04,TP_MAIN_MID,15.43,780,-3.62
G_1753155000,LONG,2025-07-22 03:30:00,2025-08-14 12:30:00,314.61,314.61,0.1,0.0,0.0,RUNNER_BE,23.98,33660,-22.13
G_1755013500,SHORT,2025-08-12 15:45:00,2025-08-14 18:45:00,313.28,313.0835,0.1,0.02,0.06,TP_MAIN_MID,26.11,3060,-8.69
G_1755013500,SHORT,2025-08-12 15:45:00,2025-08-14 23:15:00,313.28,313.28,0.1,0.0,0.0,RUNNER_BE,26.11,3330,-8.69
G_1755228600,SHORT,2025-08-15 03:30:00,2025-08-15 04:45:00,316.04,313.836,0.1,0.22,0.7,TP_MAIN_MID,20.17,75,-0.53
G_1755243900,LONG,2025-08-15 07:45:00,2025-08-15 08:30:00,311.01,312.95050000000003,0.1,0.19,0.62,TP_MAIN_MID,13.06,45,-0.22
G_1755243900,LONG,2025-08-15 07:45:00,2025-08-15 09:15:00,311.01,311.01,0.1,0.0,0.0,RUNNER_BE,13.06,90,-0.22
G_1755001800,SHORT,2025-08-12 12:30:00,2025-08-15 16:15:00,305.02,304.4855,0.1,0.05,0.18,TP_MAIN_MID,13.68,4545,-11.63
G_1754701200,LONG,2025-08-09 01:00:00,2025-08-16 12:15:00,290.67,290.67,0.1,0.0,0.0,RUNNER_BE,20.24,10755,-0.18
G_1755357300,SHORT,2025-08-16 15:15:00,2025-08-16 17:15:00,294.03,293.126,0.1,0.09,0.31,TP_MAIN_MID,29.05,120,-0.59
G_1755357300,SHORT,2025-08-16 15:15:00,2025-08-16 17:30:00,294.03,294.03,0.1,0.0,0.0,RUNNER_BE,29.05,135,-0.59
G_1755376200,SHORT,2025-08-16 20:30:00,2025-08-16 22:00:00,296.13,295.1085,0.1,0.1,0.34,TP_MAIN_MID,14.81,90,-0.29
G_1755376200,SHORT,2025-08-16 20:30:00,2025-08-16 22:45:00,296.13,296.13,0.1,0.0,0.0,RUNNER_BE,14.81,135,-0.29
G_1755398700,SHORT,2025-08-17 02:45:00,2025-08-17 03:15:00,296.32,295.2955,0.1,0.1,0.35,TP_MAIN_MID,12.65,30,-0.11
G_1755398700,SHORT,2025-08-17 02:45:00,2025-08-17 03:30:00,296.32,296.32,0.1,0.0,0.0,RUNNER_BE,12.65,45,-0.29
G_1755001800,SHORT,2025-08-12 12:30:00,2025-08-17 08:45:00,305.02,305.02,0.1,0.0,0.0,RUNNER_BE,13.68,6975,-11.63
G_1755445500,SHORT,2025-08-17 15:45:00,2025-08-17 16:30:00,310.32,306.88,0.1,0.34,1.11,TP_MAIN_MID,26.79,45,-0.13
G_1755402300,SHORT,2025-08-17 03:45:00,2025-08-18 04:15:00,297.73,297.1255,0.1,0.06,0.2,TP_MAIN_MID,15.19,1470,-4.36
G_1755402300,SHORT,2025-08-17 03:45:00,2025-08-20 19:45:00,297.73,297.73,0.1,0.0,0.0,RUNNER_BE,15.19,5280,-4.36
G_1755228600,SHORT,2025-08-15 03:30:00,2025-08-22 14:00:00,316.04,316.04,0.1,0.0,0.0,RUNNER_BE,20.17,10710,-1.48
G_1755445500,SHORT,2025-08-17 15:45:00,2025-08-22 14:00:00,310.32,310.32,0.1,0.0,0.0,RUNNER_BE,26.79,7095,-3.35
G_1755264600,LONG,2025-08-15 13:30:00,2025-08-22 16:00:00,307.86,308.7145,0.1,0.09,0.28,TP_MAIN_MID,18.23,10230,-10.43
G_1755122400,SHORT,2025-08-13 22:00:00,2025-08-22 17:30:00,328.61,328.61,0.1,0.0,0.0,RUNNER_BE,15.43,12690,-3.62
G_1737751500,LONG,2025-01-24 20:45:00,2025-08-22 23:30:00,340.63,341.00300000000004,0.1,0.04,0.11,TP_MAIN_MID,20.34,302565,-66.52
G_1737751500,LONG,2025-01-24 20:45:00,2025-08-23 08:15:00,340.63,340.63,0.1,0.0,0.0,RUNNER_BE,20.34,303090,-66.52
G_1737542700,SHORT,2025-01-22 10:45:00,2025-08-23 13:15:00,364.31,364.31,0.1,0.0,0.0,RUNNER_BE,18.74,306870,-0.32
G_1737551700,LONG,2025-01-22 13:15:00,2025-08-23 14:15:00,355.76,356.80249999999995,0.1,0.1,0.29,TP_MAIN_MID,18.72,306780,-67.94
G_1737551700,LONG,2025-01-22 13:15:00,2025-08-23 15:15:00,355.76,355.76,0.1,0.0,0.0,RUNNER_BE,18.72,306840,-67.94
G_1755946800,SHORT,2025-08-23 11:00:00,2025-08-23 19:45:00,355.89,355.70950000000005,0.1,0.02,0.05,TP_MAIN_MID,25.62,525,-8.46
G_1755946800,SHORT,2025-08-23 11:00:00,2025-08-23 20:15:00,355.89,355.89,0.1,0.0,0.0,RUNNER_BE,25.62,555,-8.46
G_1755987300,SHORT,2025-08-23 22:15:00,2025-08-24 00:15:00,357.12,356.32849999999996,0.1,0.08,0.22,TP_MAIN_MID,12.36,120,-0.76
G_1755987300,SHORT,2025-08-23 22:15:00,2025-08-24 00:30:00,357.12,357.12,0.1,0.0,0.0,RUNNER_BE,12.36,135,-0.76
G_1756002600,LONG,2025-08-24 02:30:00,2025-08-24 05:15:00,352.29,352.45649999999995,0.1,0.02,0.05,TP_MAIN_MID,14.21,165,-1.01
G_1756005300,LONG,2025-08-24 03:15:00,2025-08-24 05:15:00,349.56,352.45649999999995,0.1,0.29,0.83,TP_MAIN_MID,17.72,120,-0.23
G_1756002600,LONG,2025-08-24 02:30:00,2025-08-24 05:30:00,352.29,352.29,0.1,0.0,0.0,RUNNER_BE,14.21,180,-1.01
G_1756005300,LONG,2025-08-24 03:15:00,2025-08-24 06:30:00,349.56,349.56,0.1,0.0,0.0,RUNNER_BE,17.72,195,-0.23
G_1756018800,LONG,2025-08-24 07:00:00,2025-08-24 08:00:00,348.98,350.536,0.1,0.16,0.45,TP_MAIN_MID,22.43,60,-0.51
G_1756022400,SHORT,2025-08-24 08:00:00,2025-08-24 08:30:00,354.51,350.62350000000004,0.1,0.39,1.1,TP_MAIN_MID,24.56,30,-0.33
G_1756018800,LONG,2025-08-24 07:00:00,2025-08-24 10:00:00,348.98,348.98,0.1,0.0,0.0,RUNNER_BE,22.43,180,-0.51
G_1756022400,SHORT,2025-08-24 08:00:00,2025-08-24 15:00:00,354.51,354.51,0.1,0.0,0.0,RUNNER_BE,24.56,420,-0.33
G_1756044900,SHORT,2025-08-24 14:15:00,2025-08-24 16:45:00,352.35,350.1685,0.1,0.22,0.62,TP_MAIN_MID,16.65,150,-0.93
G_1756047600,SHORT,2025-08-24 15:00:00,2025-08-24 16:45:00,354.73,350.1685,0.1,0.46,1.29,TP_MAIN_MID,23.02,105,-0.19
G_1756044900,SHORT,2025-08-24 14:15:00,2025-08-24 17:00:00,352.35,352.35,0.1,0.0,0.0,RUNNER_BE,16.65,165,-0.93
G_1756047600,SHORT,2025-08-24 15:00:00,2025-08-24 17:45:00,354.73,354.73,0.1,0.0,0.0,RUNNER_BE,23.02,165,-0.19
G_1755872100,SHORT,2025-08-22 14:15:00,2025-08-25 22:30:00,317.15,317.0475,0.1,0.01,0.03,TP_MAIN_MID,26.14,4815,-21.71
G_1755872100,SHORT,2025-08-22 14:15:00,2025-08-25 23:30:00,317.15,317.15,0.1,0.0,0.0,RUNNER_BE,26.14,4875,-21.71
G_1756238400,SHORT,2025-08-26 20:00:00,2025-08-26 23:15:00,336.89,334.668,0.1,0.22,0.66,TP_MAIN_MID,27.41,195,-0.44
G_1756254600,LONG,2025-08-27 00:30:00,2025-08-27 02:15:00,333.08,333.8965,0.1,0.08,0.25,TP_MAIN_MID,23.56,105,-1.17
G_1756254600,LONG,2025-08-27 00:30:00,2025-08-27 02:30:00,333.08,333.08,0.1,0.0,0.0,RUNNER_BE,23.56,120,-1.17
G_1756235700,SHORT,2025-08-26 19:15:00,2025-08-27 04:15:00,332.45,332.361,0.1,0.01,0.03,TP_MAIN_MID,23.85,540,-1.78
G_1756235700,SHORT,2025-08-26 19:15:00,2025-08-27 04:45:00,332.45,332.45,0.1,0.0,0.0,RUNNER_BE,23.85,570,-1.78
G_1756278900,LONG,2025-08-27 07:15:00,2025-08-27 09:15:00,328.94,330.513,0.1,0.16,0.48,TP_MAIN_MID,13.45,120,-0.55
G_1756278900,LONG,2025-08-27 07:15:00,2025-08-27 09:30:00,328.94,328.94,0.1,0.0,0.0,RUNNER_BE,13.45,135,-0.55
G_1756295100,SHORT,2025-08-27 11:45:00,2025-08-27 12:15:00,331.22,329.3545,0.1,0.19,0.56,TP_MAIN_MID,9.41,30,-0.2
G_1756299600,LONG,2025-08-27 13:00:00,2025-08-27 13:30:00,325.06,328.733,0.1,0.37,1.13,TP_MAIN_MID,12.26,30,-0.42
G_1756299600,LONG,2025-08-27 13:00:00,2025-08-27 13:45:00,325.06,325.06,0.1,0.0,0.0,RUNNER_BE,12.26,45,-0.42
G_1756321200,LONG,2025-08-27 19:00:00,2025-08-27 19:30:00,322.94,325.496,0.1,0.26,0.79,TP_MAIN_MID,10.24,30,-0.09
G_1756321200,LONG,2025-08-27 19:00:00,2025-08-27 20:00:00,322.94,322.94,0.1,0.0,0.0,RUNNER_BE,10.24,60,-0.72
G_1756331100,LONG,2025-08-27 21:45:00,2025-08-28 04:30:00,322.9,323.029,0.1,0.01,0.04,TP_MAIN_MID,19.47,405,-1.27
G_1756331100,LONG,2025-08-27 21:45:00,2025-08-28 09:00:00,322.9,322.9,0.1,0.0,0.0,RUNNER_BE,19.47,675,-1.27
G_1755264600,LONG,2025-08-15 13:30:00,2025-08-29 06:30:00,307.86,307.86,0.1,0.0,0.0,RUNNER_BE,18.23,19740,-10.43
G_1756449900,LONG,2025-08-29 06:45:00,2025-08-29 16:15:00,310.94,310.9935,0.1,0.01,0.02,TP_MAIN_MID,24.58,570,-2.23
G_1756449900,LONG,2025-08-29 06:45:00,2025-08-29 16:45:00,310.94,310.94,0.1,0.0,0.0,RUNNER_BE,24.58,600,-2.23
G_1756372500,LONG,2025-08-28 09:15:00,2025-08-31 03:45:00,321.02,321.085,0.1,0.01,0.02,TP_MAIN_MID,17.45,3990,-5.3
G_1756372500,LONG,2025-08-28 09:15:00,2025-08-31 06:15:00,321.02,321.02,0.1,0.0,0.0,RUNNER_BE,17.45,4140,-5.3
G_1756638900,SHORT,2025-08-31 11:15:00,2025-08-31 13:30:00,323.37,322.2205,0.1,0.11,0.36,TP_MAIN_MID,18.88,135,-0.47
G_1756498500,SHORT,2025-08-29 20:15:00,2025-09-01 04:00:00,313.56,313.409,0.1,0.02,0.05,TP_MAIN_MID,14.58,3345,-3.69
G_1756498500,SHORT,2025-08-29 20:15:00,2025-09-01 07:30:00,313.56,313.56,0.1,0.0,0.0,RUNNER_BE,14.58,3555,-3.69
G_1756712700,SHORT,2025-09-01 07:45:00,2025-09-01 10:15:00,316.46,314.006,0.1,0.25,0.78,TP_MAIN_MID,24.6,150,-0.97
G_1756712700,SHORT,2025-09-01 07:45:00,2025-09-02 06:00:00,316.46,316.46,0.1,0.0,0.0,RUNNER_BE,24.6,1335,-0.97
G_1756814400,LONG,2025-09-02 12:00:00,2025-09-02 13:45:00,309.76,311.1845,0.1,0.14,0.46,TP_MAIN_MID,17.69,105,-1.59
G_1756814400,LONG,2025-09-02 12:00:00,2025-09-02 15:45:00,309.76,309.76,0.1,0.0,0.0,RUNNER_BE,17.69,225,-1.59
G_1756638900,SHORT,2025-08-31 11:15:00,2025-09-03 13:00:00,323.37,323.37,0.1,0.0,0.0,RUNNER_BE,18.88,4425,-0.47
G_1756295100,SHORT,2025-08-27 11:45:00,2025-09-04 00:30:00,331.22,331.22,0.1,0.0,0.0,RUNNER_BE,9.41,10845,-0.2
G_1756905300,SHORT,2025-09-03 13:15:00,2025-09-04 06:15:00,323.62,323.54049999999995,0.1,0.01,0.02,TP_MAIN_MID,27.69,1020,-2.54
G_1756905300,SHORT,2025-09-03 13:15:00,2025-09-04 10:00:00,323.62,323.62,0.1,0.0,0.0,RUNNER_BE,27.69,1245,-2.54
G_1756980900,SHORT,2025-09-04 10:15:00,2025-09-04 12:30:00,323.4,321.526,0.1,0.19,0.58,TP_MAIN_MID,26.28,135,-0.45
G_1756980900,SHORT,2025-09-04 10:15:00,2025-09-04 12:45:00,323.4,323.4,0.1,0.0,0.0,RUNNER_BE,26.28,150,-0.49
G_1756843200,SHORT,2025-09-02 20:00:00,2025-09-04 17:45:00,314.58,313.90250000000003,0.1,0.07,0.22,TP_MAIN_MID,11.62,2745,-5.48
G_1756843200,SHORT,2025-09-02 20:00:00,2025-09-12 05:45:00,314.58,314.58,0.1,0.0,0.0,RUNNER_BE,11.62,13545,-5.48
G_1757656800,SHORT,2025-09-12 06:00:00,2025-09-12 07:45:00,314.5,311.9595,0.1,0.25,0.81,TP_MAIN_MID,28.38,105,-0.21
G_1757656800,SHORT,2025-09-12 06:00:00,2025-09-12 11:15:00,314.5,314.5,0.1,0.0,0.0,RUNNER_BE,28.38,315,-0.3
G_1757685600,SHORT,2025-09-12 14:00:00,2025-09-12 14:45:00,314.78,313.3835,0.1,0.14,0.44,TP_MAIN_MID,14.53,45,-0.42
G_1757685600,SHORT,2025-09-12 14:00:00,2025-09-12 17:00:00,314.78,314.78,0.1,0.0,0.0,RUNNER_BE,14.53,180,-0.42
G_1756994400,LONG,2025-09-04 14:00:00,2025-09-12 21:30:00,318.18,318.313,0.1,0.01,0.04,TP_MAIN_MID,22.33,11970,-7.33
G_1757700000,SHORT,2025-09-12 18:00:00,2025-09-12 21:30:00,319.04,318.313,0.1,0.07,0.23,TP_MAIN_MID,20.15,210,-0.59
G_1756994400,LONG,2025-09-04 14:00:00,2025-09-12 21:45:00,318.18,318.18,0.1,0.0,0.0,RUNNER_BE,22.33,11985,-7.33
G_1757700000,SHORT,2025-09-12 18:00:00,2025-09-12 22:00:00,319.04,319.04,0.1,0.0,0.0,RUNNER_BE,20.15,240,-0.59
G_1757720700,SHORT,2025-09-12 23:45:00,2025-09-13 00:15:00,321.57,319.7595,0.1,0.18,0.56,TP_MAIN_MID,29.63,30,-0.04
G_1757728800,LONG,2025-09-13 02:00:00,2025-09-13 03:30:00,318.25,319.716,0.1,0.15,0.46,TP_MAIN_MID,22.4,90,-0.25
G_1757728800,LONG,2025-09-13 02:00:00,2025-09-13 05:00:00,318.25,318.25,0.1,0.0,0.0,RUNNER_BE,22.4,180,-0.25
G_1757745900,LONG,2025-09-13 06:45:00,2025-09-13 08:30:00,316.19,317.5435,0.1,0.14,0.43,TP_MAIN_MID,16.4,105,-0.22
G_1757745900,LONG,2025-09-13 06:45:00,2025-09-13 13:45:00,316.19,316.19,0.1,0.0,0.0,RUNNER_BE,16.4,420,-0.82
G_1755720000,SHORT,2025-08-20 20:00:00,2025-09-15 19:00:00,297.25,297.2455,0.1,0.0,0.0,TP_MAIN_MID,21.08,37380,-29.85
G_1755720000,SHORT,2025-08-20 20:00:00,2025-09-15 19:15:00,297.25,297.25,0.1,0.0,0.0,RUNNER_BE,21.08,37395,-29.85
G_1757967300,SHORT,2025-09-15 20:15:00,2025-09-15 23:00:00,299.12,298.6545,0.1,0.05,0.16,TP_MAIN_MID,19.22,165,-0.39
G_1757967300,SHORT,2025-09-15 20:15:00,2025-09-15 23:15:00,299.12,299.12,0.1,0.0,0.0,RUNNER_BE,19.22,180,-0.39
G_1757982600,LONG,2025-09-16 00:30:00,2025-09-16 01:00:00,298.2,299.166,0.1,0.1,0.32,TP_MAIN_MID,15.85,30,-0.18
G_1757982600,LONG,2025-09-16 00:30:00,2025-09-16 01:30:00,298.2,298.2,0.1,0.0,0.0,RUNNER_BE,15.85,60,-0.18
G_1757987100,LONG,2025-09-16 01:45:00,2025-09-16 20:45:00,297.23,297.45799999999997,0.1,0.02,0.08,TP_MAIN_MID,14.84,1140,-2.61
G_1757987100,LONG,2025-09-16 01:45:00,2025-09-17 03:45:00,297.23,297.23,0.1,0.0,0.0,RUNNER_BE,14.84,1560,-2.61
G_1758081600,LONG,2025-09-17 04:00:00,2025-09-17 06:00:00,296.32,297.45349999999996,0.1,0.11,0.38,TP_MAIN_MID,17.67,120,-0.81
G_1758081600,LONG,2025-09-17 04:00:00,2025-09-17 08:30:00,296.32,296.32,0.1,0.0,0.0,RUNNER_BE,17.67,270,-0.81
G_1758118500,LONG,2025-09-17 14:15:00,2025-09-17 16:45:00,293.1,294.21500000000003,0.1,0.11,0.38,TP_MAIN_MID,19.62,150,-0.4
G_1758118500,LONG,2025-09-17 14:15:00,2025-09-17 17:00:00,293.1,293.1,0.1,0.0,0.0,RUNNER_BE,19.62,165,-0.4
G_1758137400,SHORT,2025-09-17 19:30:00,2025-09-20 10:30:00,298.42,298.306,0.1,0.01,0.04,TP_MAIN_MID,22.12,3780,-4.89
G_1758137400,SHORT,2025-09-17 19:30:00,2025-09-20 15:00:00,298.42,298.42,0.1,0.0,0.0,RUNNER_BE,22.12,4050,-4.89
G_1758382200,SHORT,2025-09-20 15:30:00,2025-09-20 18:00:00,298.55,297.4635,0.1,0.11,0.36,TP_MAIN_MID,29.81,150,-0.26
G_1758382200,SHORT,2025-09-20 15:30:00,2025-09-20 20:45:00,298.55,298.55,0.1,0.0,0.0,RUNNER_BE,29.81,315,-0.26
G_1758403800,SHORT,2025-09-20 21:30:00,2025-09-20 22:00:00,299.43,297.634,0.1,0.18,0.6,TP_MAIN_MID,18.1,30,0.0
G_1758403800,SHORT,2025-09-20 21:30:00,2025-10-03 16:30:00,299.43,299.43,0.1,0.0,0.0,RUNNER_BE,18.1,18420,-0.92
G_1759539600,LONG,2025-10-04 01:00:00,2025-10-05 07:30:00,289.67,289.67999999999995,0.1,0.0,0.0,TP_MAIN_MID,13.74,1830,-3.37
G_1759539600,LONG,2025-10-04 01:00:00,2025-10-05 10:00:00,289.67,289.67,0.1,0.0,0.0,RUNNER_BE,13.74,1980,-3.37
G_1759679100,SHORT,2025-10-05 15:45:00,2025-10-05 16:45:00,290.32,288.7355,0.1,0.16,0.55,TP_MAIN_MID,22.95,60,-0.42
G_1759679100,SHORT,2025-10-05 15:45:00,2025-10-05 17:00:00,290.32,290.32,0.1,0.0,0.0,RUNNER_BE,22.95,75,-0.42
G_1759686300,LONG,2025-10-05 17:45:00,2025-10-06 05:45:00,286.63,286.643,0.1,0.0,0.0,TP_MAIN_MID,19.33,720,-1.32
G_1759686300,LONG,2025-10-05 17:45:00,2025-10-07 14:00:00,286.63,286.63,0.1,0.0,0.0,RUNNER_BE,19.33,2655,-1.32
G_1759846500,LONG,2025-10-07 14:15:00,2025-10-08 21:45:00,284.26,284.43050000000005,0.1,0.02,0.06,TP_MAIN_MID,25.39,1890,-3.4
G_1759846500,LONG,2025-10-07 14:15:00,2025-10-09 01:00:00,284.26,284.26,0.1,0.0,0.0,RUNNER_BE,25.39,2085,-3.4
G_1754180100,LONG,2025-08-03 00:15:00,2025-10-10 20:45:00,248.29,248.29,0.1,0.0,0.0,RUNNER_BE,16.85,99150,-2.06
G_1760172300,SHORT,2025-10-11 08:45:00,2025-10-11 11:15:00,238.55,237.927,0.2,0.12,0.26,TP_MAIN_MID,14.12,150,-2.59
G_1760172300,SHORT,2025-10-11 08:45:00,2025-10-11 11:30:00,238.55,238.55,0.09999999999999998,0.0,0.0,RUNNER_BE,14.12,165,-2.59
G_1760187600,LONG,2025-10-11 13:00:00,2025-10-11 15:00:00,236.39,238.6455,0.2,0.45,0.95,TP_MAIN_MID,14.73,120,-2.38
G_1760187600,LONG,2025-10-11 13:00:00,2025-10-11 19:00:00,236.39,236.39,0.09999999999999998,0.0,0.0,RUNNER_BE,14.73,360,-2.38
G_1760210100,LONG,2025-10-11 19:15:00,2025-10-12 15:45:00,233.6,233.75699999999998,0.2,0.03,0.07,TP_MAIN_MID,13.69,1230,-4.6
G_1760210100,LONG,2025-10-11 19:15:00,2025-10-16 09:30:00,233.6,233.6,0.09999999999999998,0.0,0.0,RUNNER_BE,13.69,6615,-4.6
G_1760608800,SHORT,2025-10-16 10:00:00,2025-10-16 13:15:00,244.33,242.785,0.1,0.15,0.63,TP_MAIN_MID,20.57,195,-0.82
G_1760608800,SHORT,2025-10-16 10:00:00,2025-10-16 13:30:00,244.33,244.33,0.1,0.0,0.0,RUNNER_BE,20.57,210,-0.82
G_1760623200,LONG,2025-10-16 14:00:00,2025-10-16 14:30:00,240.66,243.3165,0.1,0.27,1.1,TP_MAIN_MID,12.27,30,-0.87
G_1760623200,LONG,2025-10-16 14:00:00,2025-10-16 15:00:00,240.66,240.66,0.1,0.0,0.0,RUNNER_BE,12.27,60,-0.87
G_1760627700,LONG,2025-10-16 15:15:00,2025-10-27 00:30:00,238.95,239.02399999999997,0.2,0.01,0.03,TP_MAIN_MID,12.12,14955,-16.23
G_1760627700,LONG,2025-10-16 15:15:00,2025-10-27 09:30:00,238.95,238.95,0.09999999999999998,0.0,0.0,RUNNER_BE,12.12,15495,-16.23
G_1761583500,SHORT,2025-10-27 16:45:00,2025-10-27 19:00:00,240.05,239.493,0.1,0.06,0.23,TP_MAIN_MID,29.44,135,-0.99
G_1761583500,SHORT,2025-10-27 16:45:00,2025-10-27 19:15:00,240.05,240.05,0.1,0.0,0.0,RUNNER_BE,29.44,150,-0.99
