Grid_ID,Side,Entry_Date,Exit_Date,Entry_Price,Exit_Price,Qty_Closed,PnL_USD,PnL_Pct,Reason,Entry_RSI,Entry_ADX,Entry_BBW,System_Load_Entry,System_Load_Exit,MAE_Pct,Duration_Min
G_1734923700,SHORT,2024-12-23 03:15:00,2024-12-23 06:00:00,329.2,324.322,0.1,0.49,1.48,TP_MAIN_MID,60.41,23.33,0.046,1,3,-1.92,165
G_1734926400,SHORT,2024-12-23 04:00:00,2024-12-23 06:00:00,333.23,324.322,0.1,0.89,2.67,TP_MAIN_MID,67.78,27.43,0.0697,2,3,-0.6,120
G_1734923700,SHORT,2024-12-23 03:15:00,2024-12-23 08:00:00,329.2,329.2,0.1,0.0,0.0,RUNNER_BE,60.41,23.33,0.046,1,3,-1.92,285
G_1734926400,SHORT,2024-12-23 04:00:00,2024-12-23 08:00:00,333.23,333.23,0.1,0.0,0.0,RUNNER_BE,67.78,27.43,0.0697,2,3,-0.6,240
G_1734944400,SHORT,2024-12-23 09:00:00,2024-12-23 12:00:00,337.23,335.45099999999996,0.1,0.18,0.53,TP_MAIN_MID,67.9,23.69,0.0546,2,4,-1.67,180
G_1734948000,SHORT,2024-12-23 10:00:00,2024-12-23 12:00:00,341.23,335.45099999999996,0.1,0.58,1.69,TP_MAIN_MID,82.32,29.31,0.0741,3,4,-0.47,120
G_1734944400,SHORT,2024-12-23 09:00:00,2024-12-23 12:15:00,337.23,337.23,0.1,0.0,0.0,RUNNER_BE,67.9,23.69,0.0546,2,4,-1.67,195
G_1734948000,SHORT,2024-12-23 10:00:00,2024-12-23 12:30:00,341.23,341.23,0.1,0.0,0.0,RUNNER_BE,82.32,29.31,0.0741,3,3,-0.47,150
G_1734960600,LONG,2024-12-23 13:30:00,2024-12-23 14:00:00,334.28,337.928,0.1,0.36,1.09,TP_MAIN_MID,31.12,26.9,0.02,2,3,-0.33,30
G_1734960600,LONG,2024-12-23 13:30:00,2024-12-23 14:30:00,334.28,334.28,0.1,0.0,0.0,RUNNER_BE,31.12,26.9,0.02,2,4,-0.33,60
G_1734962400,SHORT,2024-12-23 14:00:00,2024-12-23 14:30:00,338.74,337.9045,0.1,0.08,0.25,TP_MAIN_MID,48.8,25.01,0.0199,3,4,-0.66,30
G_1734962400,SHORT,2024-12-23 14:00:00,2024-12-23 16:00:00,338.74,338.74,0.1,0.0,0.0,RUNNER_BE,48.8,25.01,0.0199,3,6,-0.66,120
G_1734964200,LONG,2024-12-23 14:30:00,2024-12-23 16:00:00,335.09,336.1355,0.1,0.1,0.31,TP_MAIN_MID,43.93,23.21,0.0206,4,6,-2.03,90
G_1734966000,LONG,2024-12-23 15:00:00,2024-12-23 16:00:00,330.0,336.1355,0.1,0.61,1.86,TP_MAIN_MID,34.67,21.64,0.0261,4,6,-0.52,60
G_1734966900,LONG,2024-12-23 15:15:00,2024-12-23 16:00:00,332.48,336.1355,0.1,0.37,1.1,TP_MAIN_MID,42.14,21.48,0.0273,5,6,-0.48,45
G_1734986700,SHORT,2024-12-23 20:45:00,2024-12-26 03:15:00,364.69,364.347,0.1,0.03,0.09,TP_MAIN_MID,75.86,37.86,0.0674,9,10,-6.98,3270
G_1734976800,SHORT,2024-12-23 18:00:00,2024-12-26 06:30:00,355.96,355.858,0.1,0.01,0.03,TP_MAIN_MID,77.98,29.62,0.0849,8,10,-9.61,3630
G_1734972300,SHORT,2024-12-23 16:45:00,2024-12-26 08:45:00,350.44,349.852,0.1,0.06,0.17,TP_MAIN_MID,69.13,21.43,0.0511,7,10,-11.33,3840
G_1734971400,SHORT,2024-12-23 16:30:00,2024-12-26 10:15:00,346.05,346.023,0.1,0.0,0.01,TP_MAIN_MID,65.66,19.78,0.0395,6,10,-12.74,3945
G_1734970500,SHORT,2024-12-23 16:15:00,2024-12-26 11:45:00,343.31,343.0555,0.1,0.03,0.07,TP_MAIN_MID,57.91,19.11,0.0324,5,10,-13.64,4050
G_1734964200,LONG,2024-12-23 14:30:00,2024-12-26 17:15:00,335.09,335.09,0.1,0.0,0.0,RUNNER_BE,43.93,23.21,0.0206,4,10,-2.03,4485
G_1735234200,LONG,2024-12-26 17:30:00,2024-12-26 19:45:00,335.15,336.121,0.1,0.1,0.29,TP_MAIN_MID,32.17,30.85,0.0159,9,10,-0.72,135
G_1735234200,LONG,2024-12-26 17:30:00,2024-12-26 20:00:00,335.15,335.15,0.1,0.0,0.0,RUNNER_BE,32.17,30.85,0.0159,9,10,-0.72,150
G_1734966900,LONG,2024-12-23 15:15:00,2024-12-26 20:15:00,332.48,332.48,0.1,0.0,0.0,RUNNER_BE,42.14,21.48,0.0273,5,9,-0.48,4620
G_1735244100,LONG,2024-12-26 20:15:00,2024-12-26 21:30:00,332.52,334.696,0.1,0.22,0.65,TP_MAIN_MID,28.04,33.05,0.0187,9,10,-0.6,75
G_1735247700,LONG,2024-12-26 21:15:00,2024-12-26 21:30:00,333.82,334.696,0.1,0.09,0.26,TP_MAIN_MID,48.29,35.86,0.0215,9,10,-0.32,15
G_1734970500,SHORT,2024-12-23 16:15:00,2024-12-27 01:15:00,343.31,343.31,0.1,0.0,0.0,RUNNER_BE,57.91,19.11,0.0324,5,10,-13.64,4860
G_1734971400,SHORT,2024-12-23 16:30:00,2024-12-27 01:30:00,346.05,346.05,0.1,0.0,0.0,RUNNER_BE,65.66,19.78,0.0395,6,9,-12.74,4860
G_1734972300,SHORT,2024-12-23 16:45:00,2024-12-27 01:30:00,350.44,350.44,0.1,0.0,0.0,RUNNER_BE,69.13,21.43,0.0511,7,9,-11.33,4845
G_1735263000,SHORT,2024-12-27 01:30:00,2024-12-27 03:00:00,349.85,341.023,0.1,0.88,2.52,TP_MAIN_MID,68.0,19.87,0.0425,9,9,-0.24,90
G_1735263900,SHORT,2024-12-27 01:45:00,2024-12-27 03:00:00,346.87,341.023,0.1,0.58,1.69,TP_MAIN_MID,60.22,21.75,0.0452,8,9,-1.04,75
G_1735247700,LONG,2024-12-26 21:15:00,2024-12-27 07:30:00,333.82,333.82,0.1,0.0,0.0,RUNNER_BE,48.29,35.86,0.0215,9,10,-0.32,615
G_1735283700,LONG,2024-12-27 07:15:00,2024-12-27 08:00:00,338.21,340.6085,0.1,0.24,0.71,TP_MAIN_MID,34.98,11.87,0.0198,9,10,-1.58,45
G_1735285500,LONG,2024-12-27 07:45:00,2024-12-27 08:00:00,335.75,340.6085,0.1,0.49,1.45,TP_MAIN_MID,25.45,15.17,0.0265,9,10,0.0,15
G_1735263000,SHORT,2024-12-27 01:30:00,2024-12-27 09:00:00,349.85,349.85,0.1,0.0,0.0,RUNNER_BE,68.0,19.87,0.0425,9,10,-0.64,450
G_1735263900,SHORT,2024-12-27 01:45:00,2024-12-27 09:00:00,346.87,346.87,0.1,0.0,0.0,RUNNER_BE,60.22,21.75,0.0452,8,10,-1.5,435
G_1735290900,SHORT,2024-12-27 09:15:00,2024-12-27 10:30:00,346.54,342.214,0.1,0.43,1.25,TP_MAIN_MID,60.61,14.54,0.0352,8,10,-0.82,75
G_1735291800,SHORT,2024-12-27 09:30:00,2024-12-27 10:30:00,348.91,342.214,0.1,0.67,1.92,TP_MAIN_MID,63.18,15.25,0.0397,9,10,-0.12,60
G_1735283700,LONG,2024-12-27 07:15:00,2024-12-27 13:00:00,338.21,338.21,0.1,0.0,0.0,RUNNER_BE,34.98,11.87,0.0198,9,10,-1.58,345
G_1735285500,LONG,2024-12-27 07:45:00,2024-12-27 13:00:00,335.75,335.75,0.1,0.0,0.0,RUNNER_BE,25.45,15.17,0.0265,9,10,-0.39,315
G_1735244100,LONG,2024-12-26 20:15:00,2024-12-27 14:00:00,332.52,332.52,0.1,0.0,0.0,RUNNER_BE,28.04,33.05,0.0187,9,9,-0.6,1065
G_1734966000,LONG,2024-12-23 15:00:00,2024-12-27 14:30:00,330.0,330.0,0.1,0.0,0.0,RUNNER_BE,34.67,21.64,0.0261,4,9,-1.18,5730
G_1734940800,SHORT,2024-12-23 08:00:00,2024-12-27 16:00:00,333.67,333.2215,0.1,0.04,0.13,TP_MAIN_MID,57.64,19.18,0.0431,3,10,-16.93,6240
G_1735309800,LONG,2024-12-27 14:30:00,2024-12-27 17:30:00,327.14,327.9905,0.1,0.09,0.26,TP_MAIN_MID,3.14,24.65,0.0532,9,10,-2.07,180
G_1735310700,LONG,2024-12-27 14:45:00,2024-12-27 17:30:00,325.66,327.9905,0.1,0.23,0.72,TP_MAIN_MID,3.08,27.18,0.0593,9,10,-1.62,165
G_1735309800,LONG,2024-12-27 14:30:00,2024-12-27 17:45:00,327.14,327.14,0.1,0.0,0.0,RUNNER_BE,3.14,24.65,0.0532,9,10,-2.07,195
G_1735310700,LONG,2024-12-27 14:45:00,2024-12-27 19:30:00,325.66,325.66,0.1,0.0,0.0,RUNNER_BE,3.08,27.18,0.0593,9,9,-1.62,285
G_1735336800,LONG,2024-12-27 22:00:00,2024-12-27 22:30:00,325.22,326.091,0.1,0.09,0.27,TP_MAIN_MID,37.01,25.37,0.0216,8,9,-0.39,30
G_1735336800,LONG,2024-12-27 22:00:00,2024-12-27 22:45:00,325.22,325.22,0.1,0.0,0.0,RUNNER_BE,37.01,25.37,0.0216,8,9,-0.59,45
G_1735342200,LONG,2024-12-27 23:30:00,2024-12-28 00:00:00,323.19,324.9475,0.1,0.18,0.54,TP_MAIN_MID,46.22,26.05,0.0161,8,9,-0.01,30
G_1735344000,SHORT,2024-12-28 00:00:00,2024-12-28 00:30:00,326.94,324.9365,0.1,0.2,0.61,TP_MAIN_MID,56.32,24.49,0.0139,9,10,-0.45,30
G_1735342200,LONG,2024-12-27 23:30:00,2024-12-28 01:00:00,323.19,323.19,0.1,0.0,0.0,RUNNER_BE,46.22,26.05,0.0161,8,10,-0.08,90
G_1735348500,LONG,2024-12-28 01:15:00,2024-12-28 01:30:00,322.51,324.5265,0.1,0.2,0.63,TP_MAIN_MID,48.14,21.05,0.0146,9,10,-0.2,15
G_1735348500,LONG,2024-12-28 01:15:00,2024-12-28 01:45:00,322.51,322.51,0.1,0.0,0.0,RUNNER_BE,48.14,21.05,0.0146,9,10,-0.2,30
G_1734922800,SHORT,2024-12-23 03:00:00,2024-12-28 05:00:00,324.02,323.925,0.1,0.01,0.03,TP_MAIN_MID,57.27,22.35,0.0348,0,9,-20.41,7320
G_1734922800,SHORT,2024-12-23 03:00:00,2024-12-28 07:00:00,324.02,324.02,0.1,0.0,0.0,RUNNER_BE,57.27,22.35,0.0348,0,10,-20.41,7440
G_1735363800,LONG,2024-12-28 05:30:00,2024-12-28 07:00:00,322.66,323.0995,0.1,0.04,0.14,TP_MAIN_MID,33.99,12.76,0.0075,9,10,-1.21,90
G_1735363800,LONG,2024-12-28 05:30:00,2024-12-28 08:00:00,322.66,322.66,0.1,0.0,0.0,RUNNER_BE,33.99,12.76,0.0075,9,10,-1.21,150
G_1735371000,SHORT,2024-12-28 07:30:00,2024-12-28 08:00:00,324.39,323.1885,0.1,0.12,0.37,TP_MAIN_MID,56.91,13.33,0.0129,9,10,-0.27,30
G_1735371000,SHORT,2024-12-28 07:30:00,2024-12-28 08:15:00,324.39,324.39,0.1,0.0,0.0,RUNNER_BE,56.91,13.33,0.0129,9,9,-0.27,45
G_1735344000,SHORT,2024-12-28 00:00:00,2024-12-28 09:15:00,326.94,326.94,0.1,0.0,0.0,RUNNER_BE,56.32,24.49,0.0139,9,9,-0.45,555
G_1734940800,SHORT,2024-12-23 08:00:00,2024-12-28 12:00:00,333.67,333.67,0.1,0.0,0.0,RUNNER_BE,57.64,19.18,0.0431,3,10,-16.93,7440
G_1735388100,SHORT,2024-12-28 12:15:00,2024-12-28 15:00:00,332.89,332.324,0.1,0.06,0.17,TP_MAIN_MID,77.08,16.74,0.0297,9,10,-2.13,165
G_1735388100,SHORT,2024-12-28 12:15:00,2024-12-28 15:15:00,332.89,332.89,0.1,0.0,0.0,RUNNER_BE,77.08,16.74,0.0297,9,10,-2.13,180
G_1735308000,LONG,2024-12-27 14:00:00,2024-12-28 16:30:00,332.63,333.58299999999997,0.1,0.1,0.29,TP_MAIN_MID,18.75,20.32,0.0478,9,9,-4.18,1590
G_1735308000,LONG,2024-12-27 14:00:00,2024-12-28 16:45:00,332.63,332.63,0.1,0.0,0.0,RUNNER_BE,18.75,20.32,0.0478,9,9,-4.18,1605
G_1735406100,SHORT,2024-12-28 17:15:00,2024-12-28 18:00:00,337.74,334.46500000000003,0.1,0.33,0.97,TP_MAIN_MID,51.11,21.95,0.025,8,9,-0.15,45
G_1735406100,SHORT,2024-12-28 17:15:00,2024-12-28 18:15:00,337.74,337.74,0.1,0.0,0.0,RUNNER_BE,51.11,21.95,0.025,8,9,-1.02,60
G_1735305300,LONG,2024-12-27 13:15:00,2024-12-28 19:00:00,335.17,335.2605,0.1,0.01,0.03,TP_MAIN_MID,17.18,15.1,0.0401,8,10,-4.9,1785
G_1735290900,SHORT,2024-12-27 09:15:00,2024-12-28 20:00:00,346.54,346.54,0.1,0.0,0.0,RUNNER_BE,60.61,14.54,0.0352,8,10,-0.82,2085
G_1735291800,SHORT,2024-12-27 09:30:00,2024-12-28 20:15:00,348.91,348.91,0.1,0.0,0.0,RUNNER_BE,63.18,15.25,0.0397,9,9,-0.12,2085
G_1734976800,SHORT,2024-12-23 18:00:00,2024-12-28 21:30:00,355.96,355.96,0.1,0.0,0.0,RUNNER_BE,77.98,29.62,0.0849,8,10,-9.61,7410
G_1735422300,SHORT,2024-12-28 21:45:00,2024-12-29 00:00:00,355.25,351.062,0.1,0.42,1.18,TP_MAIN_MID,70.49,43.77,0.068,9,10,-1.98,135
G_1735417800,SHORT,2024-12-28 20:30:00,2024-12-29 02:45:00,349.8,349.65099999999995,0.1,0.01,0.04,TP_MAIN_MID,69.38,36.98,0.0589,9,10,-3.57,375
G_1735416900,SHORT,2024-12-28 20:15:00,2024-12-29 04:30:00,345.86,345.8065,0.1,0.01,0.02,TP_MAIN_MID,68.74,35.08,0.0544,9,10,-4.75,495
G_1735416900,SHORT,2024-12-28 20:15:00,2024-12-29 04:45:00,345.86,345.86,0.1,0.0,0.0,RUNNER_BE,68.74,35.08,0.0544,9,10,-4.75,510
G_1735451100,LONG,2024-12-29 05:45:00,2024-12-29 06:30:00,341.68,343.48,0.1,0.18,0.53,TP_MAIN_MID,40.48,15.4,0.0153,9,10,-0.3,45
G_1735451100,LONG,2024-12-29 05:45:00,2024-12-29 07:00:00,341.68,341.68,0.1,0.0,0.0,RUNNER_BE,40.48,15.4,0.0153,9,10,-0.3,75
G_1735409700,SHORT,2024-12-28 18:15:00,2024-12-29 09:15:00,341.18,341.1435,0.1,0.0,0.01,TP_MAIN_MID,64.19,23.47,0.0286,9,10,-6.19,900
G_1735409700,SHORT,2024-12-28 18:15:00,2024-12-29 11:45:00,341.18,341.18,0.1,0.0,0.0,RUNNER_BE,64.19,23.47,0.0286,9,10,-6.19,1050
G_1735474500,SHORT,2024-12-29 12:15:00,2024-12-29 12:30:00,340.04,339.486,0.1,0.06,0.16,TP_MAIN_MID,70.18,13.28,0.0097,9,10,-0.04,15
G_1735474500,SHORT,2024-12-29 12:15:00,2024-12-29 14:00:00,340.04,340.04,0.1,0.0,0.0,RUNNER_BE,70.18,13.28,0.0097,9,10,-0.15,105
G_1735305300,LONG,2024-12-27 13:15:00,2024-12-29 14:15:00,335.17,335.17,0.1,0.0,0.0,RUNNER_BE,17.18,15.1,0.0401,8,9,-4.9,2940
G_1735410600,SHORT,2024-12-28 18:30:00,2024-12-29 15:30:00,338.39,338.21,0.1,0.02,0.05,TP_MAIN_MID,66.0,24.61,0.0298,9,9,-7.06,1260
G_1735410600,SHORT,2024-12-28 18:30:00,2024-12-30 00:15:00,338.39,338.39,0.1,0.0,0.0,RUNNER_BE,66.0,24.61,0.0298,9,10,-7.06,1785
G_1735486200,LONG,2024-12-29 15:30:00,2024-12-30 02:45:00,335.07,335.38199999999995,0.1,0.03,0.09,TP_MAIN_MID,26.27,10.55,0.0196,9,10,-2.57,675
G_1735481700,LONG,2024-12-29 14:15:00,2024-12-30 03:00:00,336.08,336.08299999999997,0.1,0.0,0.0,TP_MAIN_MID,35.07,12.15,0.0124,9,10,-2.87,765
G_1735481700,LONG,2024-12-29 14:15:00,2024-12-30 04:15:00,336.08,336.08,0.1,0.0,0.0,RUNNER_BE,35.07,12.15,0.0124,9,10,-2.87,840
G_1735486200,LONG,2024-12-29 15:30:00,2024-12-30 04:45:00,335.07,335.07,0.1,0.0,0.0,RUNNER_BE,26.27,10.55,0.0196,9,9,-2.57,795
G_1735545600,SHORT,2024-12-30 08:00:00,2024-12-30 08:30:00,338.41,337.53700000000003,0.1,0.09,0.26,TP_MAIN_MID,55.96,13.61,0.0182,8,9,-0.25,30
G_1735549200,LONG,2024-12-30 09:00:00,2024-12-30 09:45:00,333.74,337.293,0.1,0.36,1.06,TP_MAIN_MID,29.85,12.08,0.0192,9,10,-0.53,45
G_1735545600,SHORT,2024-12-30 08:00:00,2024-12-30 10:00:00,338.41,338.41,0.1,0.0,0.0,RUNNER_BE,55.96,13.61,0.0182,8,10,-0.25,120
G_1735549200,LONG,2024-12-30 09:00:00,2024-12-30 11:00:00,333.74,333.74,0.1,0.0,0.0,RUNNER_BE,29.85,12.08,0.0192,9,9,-0.53,120
G_1735556400,LONG,2024-12-30 11:00:00,2024-12-30 11:15:00,334.64,336.60450000000003,0.1,0.2,0.59,TP_MAIN_MID,46.21,10.01,0.0171,9,9,-0.2,15
G_1735559100,SHORT,2024-12-30 11:45:00,2024-12-30 12:30:00,340.56,337.168,0.1,0.34,1.0,TP_MAIN_MID,55.13,9.93,0.019,9,10,-0.11,45
G_1735556400,LONG,2024-12-30 11:00:00,2024-12-30 13:15:00,334.64,334.64,0.1,0.0,0.0,RUNNER_BE,46.21,10.01,0.0171,9,10,-0.68,135
G_1735518600,SHORT,2024-12-30 00:30:00,2024-12-30 14:45:00,334.7,334.284,0.1,0.04,0.12,TP_MAIN_MID,62.2,25.8,0.0285,9,10,-3.04,855
G_1735565400,LONG,2024-12-30 13:30:00,2024-12-30 16:15:00,329.07,331.808,0.1,0.27,0.83,TP_MAIN_MID,28.96,13.09,0.0289,9,10,-2.37,165
G_1735565400,LONG,2024-12-30 13:30:00,2024-12-30 16:30:00,329.07,329.07,0.1,0.0,0.0,RUNNER_BE,28.96,13.09,0.0289,9,10,-2.37,180
G_1735518600,SHORT,2024-12-30 00:30:00,2024-12-30 17:45:00,334.7,334.7,0.1,0.0,0.0,RUNNER_BE,62.2,25.8,0.0285,9,9,-3.04,1035
G_1735580700,SHORT,2024-12-30 17:45:00,2024-12-30 19:15:00,331.91,329.7815,0.1,0.21,0.64,TP_MAIN_MID,60.43,25.31,0.0281,9,10,-0.79,90
G_1735584300,SHORT,2024-12-30 18:45:00,2024-12-30 19:15:00,333.92,329.7815,0.1,0.41,1.24,TP_MAIN_MID,66.56,22.3,0.0264,9,10,-0.06,30
G_1735580700,SHORT,2024-12-30 17:45:00,2024-12-30 20:15:00,331.91,331.91,0.1,0.0,0.0,RUNNER_BE,60.43,25.31,0.0281,9,10,-0.79,150
G_1735584300,SHORT,2024-12-30 18:45:00,2024-12-30 20:15:00,333.92,333.92,0.1,0.0,0.0,RUNNER_BE,66.56,22.3,0.0264,9,10,-0.06,90
G_1735591500,SHORT,2024-12-30 20:45:00,2024-12-30 21:15:00,333.52,331.09450000000004,0.1,0.24,0.73,TP_MAIN_MID,64.16,18.18,0.0209,8,9,-0.08,30
G_1735378200,SHORT,2024-12-28 09:30:00,2024-12-30 23:15:00,328.76,328.4645,0.1,0.03,0.09,TP_MAIN_MID,73.56,14.0,0.0217,9,10,-10.2,3705
G_1735377300,SHORT,2024-12-28 09:15:00,2024-12-31 00:00:00,326.98,326.7115,0.1,0.03,0.08,TP_MAIN_MID,70.21,12.86,0.0175,9,10,-10.8,3765
G_1735376400,SHORT,2024-12-28 09:00:00,2024-12-31 00:30:00,325.74,325.409,0.1,0.03,0.1,TP_MAIN_MID,63.12,12.61,0.015,8,10,-11.22,3810
G_1735376400,SHORT,2024-12-28 09:00:00,2024-12-31 14:00:00,325.74,325.74,0.1,0.0,0.0,RUNNER_BE,63.12,12.61,0.015,8,10,-11.22,4620
G_1735377300,SHORT,2024-12-28 09:15:00,2024-12-31 14:00:00,326.98,326.98,0.1,0.0,0.0,RUNNER_BE,70.21,12.86,0.0175,9,10,-10.8,4605
G_1735654500,SHORT,2024-12-31 14:15:00,2024-12-31 15:45:00,325.7,318.119,0.1,0.76,2.33,TP_MAIN_MID,73.41,22.01,0.0507,8,10,-0.73,90
G_1735655400,SHORT,2024-12-31 14:30:00,2024-12-31 15:45:00,323.18,318.119,0.1,0.51,1.57,TP_MAIN_MID,67.93,22.67,0.0535,9,10,-0.36,75
G_1735378200,SHORT,2024-12-28 09:30:00,2025-01-02 00:15:00,328.76,328.76,0.1,0.0,0.0,RUNNER_BE,73.56,14.0,0.0217,9,10,-10.2,6645
G_1735654500,SHORT,2024-12-31 14:15:00,2025-01-02 00:15:00,325.7,325.7,0.1,0.0,0.0,RUNNER_BE,73.41,22.01,0.0507,8,10,-1.03,2040
G_1735655400,SHORT,2024-12-31 14:30:00,2025-01-02 00:15:00,323.18,323.18,0.1,0.0,0.0,RUNNER_BE,67.93,22.67,0.0535,9,10,-1.82,2025
G_1735777800,SHORT,2025-01-02 00:30:00,2025-01-02 01:45:00,328.34,322.6175,0.1,0.57,1.74,TP_MAIN_MID,74.49,33.22,0.0275,7,9,-0.14,75
G_1735778700,SHORT,2025-01-02 00:45:00,2025-01-02 01:45:00,324.8,322.6175,0.1,0.22,0.67,TP_MAIN_MID,57.3,33.56,0.028,8,9,-0.72,60
G_1735778700,SHORT,2025-01-02 00:45:00,2025-01-02 03:00:00,324.8,324.8,0.1,0.0,0.0,RUNNER_BE,57.3,33.56,0.028,8,9,-0.72,135
G_1735594200,LONG,2024-12-30 21:30:00,2025-01-02 04:30:00,323.83,324.0505,0.1,0.02,0.07,TP_MAIN_MID,32.8,17.95,0.0275,9,8,-5.51,3300
G_1735777800,SHORT,2025-01-02 00:30:00,2025-01-02 04:30:00,328.34,328.34,0.1,0.0,0.0,RUNNER_BE,74.49,33.22,0.0275,7,8,-0.41,240
G_1735591500,SHORT,2024-12-30 20:45:00,2025-01-02 06:00:00,333.52,333.52,0.1,0.0,0.0,RUNNER_BE,64.16,18.18,0.0209,8,9,-0.18,3435
G_1735793100,SHORT,2025-01-02 04:45:00,2025-01-02 08:30:00,331.0,330.469,0.1,0.05,0.16,TP_MAIN_MID,60.51,29.7,0.0297,8,9,-1.63,225
G_1735803000,SHORT,2025-01-02 07:30:00,2025-01-02 08:30:00,333.44,330.469,0.1,0.3,0.89,TP_MAIN_MID,69.89,40.93,0.0468,8,9,-0.43,60
G_1735793100,SHORT,2025-01-02 04:45:00,2025-01-02 08:45:00,331.0,331.0,0.1,0.0,0.0,RUNNER_BE,60.51,29.7,0.0297,8,9,-1.63,240
G_1735803000,SHORT,2025-01-02 07:30:00,2025-01-02 09:15:00,333.44,333.44,0.1,0.0,0.0,RUNNER_BE,69.89,40.93,0.0468,8,8,-0.43,105
G_1735811100,SHORT,2025-01-02 09:45:00,2025-01-02 10:00:00,334.62,332.31550000000004,0.1,0.23,0.69,TP_MAIN_MID,61.94,38.75,0.0177,7,8,-0.12,15
G_1735811100,SHORT,2025-01-02 09:45:00,2025-01-02 10:30:00,334.62,334.62,0.1,0.0,0.0,RUNNER_BE,61.94,38.75,0.0177,7,8,-0.45,45
G_1735813800,SHORT,2025-01-02 10:30:00,2025-01-02 11:15:00,335.35,333.313,0.1,0.2,0.61,TP_MAIN_MID,55.06,38.28,0.0165,8,8,-0.76,45
G_1735813800,SHORT,2025-01-02 10:30:00,2025-01-02 12:00:00,335.35,335.35,0.1,0.0,0.0,RUNNER_BE,55.06,38.28,0.0165,8,8,-0.76,90
G_1735822800,SHORT,2025-01-02 13:00:00,2025-01-02 13:15:00,334.2,333.6915,0.1,0.05,0.15,TP_MAIN_MID,56.26,33.52,0.0152,7,8,-0.2,15
G_1735822800,SHORT,2025-01-02 13:00:00,2025-01-02 13:30:00,334.2,334.2,0.1,0.0,0.0,RUNNER_BE,56.26,33.52,0.0152,7,8,-0.66,30
G_1735824600,SHORT,2025-01-02 13:30:00,2025-01-02 13:45:00,335.77,333.97799999999995,0.1,0.18,0.53,TP_MAIN_MID,61.1,32.92,0.0136,8,8,-0.03,15
G_1735826400,LONG,2025-01-02 14:00:00,2025-01-02 14:15:00,332.36,334.05100000000004,0.1,0.17,0.51,TP_MAIN_MID,40.46,31.4,0.0131,8,9,-0.2,15
G_1735824600,SHORT,2025-01-02 13:30:00,2025-01-02 14:30:00,335.77,335.77,0.1,0.0,0.0,RUNNER_BE,61.1,32.92,0.0136,8,10,-1.18,60
G_1735826400,LONG,2025-01-02 14:00:00,2025-01-02 14:30:00,332.36,332.36,0.1,0.0,0.0,RUNNER_BE,40.46,31.4,0.0131,8,10,-0.2,30
G_1735829100,SHORT,2025-01-02 14:45:00,2025-01-02 15:00:00,336.5,334.472,0.1,0.2,0.6,TP_MAIN_MID,57.13,30.61,0.0134,8,9,-0.2,15
G_1735829100,SHORT,2025-01-02 14:45:00,2025-01-02 15:15:00,336.5,336.5,0.1,0.0,0.0,RUNNER_BE,57.13,30.61,0.0134,8,9,-0.39,30
G_1735831800,LONG,2025-01-02 15:30:00,2025-01-02 16:15:00,331.88,333.97650000000004,0.1,0.21,0.63,TP_MAIN_MID,42.99,29.54,0.0143,9,10,-0.8,45
G_1735827300,LONG,2025-01-02 14:15:00,2025-01-02 19:00:00,334.92,335.0435,0.2,0.02,0.04,TP_MAIN_MID,46.38,30.05,0.0133,9,10,-1.7,285
G_1735827300,LONG,2025-01-02 14:15:00,2025-01-02 20:30:00,334.92,334.92,0.09999999999999998,0.0,0.0,RUNNER_BE,46.38,30.05,0.0133,9,10,-1.7,375
G_1735831800,LONG,2025-01-02 15:30:00,2025-01-02 21:00:00,331.88,331.88,0.1,0.0,0.0,RUNNER_BE,42.99,29.54,0.0143,9,9,-0.8,330
G_1735830900,SHORT,2025-01-02 15:15:00,2025-01-02 23:00:00,333.87,333.7965,0.2,0.01,0.02,TP_MAIN_MID,50.16,30.73,0.0131,9,10,-1.79,465
G_1735830900,SHORT,2025-01-02 15:15:00,2025-01-02 23:30:00,333.87,333.87,0.09999999999999998,0.0,0.0,RUNNER_BE,50.16,30.73,0.0131,9,10,-1.79,495
G_1735851600,LONG,2025-01-02 21:00:00,2025-01-02 23:30:00,332.03,333.5655,0.1,0.15,0.46,TP_MAIN_MID,41.77,17.41,0.0179,9,10,-0.9,150
G_1735852500,LONG,2025-01-02 21:15:00,2025-01-02 23:30:00,333.08,333.5655,0.1,0.05,0.15,TP_MAIN_MID,47.99,16.93,0.0187,9,10,-1.22,135
G_1735852500,LONG,2025-01-02 21:15:00,2025-01-02 23:45:00,333.08,333.08,0.1,0.0,0.0,RUNNER_BE,47.99,16.93,0.0187,9,9,-1.22,150
G_1735851600,LONG,2025-01-02 21:00:00,2025-01-03 00:00:00,332.03,332.03,0.1,0.0,0.0,RUNNER_BE,41.77,17.41,0.0179,9,8,-0.9,180
G_1735865100,LONG,2025-01-03 00:45:00,2025-01-03 02:15:00,329.98,330.89050000000003,0.1,0.09,0.28,TP_MAIN_MID,35.54,14.91,0.0171,7,10,-1.17,90
G_1735866000,LONG,2025-01-03 01:00:00,2025-01-03 02:15:00,328.86,330.89050000000003,0.1,0.2,0.62,TP_MAIN_MID,36.01,15.41,0.0166,8,10,-0.83,75
G_1735867800,LONG,2025-01-03 01:30:00,2025-01-03 02:15:00,327.25,330.89050000000003,0.1,0.36,1.11,TP_MAIN_MID,34.61,17.64,0.0189,9,10,-0.03,45
G_1735865100,LONG,2025-01-03 00:45:00,2025-01-03 02:30:00,329.98,329.98,0.1,0.0,0.0,RUNNER_BE,35.54,14.91,0.0171,7,10,-1.17,105
G_1735866000,LONG,2025-01-03 01:00:00,2025-01-03 02:45:00,328.86,328.86,0.1,0.0,0.0,RUNNER_BE,36.01,15.41,0.0166,8,9,-0.83,105
G_1735867800,LONG,2025-01-03 01:30:00,2025-01-03 03:15:00,327.25,327.25,0.1,0.0,0.0,RUNNER_BE,34.61,17.64,0.0189,9,8,-0.07,105
G_1735792200,SHORT,2025-01-02 04:30:00,2025-01-03 04:15:00,329.67,329.447,0.1,0.02,0.07,TP_MAIN_MID,60.53,27.58,0.027,8,7,-3.08,1425
G_1735594200,LONG,2024-12-30 21:30:00,2025-01-03 05:15:00,323.83,323.83,0.1,0.0,0.0,RUNNER_BE,32.8,17.95,0.0275,9,8,-5.51,4785
G_1735887600,LONG,2025-01-03 07:00:00,2025-01-03 09:15:00,321.83,322.5255,0.1,0.07,0.22,TP_MAIN_MID,24.6,26.54,0.0273,8,10,-1.44,135
G_1735888500,LONG,2025-01-03 07:15:00,2025-01-03 09:15:00,320.66,322.5255,0.1,0.19,0.58,TP_MAIN_MID,18.49,28.09,0.0259,9,10,-1.09,120
G_1735792200,SHORT,2025-01-02 04:30:00,2025-01-03 11:45:00,329.67,329.67,0.1,0.0,0.0,RUNNER_BE,60.53,27.58,0.027,8,10,-3.08,1875
G_1735881300,LONG,2025-01-03 05:15:00,2025-01-03 12:30:00,324.22,324.7495,0.1,0.05,0.16,TP_MAIN_MID,32.4,22.87,0.0216,8,10,-2.17,435
G_1735878600,LONG,2025-01-03 04:30:00,2025-01-03 13:15:00,325.91,326.5385,0.1,0.06,0.19,TP_MAIN_MID,39.33,19.19,0.0226,7,10,-2.68,525
G_1735559100,SHORT,2024-12-30 11:45:00,2025-01-03 14:00:00,340.56,340.56,0.1,0.0,0.0,RUNNER_BE,55.13,9.93,0.019,9,10,-1.0,5895
G_1735417800,SHORT,2024-12-28 20:30:00,2025-01-03 16:00:00,349.8,349.8,0.1,0.0,0.0,RUNNER_BE,69.38,36.98,0.0589,9,10,-3.57,8370
G_1735422300,SHORT,2024-12-28 21:45:00,2025-01-03 16:30:00,355.25,355.25,0.1,0.0,0.0,RUNNER_BE,70.49,43.77,0.068,9,9,-1.98,8325
G_1735456500,LONG,2024-12-29 07:15:00,2025-01-03 16:30:00,340.34,340.63,0.1,0.03,0.09,TP_MAIN_MID,39.49,12.7,0.0164,9,9,-10.09,7755
G_1735456500,LONG,2024-12-29 07:15:00,2025-01-04 04:00:00,340.34,340.34,0.1,0.0,0.0,RUNNER_BE,39.49,12.7,0.0164,9,10,-10.09,8445
G_1735913700,SHORT,2025-01-03 14:15:00,2025-01-04 04:45:00,343.55,343.2855,0.1,0.03,0.08,TP_MAIN_MID,88.15,35.13,0.062,9,9,-3.71,870
G_1735913700,SHORT,2025-01-03 14:15:00,2025-01-04 06:15:00,343.55,343.55,0.1,0.0,0.0,RUNNER_BE,88.15,35.13,0.062,9,9,-3.71,960
G_1735975800,SHORT,2025-01-04 07:30:00,2025-01-04 08:00:00,345.83,342.402,0.1,0.34,0.99,TP_MAIN_MID,69.8,22.59,0.015,8,10,0.0,30
G_1735976700,SHORT,2025-01-04 07:45:00,2025-01-04 08:00:00,344.41,342.402,0.1,0.2,0.58,TP_MAIN_MID,67.05,21.52,0.0148,9,10,-0.15,15
G_1735975800,SHORT,2025-01-04 07:30:00,2025-01-04 12:15:00,345.83,345.83,0.1,0.0,0.0,RUNNER_BE,69.8,22.59,0.015,8,10,-1.48,285
G_1735976700,SHORT,2025-01-04 07:45:00,2025-01-04 12:15:00,344.41,344.41,0.1,0.0,0.0,RUNNER_BE,67.05,21.52,0.0148,9,10,-1.9,270
G_1735950600,LONG,2025-01-04 00:30:00,2025-01-04 13:45:00,345.69,345.69449999999995,0.1,0.0,0.0,TP_MAIN_MID,32.17,22.74,0.0175,9,10,-1.94,795
G_1735948800,LONG,2025-01-04 00:00:00,2025-01-04 14:45:00,348.46,348.485,0.1,0.0,0.01,TP_MAIN_MID,40.8,23.66,0.0126,8,10,-2.71,885
G_1735948800,LONG,2025-01-04 00:00:00,2025-01-04 15:30:00,348.46,348.46,0.1,0.0,0.0,RUNNER_BE,40.8,23.66,0.0126,8,10,-2.71,930
G_1736020800,SHORT,2025-01-04 20:00:00,2025-01-04 21:15:00,356.34,354.5185,0.1,0.18,0.51,TP_MAIN_MID,58.39,23.84,0.0251,9,10,-0.28,75
G_1736020800,SHORT,2025-01-04 20:00:00,2025-01-04 21:30:00,356.34,356.34,0.1,0.0,0.0,RUNNER_BE,58.39,23.84,0.0251,9,10,-0.28,90
G_1736029800,LONG,2025-01-04 22:30:00,2025-01-04 22:45:00,354.82,354.877,0.1,0.01,0.02,TP_MAIN_MID,53.67,19.38,0.0105,9,10,-0.42,15
G_1736029800,LONG,2025-01-04 22:30:00,2025-01-04 23:00:00,354.82,354.82,0.1,0.0,0.0,RUNNER_BE,53.67,19.38,0.0105,9,10,-0.92,30
G_1735950600,LONG,2025-01-04 00:30:00,2025-01-05 01:30:00,345.69,345.69,0.1,0.0,0.0,RUNNER_BE,32.17,22.74,0.0175,9,10,-1.94,1500
G_1735994700,SHORT,2025-01-04 12:45:00,2025-01-05 03:00:00,349.8,349.502,0.1,0.03,0.09,TP_MAIN_MID,70.47,20.63,0.0307,9,10,-3.28,855
G_1736041500,LONG,2025-01-05 01:45:00,2025-01-05 04:00:00,344.85,348.413,0.1,0.36,1.03,TP_MAIN_MID,18.06,26.44,0.0308,9,10,-0.01,135
G_1735994700,SHORT,2025-01-04 12:45:00,2025-01-05 04:15:00,349.8,349.8,0.1,0.0,0.0,RUNNER_BE,70.47,20.63,0.0307,9,10,-3.28,930
G_1736052300,SHORT,2025-01-05 04:45:00,2025-01-05 05:15:00,350.75,348.017,0.1,0.27,0.78,TP_MAIN_MID,61.92,23.34,0.0211,9,10,-0.02,30
G_1736041500,LONG,2025-01-05 01:45:00,2025-01-05 08:00:00,344.85,344.85,0.1,0.0,0.0,RUNNER_BE,18.06,26.44,0.0308,9,10,-0.61,375
G_1735993800,SHORT,2025-01-04 12:30:00,2025-01-05 09:15:00,347.36,347.336,0.1,0.0,0.01,TP_MAIN_MID,68.26,19.17,0.0257,8,10,-4.01,1245
G_1736064900,LONG,2025-01-05 08:15:00,2025-01-05 10:30:00,344.51,346.184,0.1,0.17,0.49,TP_MAIN_MID,26.72,17.2,0.0196,9,10,-0.57,135
G_1736064900,LONG,2025-01-05 08:15:00,2025-01-05 11:00:00,344.51,344.51,0.1,0.0,0.0,RUNNER_BE,26.72,17.2,0.0196,9,10,-0.57,165
G_1736078400,LONG,2025-01-05 12:00:00,2025-01-05 12:15:00,344.86,345.0085,0.1,0.01,0.04,TP_MAIN_MID,46.77,20.82,0.0123,9,10,-0.22,15
G_1736078400,LONG,2025-01-05 12:00:00,2025-01-05 12:30:00,344.86,344.86,0.1,0.0,0.0,RUNNER_BE,46.77,20.82,0.0123,9,10,-0.39,30
G_1736081100,SHORT,2025-01-05 12:45:00,2025-01-05 14:30:00,344.42,344.351,0.2,0.01,0.02,TP_MAIN_MID,46.36,18.02,0.0059,9,10,-0.76,105
G_1736081100,SHORT,2025-01-05 12:45:00,2025-01-05 15:00:00,344.42,344.42,0.09999999999999998,0.0,0.0,RUNNER_BE,46.36,18.02,0.0059,9,10,-0.76,135
G_1736090100,LONG,2025-01-05 15:15:00,2025-01-05 16:00:00,341.9,343.7815,0.1,0.19,0.55,TP_MAIN_MID,37.99,14.62,0.0142,9,10,0.0,45
G_1736090100,LONG,2025-01-05 15:15:00,2025-01-05 16:30:00,341.9,341.9,0.1,0.0,0.0,RUNNER_BE,37.99,14.62,0.0142,9,10,-0.24,75
G_1736099100,LONG,2025-01-05 17:45:00,2025-01-05 18:30:00,341.07,342.3485,0.1,0.13,0.37,TP_MAIN_MID,49.34,10.57,0.0137,9,10,-0.5,45
G_1736099100,LONG,2025-01-05 17:45:00,2025-01-05 19:15:00,341.07,341.07,0.1,0.0,0.0,RUNNER_BE,49.34,10.57,0.0137,9,10,-0.5,90
G_1736112600,LONG,2025-01-05 21:30:00,2025-01-05 21:45:00,341.02,341.5595,0.1,0.05,0.16,TP_MAIN_MID,56.02,9.69,0.0107,9,10,-0.12,15
G_1736112600,LONG,2025-01-05 21:30:00,2025-01-05 22:00:00,341.02,341.02,0.1,0.0,0.0,RUNNER_BE,56.02,9.69,0.0107,9,10,-0.4,30
G_1735993800,SHORT,2025-01-04 12:30:00,2025-01-06 04:00:00,347.36,347.36,0.1,0.0,0.0,RUNNER_BE,68.26,19.17,0.0257,8,10,-4.01,2370
G_1736115300,LONG,2025-01-05 22:15:00,2025-01-06 04:45:00,342.42,342.69300000000004,0.2,0.05,0.08,TP_MAIN_MID,52.4,8.94,0.0094,9,10,-1.92,390
G_1736136900,SHORT,2025-01-06 04:15:00,2025-01-06 06:00:00,346.37,344.5775,0.1,0.18,0.52,TP_MAIN_MID,75.43,24.69,0.0347,9,10,-0.83,105
G_1736115300,LONG,2025-01-05 22:15:00,2025-01-06 07:00:00,342.42,342.42,0.09999999999999998,0.0,0.0,RUNNER_BE,52.4,8.94,0.0094,9,10,-1.92,525
G_1736147700,LONG,2025-01-06 07:15:00,2025-01-06 14:00:00,340.76,340.773,0.1,0.0,0.0,TP_MAIN_MID,35.25,21.9,0.0214,9,10,-1.4,405
G_1736147700,LONG,2025-01-06 07:15:00,2025-01-06 14:15:00,340.76,340.76,0.1,0.0,0.0,RUNNER_BE,35.25,21.9,0.0214,9,10,-1.4,420
G_1736136900,SHORT,2025-01-06 04:15:00,2025-01-06 14:45:00,346.37,346.37,0.1,0.0,0.0,RUNNER_BE,75.43,24.69,0.0347,9,9,-0.83,630
G_1736052300,SHORT,2025-01-05 04:45:00,2025-01-06 15:30:00,350.75,350.75,0.1,0.0,0.0,RUNNER_BE,61.92,23.34,0.0211,9,9,-0.05,2085
G_1736177400,SHORT,2025-01-06 15:30:00,2025-01-06 17:00:00,348.32,345.945,0.1,0.24,0.68,TP_MAIN_MID,65.51,23.26,0.0323,9,10,-2.03,90
G_1736179200,SHORT,2025-01-06 16:00:00,2025-01-06 17:00:00,354.23,345.945,0.1,0.83,2.34,TP_MAIN_MID,72.04,25.66,0.0397,9,10,-0.33,60
G_1736174700,SHORT,2025-01-06 14:45:00,2025-01-06 21:15:00,344.95,344.822,0.1,0.01,0.04,TP_MAIN_MID,61.82,18.72,0.0238,9,10,-3.03,390
G_1735878600,LONG,2025-01-03 04:30:00,2025-01-07 14:45:00,325.91,325.91,0.1,0.0,0.0,RUNNER_BE,39.33,19.19,0.0226,7,10,-2.68,6375
G_1735881300,LONG,2025-01-03 05:15:00,2025-01-07 14:45:00,324.22,324.22,0.1,0.0,0.0,RUNNER_BE,32.4,22.87,0.0216,8,10,-2.17,6330
G_1735887600,LONG,2025-01-03 07:00:00,2025-01-07 14:45:00,321.83,321.83,0.1,0.0,0.0,RUNNER_BE,24.6,26.54,0.0273,8,10,-1.44,6225
G_1735888500,LONG,2025-01-03 07:15:00,2025-01-07 14:45:00,320.66,320.66,0.1,0.0,0.0,RUNNER_BE,18.49,28.09,0.0259,9,10,-1.09,6210
G_1735905600,SHORT,2025-01-03 12:00:00,2025-01-07 15:15:00,331.43,331.31049999999993,0.1,0.01,0.04,TP_MAIN_MID,82.8,24.61,0.0419,9,7,-9.01,5955
G_1736279100,LONG,2025-01-07 19:45:00,2025-01-07 21:15:00,308.31,311.16949999999997,0.1,0.29,0.93,TP_MAIN_MID,25.12,62.07,0.0389,9,10,-0.75,90
G_1736279100,LONG,2025-01-07 19:45:00,2025-01-07 21:30:00,308.31,308.31,0.1,0.0,0.0,RUNNER_BE,25.12,62.07,0.0389,9,10,-0.75,105
G_1736287200,LONG,2025-01-07 22:00:00,2025-01-07 22:45:00,308.29,309.2725,0.1,0.1,0.32,TP_MAIN_MID,47.06,59.5,0.0244,9,10,-0.48,45
G_1736287200,LONG,2025-01-07 22:00:00,2025-01-07 23:00:00,308.29,308.29,0.1,0.0,0.0,RUNNER_BE,47.06,59.5,0.0244,9,10,-0.65,60
G_1736295300,SHORT,2025-01-08 00:15:00,2025-01-08 01:00:00,311.37,308.87649999999996,0.1,0.25,0.8,TP_MAIN_MID,55.28,51.62,0.0152,9,10,-0.37,45
G_1736295300,SHORT,2025-01-08 00:15:00,2025-01-15 14:45:00,311.37,311.37,0.1,0.0,0.0,RUNNER_BE,55.28,51.62,0.0152,9,10,-0.96,10950
G_1736263800,LONG,2025-01-07 15:30:00,2025-01-15 19:00:00,313.9,314.2575,0.1,0.04,0.11,TP_MAIN_MID,16.06,43.03,0.0644,7,10,-18.39,11730
G_1736266500,LONG,2025-01-07 16:15:00,2025-01-15 20:00:00,316.65,316.686,0.1,0.0,0.01,TP_MAIN_MID,21.09,50.34,0.0817,8,10,-19.1,11745
G_1736266500,LONG,2025-01-07 16:15:00,2025-01-15 22:00:00,316.65,316.65,0.1,0.0,0.0,RUNNER_BE,21.09,50.34,0.0817,8,10,-19.1,11865
G_1736263800,LONG,2025-01-07 15:30:00,2025-01-16 00:30:00,313.9,313.9,0.1,0.0,0.0,RUNNER_BE,16.06,43.03,0.0644,7,9,-18.39,12060
G_1736987400,LONG,2025-01-16 00:30:00,2025-01-16 01:45:00,314.14,317.51599999999996,0.1,0.34,1.07,TP_MAIN_MID,33.55,30.13,0.0239,9,10,-0.22,75
G_1736989200,LONG,2025-01-16 01:00:00,2025-01-16 01:45:00,316.25,317.51599999999996,0.1,0.13,0.4,TP_MAIN_MID,43.8,27.74,0.0216,9,10,-0.63,45
G_1736989200,LONG,2025-01-16 01:00:00,2025-01-16 02:00:00,316.25,316.25,0.1,0.0,0.0,RUNNER_BE,43.8,27.74,0.0216,9,10,-0.63,60
G_1736987400,LONG,2025-01-16 00:30:00,2025-01-16 02:45:00,314.14,314.14,0.1,0.0,0.0,RUNNER_BE,33.55,30.13,0.0239,9,9,-0.22,135
G_1736997300,LONG,2025-01-16 03:15:00,2025-01-16 06:15:00,311.49,313.156,0.1,0.17,0.53,TP_MAIN_MID,22.36,21.79,0.0267,9,10,-0.59,180
G_1736953200,SHORT,2025-01-15 15:00:00,2025-01-16 07:15:00,312.54,312.51,0.1,0.0,0.01,TP_MAIN_MID,84.82,40.11,0.1182,9,10,-3.64,975
G_1736953200,SHORT,2025-01-15 15:00:00,2025-01-16 07:30:00,312.54,312.54,0.1,0.0,0.0,RUNNER_BE,84.82,40.11,0.1182,9,10,-3.64,990
G_1736997300,LONG,2025-01-16 03:15:00,2025-01-16 08:15:00,311.49,311.49,0.1,0.0,0.0,RUNNER_BE,22.36,21.79,0.0267,9,9,-0.69,300
G_1737016200,LONG,2025-01-16 08:30:00,2025-01-16 10:45:00,307.53,310.4225,0.1,0.29,0.94,TP_MAIN_MID,33.24,22.42,0.0158,9,10,-0.79,135
G_1737016200,LONG,2025-01-16 08:30:00,2025-01-16 11:15:00,307.53,307.53,0.1,0.0,0.0,RUNNER_BE,33.24,22.42,0.0158,9,10,-0.79,165
G_1737015300,LONG,2025-01-16 08:15:00,2025-01-16 12:45:00,310.44,310.65749999999997,0.1,0.02,0.07,TP_MAIN_MID,42.79,20.77,0.0103,9,10,-1.72,270
G_1737015300,LONG,2025-01-16 08:15:00,2025-01-16 14:30:00,310.44,310.44,0.1,0.0,0.0,RUNNER_BE,42.79,20.77,0.0103,9,10,-1.72,375
G_1737029700,SHORT,2025-01-16 12:15:00,2025-01-16 14:30:00,314.66,313.0645,0.1,0.16,0.51,TP_MAIN_MID,79.55,23.5,0.0296,9,10,-1.92,135
G_1736996400,LONG,2025-01-16 03:00:00,2025-01-16 15:15:00,313.27,313.42949999999996,0.1,0.02,0.05,TP_MAIN_MID,26.46,20.8,0.023,8,9,-2.61,735
G_1737029700,SHORT,2025-01-16 12:15:00,2025-01-16 15:15:00,314.66,314.66,0.1,0.0,0.0,RUNNER_BE,79.55,23.5,0.0296,9,9,-1.92,180
G_1736996400,LONG,2025-01-16 03:00:00,2025-01-16 15:30:00,313.27,313.27,0.1,0.0,0.0,RUNNER_BE,26.46,20.8,0.023,8,8,-2.61,750
G_1737043200,SHORT,2025-01-16 16:00:00,2025-01-16 17:00:00,317.95,315.319,0.1,0.26,0.83,TP_MAIN_MID,50.0,18.16,0.0376,7,8,-0.29,60
G_1737043200,SHORT,2025-01-16 16:00:00,2025-01-16 17:15:00,317.95,317.95,0.1,0.0,0.0,RUNNER_BE,50.0,18.16,0.0376,7,8,-0.63,75
G_1737064800,LONG,2025-01-16 22:00:00,2025-01-17 00:30:00,311.41,312.87199999999996,0.1,0.15,0.47,TP_MAIN_MID,44.41,12.96,0.0241,8,10,-1.31,150
G_1737065700,LONG,2025-01-16 22:15:00,2025-01-17 00:30:00,309.38,312.87199999999996,0.1,0.35,1.13,TP_MAIN_MID,39.2,14.19,0.0265,9,10,-0.66,135
G_1737062100,LONG,2025-01-16 21:15:00,2025-01-17 02:15:00,313.68,314.04200000000003,0.1,0.04,0.12,TP_MAIN_MID,39.86,11.62,0.0198,7,10,-2.02,300
G_1736262000,LONG,2025-01-07 15:00:00,2025-01-17 08:00:00,319.84,319.91299999999995,0.1,0.01,0.02,TP_MAIN_MID,24.36,37.2,0.0379,6,10,-19.9,13980
G_1735905600,SHORT,2025-01-03 12:00:00,2025-01-17 15:00:00,331.43,331.43,0.1,0.0,0.0,RUNNER_BE,82.8,24.61,0.0419,9,10,-9.01,20340
G_1737126900,SHORT,2025-01-17 15:15:00,2025-01-17 15:30:00,328.15,326.9215,0.1,0.12,0.37,TP_MAIN_MID,52.88,23.21,0.022,9,10,-0.41,15
G_1737126900,SHORT,2025-01-17 15:15:00,2025-01-17 16:00:00,328.15,328.15,0.1,0.0,0.0,RUNNER_BE,52.88,23.21,0.022,9,10,-0.41,45
G_1736262000,LONG,2025-01-07 15:00:00,2025-01-18 05:00:00,319.84,319.84,0.1,0.0,0.0,RUNNER_BE,24.36,37.2,0.0379,6,10,-19.9,15240
G_1737062100,LONG,2025-01-16 21:15:00,2025-01-18 05:45:00,313.68,313.68,0.1,0.0,0.0,RUNNER_BE,39.86,11.62,0.0198,7,9,-2.02,1950
G_1737144000,SHORT,2025-01-17 20:00:00,2025-01-18 05:45:00,329.36,328.71,0.1,0.07,0.2,TP_MAIN_MID,53.38,12.81,0.0179,9,9,-3.81,585
G_1737064800,LONG,2025-01-16 22:00:00,2025-01-18 08:00:00,311.41,311.41,0.1,0.0,0.0,RUNNER_BE,44.41,12.96,0.0241,8,9,-1.31,2040
G_1737065700,LONG,2025-01-16 22:15:00,2025-01-18 08:00:00,309.38,309.38,0.1,0.0,0.0,RUNNER_BE,39.2,14.19,0.0265,9,9,-0.66,2025
G_1737187200,LONG,2025-01-18 08:00:00,2025-01-18 11:30:00,311.87,312.51599999999996,0.1,0.06,0.21,TP_MAIN_MID,26.58,47.5,0.0543,9,9,-1.8,210
G_1737194400,LONG,2025-01-18 10:00:00,2025-01-18 11:30:00,308.53,312.51599999999996,0.1,0.4,1.29,TP_MAIN_MID,29.18,50.9,0.0343,8,9,-0.74,90
G_1737202500,SHORT,2025-01-18 12:15:00,2025-01-18 12:30:00,314.31,312.27349999999996,0.1,0.2,0.65,TP_MAIN_MID,50.54,37.59,0.0284,9,10,-0.19,15
G_1737202500,SHORT,2025-01-18 12:15:00,2025-01-18 12:45:00,314.31,314.31,0.1,0.0,0.0,RUNNER_BE,50.54,37.59,0.0284,9,10,-0.19,30
G_1737187200,LONG,2025-01-18 08:00:00,2025-01-18 13:00:00,311.87,311.87,0.1,0.0,0.0,RUNNER_BE,26.58,47.5,0.0543,9,9,-1.8,300
G_1737207900,SHORT,2025-01-18 13:45:00,2025-01-18 14:30:00,318.66,313.04499999999996,0.1,0.56,1.76,TP_MAIN_MID,72.78,28.07,0.0329,8,9,-0.34,45
G_1737179100,LONG,2025-01-18 05:45:00,2025-01-18 15:30:00,314.23,314.35299999999995,0.1,0.01,0.04,TP_MAIN_MID,10.13,36.86,0.0853,9,9,-2.54,585
G_1737207900,SHORT,2025-01-18 13:45:00,2025-01-18 15:30:00,318.66,318.66,0.1,0.0,0.0,RUNNER_BE,72.78,28.07,0.0329,8,9,-0.51,105
G_1737214200,SHORT,2025-01-18 15:30:00,2025-01-18 16:00:00,319.25,315.072,0.1,0.42,1.31,TP_MAIN_MID,58.18,21.11,0.0309,9,10,-0.27,30
G_1737215100,SHORT,2025-01-18 15:45:00,2025-01-18 16:00:00,317.17,315.072,0.1,0.21,0.66,TP_MAIN_MID,56.33,20.83,0.0288,9,10,-0.67,15
G_1737179100,LONG,2025-01-18 05:45:00,2025-01-18 16:15:00,314.23,314.23,0.1,0.0,0.0,RUNNER_BE,10.13,36.86,0.0853,9,10,-2.54,630
G_1737215100,SHORT,2025-01-18 15:45:00,2025-01-18 16:15:00,317.17,317.17,0.1,0.0,0.0,RUNNER_BE,56.33,20.83,0.0288,9,10,-0.67,30
G_1737217800,SHORT,2025-01-18 16:30:00,2025-01-18 17:45:00,314.62,314.5155,0.2,0.02,0.03,TP_MAIN_MID,53.47,17.43,0.0228,8,10,-0.57,75
G_1737194400,LONG,2025-01-18 10:00:00,2025-01-18 18:15:00,308.53,308.53,0.1,0.0,0.0,RUNNER_BE,29.18,50.9,0.0343,8,10,-0.74,495
G_1737217800,SHORT,2025-01-18 16:30:00,2025-01-18 19:15:00,314.62,314.62,0.09999999999999998,0.0,0.0,RUNNER_BE,53.47,17.43,0.0228,8,9,-0.57,165
G_1737219600,LONG,2025-01-18 17:00:00,2025-01-18 19:15:00,313.19,313.32550000000003,0.1,0.01,0.04,TP_MAIN_MID,45.31,17.1,0.0266,9,9,-1.6,135
G_1737219600,LONG,2025-01-18 17:00:00,2025-01-18 20:15:00,313.19,313.19,0.1,0.0,0.0,RUNNER_BE,45.31,17.1,0.0266,9,8,-1.6,195
G_1737242100,SHORT,2025-01-18 23:15:00,2025-01-19 00:00:00,317.03,313.4935,0.1,0.35,1.12,TP_MAIN_MID,54.96,10.94,0.0201,7,9,-0.61,45
G_1737243900,SHORT,2025-01-18 23:45:00,2025-01-19 00:00:00,315.57,313.4935,0.1,0.21,0.66,TP_MAIN_MID,67.06,12.67,0.0224,8,9,0.0,15
G_1737243900,SHORT,2025-01-18 23:45:00,2025-01-19 00:15:00,315.57,315.57,0.1,0.0,0.0,RUNNER_BE,67.06,12.67,0.0224,8,9,-0.26,30
G_1737242100,SHORT,2025-01-18 23:15:00,2025-01-19 00:30:00,317.03,317.03,0.1,0.0,0.0,RUNNER_BE,54.96,10.94,0.0201,7,8,-0.61,75
G_1737214200,SHORT,2025-01-18 15:30:00,2025-01-19 01:00:00,319.25,319.25,0.1,0.0,0.0,RUNNER_BE,58.18,21.11,0.0309,9,8,-0.65,570
G_1737248400,SHORT,2025-01-19 01:00:00,2025-01-19 03:15:00,320.52,318.2115,0.1,0.23,0.72,TP_MAIN_MID,70.65,14.59,0.0291,8,10,-1.87,135
G_1737252900,SHORT,2025-01-19 02:15:00,2025-01-19 03:15:00,322.87,318.2115,0.1,0.47,1.44,TP_MAIN_MID,71.91,21.82,0.0407,8,10,-1.13,60
G_1737253800,SHORT,2025-01-19 02:30:00,2025-01-19 03:15:00,326.1,318.2115,0.1,0.79,2.42,TP_MAIN_MID,74.24,24.08,0.0456,9,10,-0.02,45
G_1737248400,SHORT,2025-01-19 01:00:00,2025-01-19 03:45:00,320.52,320.52,0.1,0.0,0.0,RUNNER_BE,70.65,14.59,0.0291,8,10,-1.87,165
G_1737246600,SHORT,2025-01-19 00:30:00,2025-01-19 07:00:00,314.73,314.59299999999996,0.1,0.01,0.04,TP_MAIN_MID,55.03,12.4,0.0232,8,10,-3.74,390
G_1737246600,SHORT,2025-01-19 00:30:00,2025-01-19 14:00:00,314.73,314.73,0.1,0.0,0.0,RUNNER_BE,55.03,12.4,0.0232,8,10,-3.74,810
G_1737252900,SHORT,2025-01-19 02:15:00,2025-01-19 14:00:00,322.87,322.87,0.1,0.0,0.0,RUNNER_BE,71.91,21.82,0.0407,8,10,-1.13,705
G_1737253800,SHORT,2025-01-19 02:30:00,2025-01-19 14:30:00,326.1,326.1,0.1,0.0,0.0,RUNNER_BE,74.24,24.08,0.0456,9,9,-0.38,720
G_1737144000,SHORT,2025-01-17 20:00:00,2025-01-19 14:45:00,329.36,329.36,0.1,0.0,0.0,RUNNER_BE,53.38,12.81,0.0179,9,8,-3.81,2565
G_1737260100,LONG,2025-01-19 04:15:00,2025-01-19 16:15:00,313.74,315.403,0.1,0.17,0.53,TP_MAIN_MID,47.17,22.67,0.0379,9,9,-6.74,720
G_1736174700,SHORT,2025-01-06 14:45:00,2025-01-19 17:00:00,344.95,344.95,0.1,0.0,0.0,RUNNER_BE,61.82,18.72,0.0238,9,9,-3.03,18855
G_1737298800,SHORT,2025-01-19 15:00:00,2025-01-19 22:30:00,337.77,337.487,0.1,0.03,0.08,TP_MAIN_MID,93.02,34.18,0.1544,8,10,-3.08,450
G_1737260100,LONG,2025-01-19 04:15:00,2025-01-19 22:45:00,313.74,313.74,0.1,0.0,0.0,RUNNER_BE,47.17,22.67,0.0379,9,10,-6.74,1110
G_1737297900,SHORT,2025-01-19 14:45:00,2025-01-19 23:30:00,331.14,330.55499999999995,0.1,0.06,0.18,TP_MAIN_MID,87.74,31.55,0.1312,8,10,-5.15,525
G_1737296100,SHORT,2025-01-19 14:15:00,2025-01-20 00:45:00,322.81,320.9065,0.1,0.19,0.59,TP_MAIN_MID,76.68,27.06,0.0905,8,10,-7.86,630
G_1737296100,SHORT,2025-01-19 14:15:00,2025-01-20 05:00:00,322.81,322.81,0.1,0.0,0.0,RUNNER_BE,76.68,27.06,0.0905,8,10,-7.86,885
G_1737327600,LONG,2025-01-19 23:00:00,2025-01-20 05:45:00,310.46,311.04,0.1,0.06,0.19,TP_MAIN_MID,17.7,41.96,0.1297,9,10,-4.62,405
G_1737297900,SHORT,2025-01-19 14:45:00,2025-01-20 06:45:00,331.14,331.14,0.1,0.0,0.0,RUNNER_BE,87.74,31.55,0.1312,8,10,-5.15,960
G_1737298800,SHORT,2025-01-19 15:00:00,2025-01-20 06:45:00,337.77,337.77,0.1,0.0,0.0,RUNNER_BE,93.02,34.18,0.1544,8,10,-3.08,945
G_1736177400,SHORT,2025-01-06 15:30:00,2025-01-20 07:00:00,348.32,348.32,0.1,0.0,0.0,RUNNER_BE,65.51,23.26,0.0323,9,8,-2.03,19650
G_1736179200,SHORT,2025-01-06 16:00:00,2025-01-20 07:15:00,354.23,354.23,0.1,0.0,0.0,RUNNER_BE,72.04,25.66,0.0397,9,7,-2.09,19635
G_1734986700,SHORT,2024-12-23 20:45:00,2025-01-20 08:15:00,364.69,364.69,0.1,0.0,0.0,RUNNER_BE,75.86,37.86,0.0674,9,7,-6.98,39570
G_1737321300,LONG,2025-01-19 21:15:00,2025-01-20 08:15:00,330.86,331.37,0.1,0.05,0.15,TP_MAIN_MID,21.89,39.19,0.0366,9,7,-10.5,660
G_1737320400,LONG,2025-01-19 21:00:00,2025-01-20 09:30:00,340.1,340.80550000000005,0.1,0.07,0.21,TP_MAIN_MID,39.81,40.45,0.0222,8,7,-12.93,750
G_1737358200,SHORT,2025-01-20 07:30:00,2025-01-20 10:30:00,352.51,346.2105,0.1,0.63,1.79,TP_MAIN_MID,78.32,38.06,0.1779,6,7,-3.65,180
G_1737360900,SHORT,2025-01-20 08:15:00,2025-01-20 10:30:00,357.78,346.2105,0.1,1.16,3.23,TP_MAIN_MID,75.7,44.79,0.2,7,7,-0.78,135
G_1737320400,LONG,2025-01-19 21:00:00,2025-01-20 12:00:00,340.1,340.1,0.1,0.0,0.0,RUNNER_BE,39.81,40.45,0.0222,8,7,-12.93,900
G_1737321300,LONG,2025-01-19 21:15:00,2025-01-20 12:15:00,330.86,330.86,0.1,0.0,0.0,RUNNER_BE,21.89,39.19,0.0366,9,7,-10.5,900
G_1737358200,SHORT,2025-01-20 07:30:00,2025-01-20 13:15:00,352.51,352.51,0.1,0.0,0.0,RUNNER_BE,78.32,38.06,0.1779,6,8,-3.65,345
G_1737374400,LONG,2025-01-20 12:00:00,2025-01-20 13:15:00,336.21,343.867,0.1,0.77,2.28,TP_MAIN_MID,19.39,31.97,0.0678,7,8,-2.14,75
G_1737375300,LONG,2025-01-20 12:15:00,2025-01-20 13:15:00,333.53,343.867,0.1,1.03,3.1,TP_MAIN_MID,19.79,31.09,0.0716,7,8,-1.36,60
G_1737376200,LONG,2025-01-20 12:30:00,2025-01-20 13:15:00,330.56,343.867,0.1,1.33,4.03,TP_MAIN_MID,18.45,30.27,0.0817,7,8,-0.0,45
G_1737383400,SHORT,2025-01-20 14:30:00,2025-01-20 15:45:00,352.22,344.139,0.1,0.81,2.29,TP_MAIN_MID,61.24,29.36,0.0667,7,8,-0.81,75
G_1737383400,SHORT,2025-01-20 14:30:00,2025-01-20 16:30:00,352.22,352.22,0.1,0.0,0.0,RUNNER_BE,61.24,29.36,0.0667,7,8,-0.81,120
G_1737374400,LONG,2025-01-20 12:00:00,2025-01-20 17:00:00,336.21,336.21,0.1,0.0,0.0,RUNNER_BE,19.39,31.97,0.0678,7,7,-2.14,300
G_1737375300,LONG,2025-01-20 12:15:00,2025-01-20 17:00:00,333.53,333.53,0.1,0.0,0.0,RUNNER_BE,19.79,31.09,0.0716,7,7,-1.36,285
G_1737376200,LONG,2025-01-20 12:30:00,2025-01-20 17:30:00,330.56,330.56,0.1,0.0,0.0,RUNNER_BE,18.45,30.27,0.0817,7,5,-3.47,300
G_1737360900,SHORT,2025-01-20 08:15:00,2025-01-20 18:45:00,357.78,357.78,0.1,0.0,0.0,RUNNER_BE,75.7,44.79,0.2,7,6,-2.01,630
G_1737394200,LONG,2025-01-20 17:30:00,2025-01-20 18:45:00,321.72,343.5895,0.1,2.19,6.8,TP_MAIN_MID,23.73,25.51,0.0847,5,6,-0.35,75
G_1737395100,LONG,2025-01-20 17:45:00,2025-01-20 18:45:00,332.28,343.5895,0.1,1.13,3.4,TP_MAIN_MID,35.77,26.63,0.0844,5,6,-0.49,60
G_1737398700,SHORT,2025-01-20 18:45:00,2025-01-20 21:30:00,348.62,345.14,0.1,0.35,1.0,TP_MAIN_MID,47.32,27.87,0.0912,6,7,-4.6,165
G_1737400500,SHORT,2025-01-20 19:15:00,2025-01-20 21:30:00,355.32,345.14,0.1,1.02,2.87,TP_MAIN_MID,55.2,27.04,0.0991,6,7,-1.54,135
G_1737398700,SHORT,2025-01-20 18:45:00,2025-01-20 22:45:00,348.62,348.62,0.1,0.0,0.0,RUNNER_BE,47.32,27.87,0.0912,6,7,-4.6,240
G_1737395100,LONG,2025-01-20 17:45:00,2025-01-21 00:30:00,332.28,332.28,0.1,0.0,0.0,RUNNER_BE,35.77,26.63,0.0844,5,7,-0.49,405
G_1737416700,LONG,2025-01-20 23:45:00,2025-01-21 02:00:00,337.53,339.992,0.1,0.25,0.73,TP_MAIN_MID,30.98,13.69,0.0578,6,8,-3.09,135
G_1737420300,LONG,2025-01-21 00:45:00,2025-01-21 02:00:00,328.24,339.992,0.1,1.18,3.58,TP_MAIN_MID,26.57,17.46,0.0675,6,8,-0.25,75
G_1737421200,LONG,2025-01-21 01:00:00,2025-01-21 02:00:00,332.17,339.992,0.1,0.78,2.35,TP_MAIN_MID,34.99,18.71,0.0695,7,8,-1.43,60
G_1737416700,LONG,2025-01-20 23:45:00,2025-01-21 04:30:00,337.53,337.53,0.1,0.0,0.0,RUNNER_BE,30.98,13.69,0.0578,6,8,-3.09,285
G_1737400500,SHORT,2025-01-20 19:15:00,2025-01-21 09:45:00,355.32,355.32,0.1,0.0,0.0,RUNNER_BE,55.2,27.04,0.0991,6,10,-1.54,870
G_1736032500,LONG,2025-01-04 23:15:00,2025-01-21 12:00:00,352.14,352.67749999999995,0.1,0.05,0.15,TP_MAIN_MID,33.09,17.72,0.0141,9,10,-27.25,23805
G_1737454500,SHORT,2025-01-21 10:15:00,2025-01-21 14:00:00,362.56,361.7565,0.1,0.08,0.22,TP_MAIN_MID,76.32,14.96,0.0704,9,10,-2.54,225
G_1737454500,SHORT,2025-01-21 10:15:00,2025-01-21 14:15:00,362.56,362.56,0.1,0.0,0.0,RUNNER_BE,76.32,14.96,0.0704,9,10,-2.54,240
G_1737471600,LONG,2025-01-21 15:00:00,2025-01-21 16:00:00,356.1,362.5585,0.1,0.65,1.81,TP_MAIN_MID,46.93,20.86,0.0333,9,10,-0.24,60
G_1737471600,LONG,2025-01-21 15:00:00,2025-01-21 16:15:00,356.1,356.1,0.1,0.0,0.0,RUNNER_BE,46.93,20.86,0.0333,9,10,-0.24,75
G_1737482400,SHORT,2025-01-21 18:00:00,2025-01-22 01:30:00,369.37,369.1725,0.1,0.02,0.05,TP_MAIN_MID,58.96,18.16,0.0364,9,10,-2.47,450
G_1737482400,SHORT,2025-01-21 18:00:00,2025-01-22 03:30:00,369.37,369.37,0.1,0.0,0.0,RUNNER_BE,58.96,18.16,0.0364,9,10,-2.47,570
G_1737526500,LONG,2025-01-22 06:15:00,2025-01-22 08:45:00,358.96,360.297,0.1,0.13,0.37,TP_MAIN_MID,40.02,11.3,0.0192,9,10,-1.44,150
G_1737526500,LONG,2025-01-22 06:15:00,2025-01-22 09:00:00,358.96,358.96,0.1,0.0,0.0,RUNNER_BE,40.02,11.3,0.0192,9,10,-1.44,165
G_1737542700,SHORT,2025-01-22 10:45:00,2025-01-22 11:45:00,364.31,360.48449999999997,0.1,0.38,1.05,TP_MAIN_MID,70.57,18.74,0.0272,9,10,-0.32,60
G_1736032500,LONG,2025-01-04 23:15:00,2025-01-22 15:30:00,352.14,352.14,0.1,0.0,0.0,RUNNER_BE,33.09,17.72,0.0141,9,10,-27.25,25455
G_1737561600,LONG,2025-01-22 16:00:00,2025-01-22 18:00:00,351.67,353.7675,0.1,0.21,0.6,TP_MAIN_MID,30.3,22.95,0.0295,9,10,-0.65,120
G_1737561600,LONG,2025-01-22 16:00:00,2025-01-22 18:15:00,351.67,351.67,0.1,0.0,0.0,RUNNER_BE,30.3,22.95,0.0295,9,10,-0.86,135
G_1737570600,LONG,2025-01-22 18:30:00,2025-01-22 19:15:00,351.6,352.3145,0.1,0.07,0.2,TP_MAIN_MID,40.48,26.27,0.0199,9,10,-0.89,45
G_1737570600,LONG,2025-01-22 18:30:00,2025-01-22 19:30:00,351.6,351.6,0.1,0.0,0.0,RUNNER_BE,40.48,26.27,0.0199,9,10,-0.89,60
G_1737576900,SHORT,2025-01-22 20:15:00,2025-01-22 20:45:00,353.89,351.502,0.1,0.24,0.67,TP_MAIN_MID,57.87,22.31,0.0145,9,10,-0.22,30
G_1737451800,SHORT,2025-01-21 09:30:00,2025-01-22 22:00:00,351.09,351.0475,0.1,0.0,0.01,TP_MAIN_MID,67.75,9.98,0.0405,9,10,-7.8,2190
G_1737451800,SHORT,2025-01-21 09:30:00,2025-01-22 22:30:00,351.09,351.09,0.1,0.0,0.0,RUNNER_BE,67.75,9.98,0.0405,9,10,-7.8,2220
G_1737585900,LONG,2025-01-22 22:45:00,2025-01-23 00:15:00,346.94,349.7095,0.1,0.28,0.8,TP_MAIN_MID,39.73,17.94,0.0161,9,10,-0.5,90
G_1737585900,LONG,2025-01-22 22:45:00,2025-01-23 00:30:00,346.94,346.94,0.1,0.0,0.0,RUNNER_BE,39.73,17.94,0.0161,9,10,-0.5,105
G_1737450900,SHORT,2025-01-21 09:15:00,2025-01-23 01:30:00,347.97,347.4515,0.1,0.05,0.15,TP_MAIN_MID,69.17,8.97,0.0352,8,10,-8.77,2415
G_1737450000,SHORT,2025-01-21 09:00:00,2025-01-23 02:30:00,345.32,344.869,0.1,0.05,0.13,TP_MAIN_MID,68.99,8.85,0.0304,7,10,-9.61,2490
G_1737421200,LONG,2025-01-21 01:00:00,2025-01-23 04:30:00,332.17,332.17,0.1,0.0,0.0,RUNNER_BE,34.99,18.71,0.0695,7,10,-1.43,3090
G_1737615600,LONG,2025-01-23 07:00:00,2025-01-23 07:30:00,333.29,335.967,0.1,0.27,0.8,TP_MAIN_MID,29.53,31.73,0.0217,9,10,-0.1,30
G_1737615600,LONG,2025-01-23 07:00:00,2025-01-23 09:30:00,333.29,333.29,0.1,0.0,0.0,RUNNER_BE,29.53,31.73,0.0217,9,10,-0.1,150
G_1737625500,LONG,2025-01-23 09:45:00,2025-01-23 11:00:00,332.88,334.826,0.1,0.19,0.58,TP_MAIN_MID,42.18,24.28,0.0179,9,10,-0.56,75
G_1737625500,LONG,2025-01-23 09:45:00,2025-01-23 12:15:00,332.88,332.88,0.1,0.0,0.0,RUNNER_BE,42.18,24.28,0.0179,9,10,-0.56,150
G_1737638100,LONG,2025-01-23 13:15:00,2025-01-23 13:30:00,331.05,333.73449999999997,0.1,0.27,0.81,TP_MAIN_MID,44.7,18.58,0.0153,9,10,-0.01,15
G_1737450000,SHORT,2025-01-21 09:00:00,2025-01-23 14:30:00,345.32,345.32,0.1,0.0,0.0,RUNNER_BE,68.99,8.85,0.0304,7,10,-9.61,3210
G_1737643500,SHORT,2025-01-23 14:45:00,2025-01-23 15:15:00,342.49,335.62,0.1,0.69,2.01,TP_MAIN_MID,68.17,20.99,0.0384,9,10,-0.5,30
G_1737643500,SHORT,2025-01-23 14:45:00,2025-01-23 16:00:00,342.49,342.49,0.1,0.0,0.0,RUNNER_BE,68.17,20.99,0.0384,9,10,-0.5,75
G_1737648900,SHORT,2025-01-23 16:15:00,2025-01-23 16:45:00,340.56,337.293,0.1,0.33,0.96,TP_MAIN_MID,60.92,20.1,0.0417,9,10,-0.34,30
G_1737638100,LONG,2025-01-23 13:15:00,2025-01-23 19:00:00,331.05,331.05,0.1,0.0,0.0,RUNNER_BE,44.7,18.58,0.0153,9,10,-0.48,345
G_1737420300,LONG,2025-01-21 00:45:00,2025-01-23 19:45:00,328.24,328.24,0.1,0.0,0.0,RUNNER_BE,26.57,17.46,0.0675,6,10,-0.25,4020
G_1737648900,SHORT,2025-01-23 16:15:00,2025-01-23 20:15:00,340.56,340.56,0.1,0.0,0.0,RUNNER_BE,60.92,20.1,0.0417,9,9,-0.72,240
G_1737659700,LONG,2025-01-23 19:15:00,2025-01-23 20:15:00,330.59,335.1515,0.1,0.46,1.38,TP_MAIN_MID,37.8,15.46,0.0446,9,9,-0.97,60
G_1737663300,SHORT,2025-01-23 20:15:00,2025-01-23 20:30:00,340.72,335.14,0.1,0.56,1.64,TP_MAIN_MID,56.79,17.12,0.0443,9,9,0.0,15
G_1737659700,LONG,2025-01-23 19:15:00,2025-01-23 21:00:00,330.59,330.59,0.1,0.0,0.0,RUNNER_BE,37.8,15.46,0.0446,9,9,-0.97,105
G_1737666900,LONG,2025-01-23 21:15:00,2025-01-23 22:00:00,327.24,332.631,0.1,0.54,1.65,TP_MAIN_MID,37.46,15.3,0.039,8,9,-0.9,45
G_1737663300,SHORT,2025-01-23 20:15:00,2025-01-24 00:00:00,340.72,340.72,0.1,0.0,0.0,RUNNER_BE,56.79,17.12,0.0443,9,10,-0.1,225
G_1737671400,SHORT,2025-01-23 22:30:00,2025-01-24 00:30:00,336.71,334.371,0.1,0.23,0.69,TP_MAIN_MID,57.11,14.64,0.0397,9,9,-1.29,120
G_1737686700,LONG,2025-01-24 02:45:00,2025-01-24 03:00:00,329.47,333.9185,0.1,0.44,1.35,TP_MAIN_MID,23.46,12.43,0.033,9,10,0.0,15
G_1737686700,LONG,2025-01-24 02:45:00,2025-01-24 03:15:00,329.47,329.47,0.1,0.0,0.0,RUNNER_BE,23.46,12.43,0.033,9,10,-0.25,30
G_1737671400,SHORT,2025-01-23 22:30:00,2025-01-24 04:45:00,336.71,336.71,0.1,0.0,0.0,RUNNER_BE,57.11,14.64,0.0397,9,9,-1.29,375
G_1737450900,SHORT,2025-01-21 09:15:00,2025-01-24 05:45:00,347.97,347.97,0.1,0.0,0.0,RUNNER_BE,69.17,8.97,0.0352,8,10,-8.77,4110
G_1737576900,SHORT,2025-01-22 20:15:00,2025-01-24 07:00:00,353.89,353.89,0.1,0.0,0.0,RUNNER_BE,57.87,22.31,0.0145,9,10,-0.27,2085
G_1737593100,LONG,2025-01-23 00:45:00,2025-01-24 08:15:00,343.44,343.77750000000003,0.1,0.03,0.1,TP_MAIN_MID,35.2,18.19,0.026,9,9,-5.57,1890
G_1737720000,SHORT,2025-01-24 12:00:00,2025-01-24 13:30:00,354.25,350.127,0.1,0.41,1.16,TP_MAIN_MID,62.66,26.25,0.021,9,10,-0.93,90
G_1737720000,SHORT,2025-01-24 12:00:00,2025-01-24 16:45:00,354.25,354.25,0.1,0.0,0.0,RUNNER_BE,62.66,26.25,0.021,9,10,-0.93,285
G_1737740700,SHORT,2025-01-24 17:45:00,2025-01-24 18:45:00,352.47,350.3665,0.1,0.21,0.6,TP_MAIN_MID,55.1,23.51,0.0211,9,10,-0.55,60
G_1737740700,SHORT,2025-01-24 17:45:00,2025-01-24 19:15:00,352.47,352.47,0.1,0.0,0.0,RUNNER_BE,55.1,23.51,0.0211,9,10,-0.55,90
G_1737593100,LONG,2025-01-23 00:45:00,2025-01-24 20:30:00,343.44,343.44,0.1,0.0,0.0,RUNNER_BE,35.2,18.19,0.026,9,10,-5.57,2625
G_1737698400,SHORT,2025-01-24 06:00:00,2025-01-24 22:30:00,346.29,345.87299999999993,0.1,0.04,0.12,TP_MAIN_MID,75.48,18.27,0.0637,9,10,-3.25,990
G_1737694800,SHORT,2025-01-24 05:00:00,2025-01-25 00:30:00,339.23,338.92449999999997,0.1,0.03,0.09,TP_MAIN_MID,67.29,10.27,0.0272,9,10,-5.4,1170
G_1737693900,SHORT,2025-01-24 04:45:00,2025-01-25 01:15:00,337.06,336.782,0.1,0.03,0.08,TP_MAIN_MID,57.81,9.52,0.0247,9,10,-6.08,1230
G_1737693900,SHORT,2025-01-24 04:45:00,2025-01-25 01:30:00,337.06,337.06,0.1,0.0,0.0,RUNNER_BE,57.81,9.52,0.0247,9,10,-6.08,1245
G_1737785700,LONG,2025-01-25 06:15:00,2025-01-25 09:30:00,332.14,332.274,0.1,0.01,0.04,TP_MAIN_MID,33.3,26.14,0.0201,9,10,-0.58,195
G_1737785700,LONG,2025-01-25 06:15:00,2025-01-25 09:45:00,332.14,332.14,0.1,0.0,0.0,RUNNER_BE,33.3,26.14,0.0201,9,10,-0.58,210
G_1737799200,LONG,2025-01-25 10:00:00,2025-01-25 10:45:00,330.9,331.58450000000005,0.1,0.07,0.21,TP_MAIN_MID,43.08,20.4,0.0102,9,10,-0.61,45
G_1737799200,LONG,2025-01-25 10:00:00,2025-01-25 12:30:00,330.9,330.9,0.1,0.0,0.0,RUNNER_BE,43.08,20.4,0.0102,9,10,-0.61,150
G_1737810000,SHORT,2025-01-25 13:00:00,2025-01-25 13:30:00,332.64,331.782,0.1,0.09,0.26,TP_MAIN_MID,52.73,13.87,0.0117,9,10,-0.26,30
G_1737810000,SHORT,2025-01-25 13:00:00,2025-01-25 14:30:00,332.64,332.64,0.1,0.0,0.0,RUNNER_BE,52.73,13.87,0.0117,9,10,-0.26,90
G_1737817200,SHORT,2025-01-25 15:00:00,2025-01-25 16:15:00,334.59,333.021,0.1,0.16,0.47,TP_MAIN_MID,55.86,12.4,0.0136,9,10,-0.93,75
G_1737666900,LONG,2025-01-23 21:15:00,2025-01-25 19:45:00,327.24,327.24,0.1,0.0,0.0,RUNNER_BE,37.46,15.3,0.039,8,10,-0.9,2790
G_1737841500,LONG,2025-01-25 21:45:00,2025-01-25 22:00:00,328.83,329.09299999999996,0.1,0.03,0.08,TP_MAIN_MID,48.91,12.62,0.011,9,10,0.0,15
G_1737841500,LONG,2025-01-25 21:45:00,2025-01-25 22:30:00,328.83,328.83,0.1,0.0,0.0,RUNNER_BE,48.91,12.62,0.011,9,10,-0.12,45
G_1737847800,LONG,2025-01-25 23:30:00,2025-01-26 00:15:00,326.72,328.49,0.1,0.18,0.54,TP_MAIN_MID,43.06,11.19,0.0102,9,10,-0.21,45
G_1737847800,LONG,2025-01-25 23:30:00,2025-01-26 01:45:00,326.72,326.72,0.1,0.0,0.0,RUNNER_BE,43.06,11.19,0.0102,9,10,-0.21,135
G_1737856800,LONG,2025-01-26 02:00:00,2025-01-26 03:00:00,326.28,327.672,0.1,0.14,0.43,TP_MAIN_MID,36.25,10.37,0.0125,9,10,-0.5,60
G_1737817200,SHORT,2025-01-25 15:00:00,2025-01-26 04:15:00,334.59,334.59,0.1,0.0,0.0,RUNNER_BE,55.86,12.4,0.0136,9,10,-0.93,795
G_1737865800,SHORT,2025-01-26 04:30:00,2025-01-26 06:15:00,336.0,330.076,0.1,0.59,1.76,TP_MAIN_MID,72.99,19.37,0.0311,9,10,-0.08,105
G_1737856800,LONG,2025-01-26 02:00:00,2025-01-26 09:15:00,326.28,326.28,0.1,0.0,0.0,RUNNER_BE,36.25,10.37,0.0125,9,10,-0.5,435
G_1737883800,LONG,2025-01-26 09:30:00,2025-01-26 11:00:00,325.26,328.323,0.1,0.31,0.94,TP_MAIN_MID,26.52,15.45,0.0235,9,10,-0.27,90
G_1737883800,LONG,2025-01-26 09:30:00,2025-01-26 12:30:00,325.26,325.26,0.1,0.0,0.0,RUNNER_BE,26.52,15.45,0.0235,9,10,-0.27,180
G_1737901800,SHORT,2025-01-26 14:30:00,2025-01-26 15:00:00,328.19,327.152,0.1,0.1,0.32,TP_MAIN_MID,49.9,11.41,0.0109,9,10,-0.05,30
G_1737901800,SHORT,2025-01-26 14:30:00,2025-01-26 15:15:00,328.19,328.19,0.1,0.0,0.0,RUNNER_BE,49.9,11.41,0.0109,9,10,-0.39,45
G_1737394200,LONG,2025-01-20 17:30:00,2025-01-26 22:00:00,321.72,321.72,0.1,0.0,0.0,RUNNER_BE,23.73,25.51,0.0847,5,10,-0.35,8910
G_1737905400,SHORT,2025-01-26 15:30:00,2025-01-26 23:15:00,329.07,328.59000000000003,0.1,0.05,0.15,TP_MAIN_MID,61.0,11.33,0.0089,9,10,-1.64,465
G_1737327600,LONG,2025-01-19 23:00:00,2025-01-27 01:00:00,310.46,310.46,0.1,0.0,0.0,RUNNER_BE,17.7,41.96,0.1297,9,10,-4.62,10200
G_1737350100,SHORT,2025-01-20 05:15:00,2025-01-27 01:30:00,319.79,319.60150000000004,0.1,0.02,0.06,TP_MAIN_MID,75.01,27.74,0.0832,9,10,-18.36,9855
G_1737940500,LONG,2025-01-27 01:15:00,2025-01-30 13:45:00,308.58,308.75149999999996,0.1,0.02,0.06,TP_MAIN_MID,20.97,47.84,0.0749,9,10,-8.99,5070
G_1737350100,SHORT,2025-01-20 05:15:00,2025-01-30 19:45:00,319.79,319.79,0.1,0.0,0.0,RUNNER_BE,75.01,27.74,0.0832,9,10,-18.36,15270
G_1738267200,SHORT,2025-01-30 20:00:00,2025-01-30 20:30:00,319.96,317.164,0.1,0.28,0.87,TP_MAIN_MID,65.04,28.08,0.0172,9,10,-0.77,30
G_1738267200,SHORT,2025-01-30 20:00:00,2025-01-31 01:30:00,319.96,319.96,0.1,0.0,0.0,RUNNER_BE,65.04,28.08,0.0172,9,10,-0.77,330
G_1738287900,SHORT,2025-01-31 01:45:00,2025-01-31 02:15:00,320.38,317.268,0.1,0.31,0.97,TP_MAIN_MID,65.67,12.66,0.0195,9,10,-0.16,30
G_1738287900,SHORT,2025-01-31 01:45:00,2025-01-31 06:45:00,320.38,320.38,0.1,0.0,0.0,RUNNER_BE,65.67,12.66,0.0195,9,10,-0.55,300
G_1738306800,SHORT,2025-01-31 07:00:00,2025-01-31 08:15:00,323.44,317.84350000000006,0.1,0.56,1.73,TP_MAIN_MID,74.41,15.94,0.0297,9,10,-0.6,75
G_1738306800,SHORT,2025-01-31 07:00:00,2025-01-31 11:15:00,323.44,323.44,0.1,0.0,0.0,RUNNER_BE,74.41,15.94,0.0297,9,10,-1.19,255
G_1737905400,SHORT,2025-01-26 15:30:00,2025-01-31 12:45:00,329.07,329.07,0.1,0.0,0.0,RUNNER_BE,61.0,11.33,0.0089,9,10,-1.64,7035
G_1737929700,LONG,2025-01-26 22:15:00,2025-01-31 14:30:00,324.31,324.733,0.1,0.04,0.13,TP_MAIN_MID,17.41,32.45,0.0418,9,10,-13.4,6735
G_1737694800,SHORT,2025-01-24 05:00:00,2025-01-31 15:30:00,339.23,339.23,0.1,0.0,0.0,RUNNER_BE,67.29,10.27,0.0272,9,10,-5.4,10710
G_1737865800,SHORT,2025-01-26 04:30:00,2025-01-31 15:30:00,336.0,336.0,0.1,0.0,0.0,RUNNER_BE,72.99,19.37,0.0311,9,10,-2.07,7860
G_1737698400,SHORT,2025-01-24 06:00:00,2025-01-31 16:00:00,346.29,346.29,0.1,0.0,0.0,RUNNER_BE,75.48,18.27,0.0637,9,9,-3.25,10680
G_1738338300,SHORT,2025-01-31 15:45:00,2025-01-31 18:15:00,338.37,336.14649999999995,0.1,0.22,0.66,TP_MAIN_MID,72.1,36.92,0.0425,8,10,-3.21,150
G_1738339200,SHORT,2025-01-31 16:00:00,2025-01-31 18:15:00,343.99,336.14649999999995,0.1,0.78,2.28,TP_MAIN_MID,78.69,39.68,0.0532,9,10,-0.79,135
G_1738341900,SHORT,2025-01-31 16:45:00,2025-01-31 18:15:00,346.36,336.14649999999995,0.1,1.02,2.95,TP_MAIN_MID,80.33,46.94,0.075,9,10,-0.1,90
G_1738338300,SHORT,2025-01-31 15:45:00,2025-01-31 19:30:00,338.37,338.37,0.1,0.0,0.0,RUNNER_BE,72.1,36.92,0.0425,8,10,-3.21,225
G_1738328400,SHORT,2025-01-31 13:00:00,2025-02-01 04:15:00,330.01,329.918,0.1,0.01,0.03,TP_MAIN_MID,76.98,27.88,0.057,9,10,-5.82,915
G_1737929700,LONG,2025-01-26 22:15:00,2025-02-01 05:30:00,324.31,324.31,0.1,0.0,0.0,RUNNER_BE,17.41,32.45,0.0418,9,10,-13.4,7635
G_1738323000,SHORT,2025-01-31 11:30:00,2025-02-01 06:30:00,327.22,327.076,0.1,0.01,0.04,TP_MAIN_MID,70.4,17.19,0.0377,9,9,-6.73,1140
G_1737940500,LONG,2025-01-27 01:15:00,2025-02-01 11:00:00,308.58,308.58,0.1,0.0,0.0,RUNNER_BE,20.97,47.84,0.0749,9,10,-8.99,7785
G_1738408500,LONG,2025-02-01 11:15:00,2025-02-01 12:45:00,313.83,317.6665,0.1,0.38,1.22,TP_MAIN_MID,20.63,42.7,0.039,9,10,-0.35,90
G_1738408500,LONG,2025-02-01 11:15:00,2025-02-01 13:45:00,313.83,313.83,0.1,0.0,0.0,RUNNER_BE,20.63,42.7,0.039,9,10,-0.35,150
G_1738422000,LONG,2025-02-01 15:00:00,2025-02-01 15:30:00,312.41,314.96500000000003,0.1,0.26,0.82,TP_MAIN_MID,46.1,43.55,0.0217,9,10,-0.44,30
G_1738422000,LONG,2025-02-01 15:00:00,2025-02-01 18:45:00,312.41,312.41,0.1,0.0,0.0,RUNNER_BE,46.1,43.55,0.0217,9,10,-0.44,225
G_1738436400,LONG,2025-02-01 19:00:00,2025-06-10 15:15:00,310.0,310.183,0.1,0.02,0.06,TP_MAIN_MID,33.35,28.64,0.0198,9,10,-63.21,185535
G_1738436400,LONG,2025-02-01 19:00:00,2025-06-10 15:30:00,310.0,310.0,0.1,0.0,0.0,RUNNER_BE,33.35,28.64,0.0198,9,10,-63.21,185550
G_1749572100,LONG,2025-06-10 16:15:00,2025-06-10 18:45:00,304.57,306.088,0.1,0.15,0.5,TP_MAIN_MID,34.57,38.24,0.0465,9,10,-0.76,150
G_1749572100,LONG,2025-06-10 16:15:00,2025-06-10 19:00:00,304.57,304.57,0.1,0.0,0.0,RUNNER_BE,34.57,38.24,0.0465,9,10,-0.76,165
G_1749583800,SHORT,2025-06-10 19:30:00,2025-06-10 19:45:00,306.72,305.47249999999997,0.1,0.12,0.41,TP_MAIN_MID,55.92,20.1,0.0201,9,10,-0.01,15
G_1749583800,SHORT,2025-06-10 19:30:00,2025-06-10 20:45:00,306.72,306.72,0.1,0.0,0.0,RUNNER_BE,55.92,20.1,0.0201,9,10,-0.25,75
G_1749589200,SHORT,2025-06-10 21:00:00,2025-06-10 21:15:00,307.0,305.556,0.1,0.14,0.47,TP_MAIN_MID,52.9,17.21,0.016,9,10,-0.29,15
G_1749589200,SHORT,2025-06-10 21:00:00,2025-06-10 21:30:00,307.0,307.0,0.1,0.0,0.0,RUNNER_BE,52.9,17.21,0.016,9,10,-0.62,30
G_1749591900,SHORT,2025-06-10 21:45:00,2025-06-10 22:30:00,309.31,306.3455,0.1,0.3,0.96,TP_MAIN_MID,65.93,16.55,0.0192,9,10,-0.76,45
G_1749591900,SHORT,2025-06-10 21:45:00,2025-06-11 00:15:00,309.31,309.31,0.1,0.0,0.0,RUNNER_BE,65.93,16.55,0.0192,9,10,-0.76,150
G_1749612600,SHORT,2025-06-11 03:30:00,2025-06-11 10:30:00,309.04,308.934,0.1,0.01,0.03,TP_MAIN_MID,51.36,11.55,0.0119,9,10,-1.31,420
G_1749612600,SHORT,2025-06-11 03:30:00,2025-06-11 11:30:00,309.04,309.04,0.1,0.0,0.0,RUNNER_BE,51.36,11.55,0.0119,9,10,-1.31,480
G_1749645000,SHORT,2025-06-11 12:30:00,2025-06-11 16:00:00,316.62,313.60299999999995,0.1,0.3,0.95,TP_MAIN_MID,77.84,16.81,0.0265,9,10,-1.17,210
G_1749645000,SHORT,2025-06-11 12:30:00,2025-07-11 08:45:00,316.62,316.62,0.1,0.0,0.0,RUNNER_BE,77.84,16.81,0.0265,9,10,-1.17,42975
G_1752224400,SHORT,2025-07-11 09:00:00,2025-07-11 11:45:00,315.71,313.244,0.1,0.25,0.78,TP_MAIN_MID,57.61,21.69,0.0331,9,10,-0.78,165
G_1752224400,SHORT,2025-07-11 09:00:00,2025-07-13 14:15:00,315.71,315.71,0.1,0.0,0.0,RUNNER_BE,57.61,21.69,0.0331,9,10,-0.78,3195
G_1752417000,SHORT,2025-07-13 14:30:00,2025-07-13 16:45:00,313.57,310.0165,0.1,0.36,1.13,TP_MAIN_MID,75.67,30.63,0.0481,9,10,-1.11,135
G_1752417000,SHORT,2025-07-13 14:30:00,2025-07-13 18:30:00,313.57,313.57,0.1,0.0,0.0,RUNNER_BE,75.67,30.63,0.0481,9,10,-1.11,240
G_1752442200,LONG,2025-07-13 21:30:00,2025-07-14 00:15:00,306.8,308.0935,0.1,0.13,0.42,TP_MAIN_MID,28.16,18.51,0.0192,9,10,-0.89,165
G_1738323000,SHORT,2025-01-31 11:30:00,2025-07-14 04:15:00,327.22,327.22,0.1,0.0,0.0,RUNNER_BE,70.4,17.19,0.0377,9,10,-6.73,235725
G_1738391400,LONG,2025-02-01 06:30:00,2025-07-14 07:45:00,322.45,322.8985,0.1,0.04,0.14,TP_MAIN_MID,28.16,27.17,0.0265,9,9,-64.63,234795
G_1738391400,LONG,2025-02-01 06:30:00,2025-07-14 08:00:00,322.45,322.45,0.1,0.0,0.0,RUNNER_BE,28.16,27.17,0.0265,9,9,-64.63,234810
G_1752485400,SHORT,2025-07-14 09:30:00,2025-07-14 10:00:00,326.57,323.21549999999996,0.1,0.34,1.03,TP_MAIN_MID,66.41,27.75,0.0212,8,10,-0.35,30
G_1752486300,SHORT,2025-07-14 09:45:00,2025-07-14 10:00:00,325.07,323.21549999999996,0.1,0.19,0.57,TP_MAIN_MID,58.92,28.33,0.0215,9,10,-0.11,15
G_1738328400,SHORT,2025-01-31 13:00:00,2025-07-14 10:15:00,330.01,330.01,0.1,0.0,0.0,RUNNER_BE,76.98,27.88,0.057,9,10,-5.82,235995
G_1752485400,SHORT,2025-07-14 09:30:00,2025-07-14 10:15:00,326.57,326.57,0.1,0.0,0.0,RUNNER_BE,66.41,27.75,0.0212,8,10,-1.06,45
G_1752486300,SHORT,2025-07-14 09:45:00,2025-07-14 10:15:00,325.07,325.07,0.1,0.0,0.0,RUNNER_BE,58.92,28.33,0.0215,9,10,-1.52,30
G_1752489000,SHORT,2025-07-14 10:30:00,2025-07-14 11:30:00,329.68,324.742,0.1,0.49,1.5,TP_MAIN_MID,74.17,29.86,0.0298,7,9,-0.04,60
G_1752489900,SHORT,2025-07-14 10:45:00,2025-07-14 11:30:00,327.59,324.742,0.1,0.28,0.87,TP_MAIN_MID,65.36,29.82,0.031,8,9,0.0,45
G_1752489900,SHORT,2025-07-14 10:45:00,2025-07-14 13:00:00,327.59,327.59,0.1,0.0,0.0,RUNNER_BE,65.36,29.82,0.031,8,9,-0.09,135
G_1752499800,LONG,2025-07-14 13:30:00,2025-07-14 13:45:00,324.65,325.973,0.1,0.13,0.41,TP_MAIN_MID,48.35,20.24,0.0172,8,9,-0.07,15
G_1752499800,LONG,2025-07-14 13:30:00,2025-07-14 14:00:00,324.65,324.65,0.1,0.0,0.0,RUNNER_BE,48.35,20.24,0.0172,8,9,-0.07,30
G_1752442200,LONG,2025-07-13 21:30:00,2025-07-15 03:00:00,306.8,306.8,0.1,0.0,0.0,RUNNER_BE,28.16,18.51,0.0192,9,10,-0.89,1770
G_1752549300,LONG,2025-07-15 03:15:00,2025-07-15 04:15:00,308.07,311.6125,0.1,0.35,1.15,TP_MAIN_MID,36.46,30.24,0.0346,9,10,-0.71,60
G_1752489000,SHORT,2025-07-14 10:30:00,2025-07-15 18:00:00,329.68,329.68,0.1,0.0,0.0,RUNNER_BE,74.17,29.86,0.0298,7,10,-0.4,1890
G_1752503400,LONG,2025-07-14 14:30:00,2025-07-15 18:00:00,321.3,321.685,0.1,0.04,0.12,TP_MAIN_MID,32.41,17.62,0.0204,9,10,-4.88,1650
G_1752603300,SHORT,2025-07-15 18:15:00,2025-07-15 18:30:00,328.34,322.2315,0.1,0.61,1.86,TP_MAIN_MID,77.54,20.78,0.0462,9,10,-0.09,15
G_1752503400,LONG,2025-07-14 14:30:00,2025-07-15 19:30:00,321.3,321.3,0.1,0.0,0.0,RUNNER_BE,32.41,17.62,0.0204,9,10,-4.88,1740
G_1752609600,LONG,2025-07-15 20:00:00,2025-07-15 21:30:00,317.39,322.57849999999996,0.1,0.52,1.63,TP_MAIN_MID,39.88,17.06,0.0386,9,10,-0.34,90
G_1752603300,SHORT,2025-07-15 18:15:00,2025-07-15 23:00:00,328.34,328.34,0.1,0.0,0.0,RUNNER_BE,77.54,20.78,0.0462,9,10,-0.55,285
G_1752502500,LONG,2025-07-14 14:15:00,2025-07-16 00:45:00,323.71,323.952,0.1,0.02,0.07,TP_MAIN_MID,35.84,17.33,0.0169,8,10,-5.59,2070
G_1752622200,SHORT,2025-07-15 23:30:00,2025-07-16 02:00:00,328.19,326.358,0.1,0.18,0.56,TP_MAIN_MID,78.01,16.83,0.037,9,10,-0.78,150
G_1752502500,LONG,2025-07-14 14:15:00,2025-07-16 02:15:00,323.71,323.71,0.1,0.0,0.0,RUNNER_BE,35.84,17.33,0.0169,8,10,-5.59,2160
G_1752633000,LONG,2025-07-16 02:30:00,2025-07-16 04:30:00,322.08,325.735,0.1,0.37,1.13,TP_MAIN_MID,37.27,20.74,0.0276,9,10,-0.3,120
G_1752622200,SHORT,2025-07-15 23:30:00,2025-07-16 05:00:00,328.19,328.19,0.1,0.0,0.0,RUNNER_BE,78.01,16.83,0.037,9,10,-1.55,330
G_1752642900,SHORT,2025-07-16 05:15:00,2025-07-16 17:30:00,329.25,329.18449999999996,0.1,0.01,0.02,TP_MAIN_MID,54.61,18.64,0.0363,9,10,-1.75,735
G_1752642900,SHORT,2025-07-16 05:15:00,2025-07-16 17:45:00,329.25,329.25,0.1,0.0,0.0,RUNNER_BE,54.61,18.64,0.0363,9,10,-1.75,750
G_1752688800,SHORT,2025-07-16 18:00:00,2025-07-16 19:00:00,331.94,329.532,0.1,0.24,0.73,TP_MAIN_MID,50.03,13.82,0.0219,9,10,-0.61,60
G_1752688800,SHORT,2025-07-16 18:00:00,2025-07-16 20:00:00,331.94,331.94,0.1,0.0,0.0,RUNNER_BE,50.03,13.82,0.0219,9,10,-0.61,120
G_1752699600,LONG,2025-07-16 21:00:00,2025-07-16 21:15:00,330.17,330.418,0.1,0.02,0.08,TP_MAIN_MID,54.76,12.19,0.0181,9,10,-0.1,15
G_1752699600,LONG,2025-07-16 21:00:00,2025-07-16 21:30:00,330.17,330.17,0.1,0.0,0.0,RUNNER_BE,54.76,12.19,0.0181,9,10,-0.69,30
G_1752633000,LONG,2025-07-16 02:30:00,2025-07-16 23:15:00,322.08,322.08,0.1,0.0,0.0,RUNNER_BE,37.27,20.74,0.0276,9,10,-0.3,1245
G_1752705000,LONG,2025-07-16 22:30:00,2025-07-17 00:30:00,325.26,327.398,0.1,0.21,0.66,TP_MAIN_MID,40.03,11.77,0.0224,9,10,-1.19,120
G_1752708600,LONG,2025-07-16 23:30:00,2025-07-17 00:30:00,323.03,327.398,0.1,0.44,1.35,TP_MAIN_MID,30.86,17.97,0.0343,9,10,-0.13,60
G_1752705000,LONG,2025-07-16 22:30:00,2025-07-17 00:45:00,325.26,325.26,0.1,0.0,0.0,RUNNER_BE,40.03,11.77,0.0224,9,10,-1.19,135
G_1752708600,LONG,2025-07-16 23:30:00,2025-07-17 01:00:00,323.03,323.03,0.1,0.0,0.0,RUNNER_BE,30.86,17.97,0.0343,9,9,-0.13,90
G_1752609600,LONG,2025-07-15 20:00:00,2025-07-17 01:45:00,317.39,317.39,0.1,0.0,0.0,RUNNER_BE,39.88,17.06,0.0386,9,9,-0.34,1785
G_1752715800,LONG,2025-07-17 01:30:00,2025-07-17 05:00:00,319.66,320.1375,0.1,0.05,0.15,TP_MAIN_MID,27.32,18.5,0.0348,8,9,-1.01,210
G_1752721200,LONG,2025-07-17 03:00:00,2025-07-17 05:00:00,317.24,320.1375,0.1,0.29,0.91,TP_MAIN_MID,35.31,25.22,0.0324,8,9,-0.25,120
G_1752732900,SHORT,2025-07-17 06:15:00,2025-07-17 08:30:00,324.58,321.7525,0.1,0.28,0.87,TP_MAIN_MID,77.78,21.34,0.0208,9,10,-1.16,135
G_1752732900,SHORT,2025-07-17 06:15:00,2025-07-17 09:00:00,324.58,324.58,0.1,0.0,0.0,RUNNER_BE,77.78,21.34,0.0208,9,10,-1.16,165
G_1752743700,SHORT,2025-07-17 09:15:00,2025-07-17 10:45:00,326.29,324.87500000000006,0.1,0.14,0.43,TP_MAIN_MID,63.31,18.21,0.0236,9,10,-1.7,90
G_1752715800,LONG,2025-07-17 01:30:00,2025-07-17 13:30:00,319.66,319.66,0.1,0.0,0.0,RUNNER_BE,27.32,18.5,0.0348,8,10,-1.01,720
G_1752759900,LONG,2025-07-17 13:45:00,2025-07-17 14:30:00,321.31,323.769,0.1,0.25,0.77,TP_MAIN_MID,33.14,15.68,0.0312,9,10,-0.11,45
G_1752759900,LONG,2025-07-17 13:45:00,2025-07-17 15:15:00,321.31,321.31,0.1,0.0,0.0,RUNNER_BE,33.14,15.68,0.0312,9,10,-0.31,90
G_1752721200,LONG,2025-07-17 03:00:00,2025-07-17 16:30:00,317.24,317.24,0.1,0.0,0.0,RUNNER_BE,35.31,25.22,0.0324,8,10,-0.25,810
G_1752768900,LONG,2025-07-17 16:15:00,2025-07-17 18:00:00,319.91,321.3295,0.1,0.14,0.44,TP_MAIN_MID,39.91,16.26,0.0173,9,10,-1.48,105
G_1752770700,LONG,2025-07-17 16:45:00,2025-07-17 18:00:00,317.14,321.3295,0.1,0.42,1.32,TP_MAIN_MID,37.33,19.52,0.0236,9,10,-0.38,75
G_1752768900,LONG,2025-07-17 16:15:00,2025-07-17 18:15:00,319.91,319.91,0.1,0.0,0.0,RUNNER_BE,39.91,16.26,0.0173,9,10,-1.48,120
G_1752770700,LONG,2025-07-17 16:45:00,2025-07-17 19:45:00,317.14,317.14,0.1,0.0,0.0,RUNNER_BE,37.33,19.52,0.0236,9,9,-0.38,180
G_1752782400,LONG,2025-07-17 20:00:00,2025-07-17 21:00:00,314.56,319.5725,0.1,0.5,1.59,TP_MAIN_MID,39.34,19.17,0.0331,8,9,-0.71,60
G_1752743700,SHORT,2025-07-17 09:15:00,2025-07-18 01:00:00,326.29,326.29,0.1,0.0,0.0,RUNNER_BE,63.31,18.21,0.0236,9,9,-1.7,945
G_1752800400,SHORT,2025-07-18 01:00:00,2025-07-18 02:45:00,328.86,323.53499999999997,0.1,0.53,1.62,TP_MAIN_MID,65.37,13.94,0.0356,9,10,-0.35,105
G_1752804000,SHORT,2025-07-18 02:00:00,2025-07-18 02:45:00,325.74,323.53499999999997,0.1,0.22,0.68,TP_MAIN_MID,55.97,17.78,0.0372,9,10,-1.0,45
G_1752804000,SHORT,2025-07-18 02:00:00,2025-07-18 03:30:00,325.74,325.74,0.1,0.0,0.0,RUNNER_BE,55.97,17.78,0.0372,9,10,-1.0,90
G_1752800400,SHORT,2025-07-18 01:00:00,2025-07-18 04:00:00,328.86,328.86,0.1,0.0,0.0,RUNNER_BE,65.37,13.94,0.0356,9,9,-0.35,180
G_1752812100,SHORT,2025-07-18 04:15:00,2025-07-18 07:30:00,330.66,330.606,0.1,0.01,0.02,TP_MAIN_MID,65.06,20.34,0.0391,8,10,-2.21,195
G_1752817500,SHORT,2025-07-18 05:45:00,2025-07-18 07:30:00,334.77,330.606,0.1,0.42,1.24,TP_MAIN_MID,80.42,25.36,0.0347,9,10,-0.96,105
G_1752812100,SHORT,2025-07-18 04:15:00,2025-07-18 07:45:00,330.66,330.66,0.1,0.0,0.0,RUNNER_BE,65.06,20.34,0.0391,8,10,-2.21,210
G_1752827400,LONG,2025-07-18 08:30:00,2025-07-18 09:15:00,326.0,331.407,0.1,0.54,1.66,TP_MAIN_MID,39.19,23.01,0.026,9,10,-0.31,45
G_1752827400,LONG,2025-07-18 08:30:00,2025-07-18 10:15:00,326.0,326.0,0.1,0.0,0.0,RUNNER_BE,39.19,23.01,0.026,9,10,-0.48,105
G_1752843600,SHORT,2025-07-18 13:00:00,2025-07-18 14:30:00,327.94,327.645,0.2,0.06,0.09,TP_MAIN_MID,49.74,12.71,0.0241,9,10,-1.31,90
G_1752782400,LONG,2025-07-17 20:00:00,2025-07-18 15:30:00,314.56,314.56,0.1,0.0,0.0,RUNNER_BE,39.34,19.17,0.0331,8,10,-0.71,1170
G_1752853500,LONG,2025-07-18 15:45:00,2025-07-18 17:30:00,317.47,322.55,0.1,0.51,1.6,TP_MAIN_MID,34.72,16.9,0.0552,9,10,-0.44,105
G_1752853500,LONG,2025-07-18 15:45:00,2025-07-18 19:00:00,317.47,317.47,0.1,0.0,0.0,RUNNER_BE,34.72,16.9,0.0552,9,10,-0.68,195
G_1752868800,LONG,2025-07-18 20:00:00,2025-07-18 21:00:00,316.14,318.73400000000004,0.1,0.26,0.82,TP_MAIN_MID,37.83,13.39,0.0228,9,10,-1.48,60
G_1752868800,LONG,2025-07-18 20:00:00,2025-07-19 01:00:00,316.14,316.14,0.1,0.0,0.0,RUNNER_BE,37.83,13.39,0.0228,9,10,-1.48,300
G_1752910200,LONG,2025-07-19 07:30:00,2025-07-19 23:45:00,316.61,316.69750000000005,0.1,0.01,0.03,TP_MAIN_MID,21.75,12.92,0.0185,9,10,-1.48,975
G_1752843600,SHORT,2025-07-18 13:00:00,2025-07-20 08:00:00,327.94,327.94,0.09999999999999998,0.0,0.0,RUNNER_BE,49.74,12.71,0.0241,9,10,-1.31,2580
G_1752999300,SHORT,2025-07-20 08:15:00,2025-07-20 10:45:00,326.71,325.95099999999996,0.1,0.08,0.23,TP_MAIN_MID,72.47,48.28,0.0217,9,10,-0.64,150
G_1752999300,SHORT,2025-07-20 08:15:00,2025-07-20 11:30:00,326.71,326.71,0.1,0.0,0.0,RUNNER_BE,72.47,48.28,0.0217,9,10,-0.64,195
G_1753011900,SHORT,2025-07-20 11:45:00,2025-07-20 12:00:00,327.88,326.578,0.1,0.13,0.4,TP_MAIN_MID,54.74,39.35,0.0105,9,10,-0.06,15
G_1753011900,SHORT,2025-07-20 11:45:00,2025-07-20 12:45:00,327.88,327.88,0.1,0.0,0.0,RUNNER_BE,54.74,39.35,0.0105,9,10,-0.06,60
G_1753019100,SHORT,2025-07-20 13:45:00,2025-07-20 14:00:00,328.55,326.60450000000003,0.1,0.19,0.59,TP_MAIN_MID,57.36,34.66,0.0111,9,10,0.0,15
G_1753019100,SHORT,2025-07-20 13:45:00,2025-07-20 15:00:00,328.55,328.55,0.1,0.0,0.0,RUNNER_BE,57.36,34.66,0.0111,9,10,-0.09,75
G_1752817500,SHORT,2025-07-18 05:45:00,2025-07-20 15:45:00,334.77,334.77,0.1,0.0,0.0,RUNNER_BE,80.42,25.36,0.0347,9,10,-0.96,3480
G_1753025400,SHORT,2025-07-20 15:30:00,2025-07-20 17:30:00,330.14,329.385,0.1,0.08,0.23,TP_MAIN_MID,62.98,27.78,0.0146,9,10,-1.56,120
G_1753028100,SHORT,2025-07-20 16:15:00,2025-07-20 17:30:00,333.15,329.385,0.1,0.38,1.13,TP_MAIN_MID,63.6,33.31,0.025,9,10,-0.65,75
G_1753025400,SHORT,2025-07-20 15:30:00,2025-07-21 03:30:00,330.14,330.14,0.1,0.0,0.0,RUNNER_BE,62.98,27.78,0.0146,9,10,-1.56,720
G_1753028100,SHORT,2025-07-20 16:15:00,2025-07-21 06:15:00,333.15,333.15,0.1,0.0,0.0,RUNNER_BE,63.6,33.31,0.025,9,10,-0.65,840
G_1753087500,LONG,2025-07-21 08:45:00,2025-07-21 09:00:00,330.72,331.1475,0.1,0.04,0.13,TP_MAIN_MID,56.03,22.43,0.0126,9,10,-0.43,15
G_1753087500,LONG,2025-07-21 08:45:00,2025-07-21 09:15:00,330.72,330.72,0.1,0.0,0.0,RUNNER_BE,56.03,22.43,0.0126,9,10,-0.69,30
G_1753090200,LONG,2025-07-21 09:30:00,2025-07-21 10:00:00,328.63,331.1445,0.1,0.25,0.77,TP_MAIN_MID,37.77,18.92,0.0153,9,10,-0.14,30
G_1753090200,LONG,2025-07-21 09:30:00,2025-07-21 12:00:00,328.63,328.63,0.1,0.0,0.0,RUNNER_BE,37.77,18.92,0.0153,9,10,-0.14,150
G_1753069500,SHORT,2025-07-21 03:45:00,2025-07-21 13:30:00,330.39,330.32849999999996,0.1,0.01,0.02,TP_MAIN_MID,82.79,22.02,0.0356,9,10,-1.24,585
G_1753102800,LONG,2025-07-21 13:00:00,2025-07-21 13:30:00,327.38,330.32849999999996,0.1,0.29,0.9,TP_MAIN_MID,46.32,14.02,0.015,9,10,-0.01,30
G_1753069500,SHORT,2025-07-21 03:45:00,2025-07-21 13:45:00,330.39,330.39,0.1,0.0,0.0,RUNNER_BE,82.79,22.02,0.0356,9,10,-1.24,600
G_1753106400,SHORT,2025-07-21 14:00:00,2025-07-21 15:30:00,331.61,331.1395,0.1,0.05,0.14,TP_MAIN_MID,50.74,14.47,0.0164,9,10,-0.94,90
G_1753102800,LONG,2025-07-21 13:00:00,2025-07-21 15:45:00,327.38,327.38,0.1,0.0,0.0,RUNNER_BE,46.32,14.02,0.015,9,10,-0.15,165
G_1753113600,LONG,2025-07-21 16:00:00,2025-07-21 20:30:00,322.35,322.842,0.1,0.05,0.15,TP_MAIN_MID,34.63,17.54,0.0303,9,10,-1.36,270
G_1753113600,LONG,2025-07-21 16:00:00,2025-07-21 20:45:00,322.35,322.35,0.1,0.0,0.0,RUNNER_BE,34.63,17.54,0.0303,9,10,-1.36,285
G_1753143300,SHORT,2025-07-22 00:15:00,2025-07-22 00:30:00,324.28,322.03499999999997,0.1,0.22,0.69,TP_MAIN_MID,64.52,20.71,0.0103,9,10,0.0,15
G_1752910200,LONG,2025-07-19 07:30:00,2025-07-22 01:00:00,316.61,316.61,0.1,0.0,0.0,RUNNER_BE,21.75,12.92,0.0185,9,10,-1.48,3930
G_1753146900,LONG,2025-07-22 01:15:00,2025-07-22 01:30:00,318.78,321.61150000000004,0.1,0.28,0.89,TP_MAIN_MID,43.55,22.82,0.0183,9,10,-0.1,15
G_1753143300,SHORT,2025-07-22 00:15:00,2025-07-22 02:00:00,324.28,324.28,0.1,0.0,0.0,RUNNER_BE,64.52,20.71,0.0103,9,10,-0.02,105
G_1753146900,LONG,2025-07-22 01:15:00,2025-07-22 02:45:00,318.78,318.78,0.1,0.0,0.0,RUNNER_BE,43.55,22.82,0.0183,9,9,-0.54,90
G_1752549300,LONG,2025-07-15 03:15:00,2025-07-22 04:45:00,308.07,308.07,0.1,0.0,0.0,RUNNER_BE,36.46,30.24,0.0346,9,10,-0.71,10170
G_1753160400,LONG,2025-07-22 05:00:00,2025-07-22 07:15:00,311.49,313.453,0.1,0.2,0.63,TP_MAIN_MID,32.61,33.91,0.0502,9,10,-1.23,135
G_1753160400,LONG,2025-07-22 05:00:00,2025-07-22 07:45:00,311.49,311.49,0.1,0.0,0.0,RUNNER_BE,32.61,33.91,0.0502,9,10,-1.23,165
G_1753171200,LONG,2025-07-22 08:00:00,2025-07-22 10:30:00,306.18,309.347,0.1,0.32,1.03,TP_MAIN_MID,37.8,37.6,0.0317,9,10,-0.63,150
G_1753171200,LONG,2025-07-22 08:00:00,2025-07-22 13:45:00,306.18,306.18,0.1,0.0,0.0,RUNNER_BE,37.8,37.6,0.0317,9,10,-0.63,345
G_1753192800,LONG,2025-07-22 14:00:00,2025-07-22 14:45:00,305.96,309.4965,0.1,0.35,1.16,TP_MAIN_MID,36.13,21.47,0.0223,9,10,-0.58,45
G_1753192800,LONG,2025-07-22 14:00:00,2025-07-22 16:00:00,305.96,305.96,0.1,0.0,0.0,RUNNER_BE,36.13,21.47,0.0223,9,10,-0.58,120
G_1753203600,LONG,2025-07-22 17:00:00,2025-07-22 18:30:00,304.38,306.158,0.1,0.18,0.58,TP_MAIN_MID,34.5,20.94,0.0261,9,10,-0.39,90
G_1753203600,LONG,2025-07-22 17:00:00,2025-07-22 19:30:00,304.38,304.38,0.1,0.0,0.0,RUNNER_BE,34.5,20.94,0.0261,9,10,-0.39,150
G_1753213500,LONG,2025-07-22 19:45:00,2025-07-22 20:45:00,301.56,305.1095,0.1,0.35,1.18,TP_MAIN_MID,27.27,16.22,0.0193,9,10,-0.35,60
G_1753213500,LONG,2025-07-22 19:45:00,2025-07-23 06:15:00,301.56,301.56,0.1,0.0,0.0,RUNNER_BE,27.27,16.22,0.0193,9,10,-0.35,630
G_1753252200,LONG,2025-07-23 06:30:00,2025-07-23 10:30:00,302.48,302.576,0.1,0.01,0.03,TP_MAIN_MID,24.43,15.6,0.02,9,10,-1.4,240
G_1753252200,LONG,2025-07-23 06:30:00,2025-07-23 10:45:00,302.48,302.48,0.1,0.0,0.0,RUNNER_BE,24.43,15.6,0.02,9,10,-1.4,255
G_1753268400,LONG,2025-07-23 11:00:00,2025-07-27 20:30:00,298.98,298.99850000000004,0.1,0.0,0.01,TP_MAIN_MID,41.41,26.7,0.0166,9,10,-7.62,6330
G_1753268400,LONG,2025-07-23 11:00:00,2025-07-27 20:45:00,298.98,298.98,0.1,0.0,0.0,RUNNER_BE,41.41,26.7,0.0166,9,10,-7.62,6345
G_1753653600,SHORT,2025-07-27 22:00:00,2025-07-27 23:00:00,302.51,299.9925,0.1,0.25,0.83,TP_MAIN_MID,57.0,17.76,0.014,9,10,-0.23,60
G_1753653600,SHORT,2025-07-27 22:00:00,2025-07-27 23:15:00,302.51,302.51,0.1,0.0,0.0,RUNNER_BE,57.0,17.76,0.014,9,10,-0.23,75
G_1753659000,SHORT,2025-07-27 23:30:00,2025-07-28 01:30:00,304.07,302.3075,0.1,0.18,0.58,TP_MAIN_MID,66.41,21.11,0.0234,9,10,-0.93,120
G_1753659000,SHORT,2025-07-27 23:30:00,2025-07-28 02:00:00,304.07,304.07,0.1,0.0,0.0,RUNNER_BE,66.41,21.11,0.0234,9,10,-0.93,150
G_1753669800,SHORT,2025-07-28 02:30:00,2025-07-28 03:15:00,305.86,303.80699999999996,0.1,0.21,0.67,TP_MAIN_MID,70.46,21.34,0.0186,9,10,-0.19,45
G_1753669800,SHORT,2025-07-28 02:30:00,2025-07-28 05:00:00,305.86,305.86,0.1,0.0,0.0,RUNNER_BE,70.46,21.34,0.0186,9,10,-0.19,150
G_1753679700,SHORT,2025-07-28 05:15:00,2025-07-28 07:00:00,308.35,305.62399999999997,0.1,0.27,0.88,TP_MAIN_MID,73.15,24.74,0.0167,9,10,-0.21,105
G_1753679700,SHORT,2025-07-28 05:15:00,2025-08-09 19:00:00,308.35,308.35,0.1,0.0,0.0,RUNNER_BE,73.15,24.74,0.0167,9,10,-0.21,18105
G_1754766900,SHORT,2025-08-09 19:15:00,2025-08-09 21:30:00,307.78,306.834,0.1,0.09,0.31,TP_MAIN_MID,70.84,25.48,0.0227,9,10,-0.58,135
G_1754766900,SHORT,2025-08-09 19:15:00,2025-08-09 21:45:00,307.78,307.78,0.1,0.0,0.0,RUNNER_BE,70.84,25.48,0.0227,9,10,-0.58,150
G_1754777700,SHORT,2025-08-09 22:15:00,2025-08-09 22:30:00,310.79,307.693,0.1,0.31,1.0,TP_MAIN_MID,64.0,23.98,0.0168,9,10,-0.0,15
G_1754777700,SHORT,2025-08-09 22:15:00,2025-08-10 01:00:00,310.79,310.79,0.1,0.0,0.0,RUNNER_BE,64.0,23.98,0.0168,9,10,-0.21,165
G_1754792100,LONG,2025-08-10 02:15:00,2025-08-10 04:30:00,305.68,306.516,0.1,0.08,0.27,TP_MAIN_MID,48.66,21.83,0.0148,9,10,-0.62,135
G_1754792100,LONG,2025-08-10 02:15:00,2025-08-10 05:15:00,305.68,305.68,0.1,0.0,0.0,RUNNER_BE,48.66,21.83,0.0148,9,10,-0.62,180
G_1754806500,LONG,2025-08-10 06:15:00,2025-08-10 06:30:00,304.56,305.7405,0.1,0.12,0.39,TP_MAIN_MID,48.92,13.33,0.0139,9,10,-0.07,15
G_1754806500,LONG,2025-08-10 06:15:00,2025-08-10 07:30:00,304.56,304.56,0.1,0.0,0.0,RUNNER_BE,48.92,13.33,0.0139,9,10,-1.28,75
G_1754811900,LONG,2025-08-10 07:45:00,2025-08-10 09:15:00,300.22,304.527,0.1,0.43,1.43,TP_MAIN_MID,30.43,15.17,0.0222,9,10,-0.73,90
G_1754811900,LONG,2025-08-10 07:45:00,2025-08-10 13:45:00,300.22,300.22,0.1,0.0,0.0,RUNNER_BE,30.43,15.17,0.0222,9,10,-0.73,360
G_1754834400,LONG,2025-08-10 14:00:00,2025-08-10 14:15:00,302.77,303.165,0.1,0.04,0.13,TP_MAIN_MID,44.82,16.02,0.0166,9,10,-0.1,15
G_1754834400,LONG,2025-08-10 14:00:00,2025-08-10 21:00:00,302.77,302.77,0.1,0.0,0.0,RUNNER_BE,44.82,16.02,0.0166,9,10,-0.1,420
G_1754861400,LONG,2025-08-10 21:30:00,2025-08-10 21:45:00,303.69,304.903,0.1,0.12,0.4,TP_MAIN_MID,43.16,14.16,0.0104,9,10,0.0,15
G_1754861400,LONG,2025-08-10 21:30:00,2025-08-11 10:15:00,303.69,303.69,0.1,0.0,0.0,RUNNER_BE,43.16,14.16,0.0104,9,10,-0.06,765
G_1754908200,LONG,2025-08-11 10:30:00,2025-08-12 16:15:00,303.97,304.9005,0.1,0.09,0.31,TP_MAIN_MID,29.21,21.96,0.0151,9,10,-4.24,1785
G_1753155000,LONG,2025-07-22 03:30:00,2025-08-12 20:15:00,314.61,314.896,0.1,0.03,0.09,TP_MAIN_MID,36.85,23.98,0.0293,9,10,-22.13,31245
G_1753152300,LONG,2025-07-22 02:45:00,2025-08-13 00:00:00,318.16,318.288,0.1,0.01,0.04,TP_MAIN_MID,42.8,20.62,0.021,9,10,-22.99,31515
G_1753152300,LONG,2025-07-22 02:45:00,2025-08-13 01:00:00,318.16,318.16,0.1,0.0,0.0,RUNNER_BE,42.8,20.62,0.021,9,10,-22.99,31575
G_1755055800,SHORT,2025-08-13 03:30:00,2025-08-13 05:30:00,324.67,321.17150000000004,0.1,0.35,1.08,TP_MAIN_MID,53.02,24.84,0.0223,9,10,-0.93,120
G_1755055800,SHORT,2025-08-13 03:30:00,2025-08-13 09:45:00,324.67,324.67,0.1,0.0,0.0,RUNNER_BE,53.02,24.84,0.0223,9,10,-1.57,375
G_1753106400,SHORT,2025-07-21 14:00:00,2025-08-13 13:00:00,331.61,331.61,0.1,0.0,0.0,RUNNER_BE,50.74,14.47,0.0164,9,10,-0.94,33060
G_1755090900,SHORT,2025-08-13 13:15:00,2025-08-13 13:30:00,333.15,327.29049999999995,0.1,0.59,1.76,TP_MAIN_MID,74.13,38.24,0.0387,9,10,-0.22,15
G_1755090900,SHORT,2025-08-13 13:15:00,2025-08-13 23:15:00,333.15,333.15,0.1,0.0,0.0,RUNNER_BE,74.13,38.24,0.0387,9,10,-0.37,600
G_1755127800,SHORT,2025-08-13 23:30:00,2025-08-14 00:30:00,334.86,329.1915,0.1,0.57,1.69,TP_MAIN_MID,92.43,24.95,0.0297,9,10,0.0,60
G_1755127800,SHORT,2025-08-13 23:30:00,2025-08-14 03:15:00,334.86,334.86,0.1,0.0,0.0,RUNNER_BE,92.43,24.95,0.0297,9,10,-0.12,225
G_1738368000,LONG,2025-02-01 00:00:00,2025-08-14 03:30:00,331.76,332.0855,0.1,0.03,0.1,TP_MAIN_MID,43.54,16.45,0.0247,9,9,-65.62,279570
G_1755142200,SHORT,2025-08-14 03:30:00,2025-08-14 06:00:00,336.64,334.75699999999995,0.1,0.19,0.56,TP_MAIN_MID,65.24,23.32,0.0214,9,10,-1.14,150
G_1738368000,LONG,2025-02-01 00:00:00,2025-08-14 07:00:00,331.76,331.76,0.1,0.0,0.0,RUNNER_BE,43.54,16.45,0.0247,9,10,-65.62,279780
G_1753155000,LONG,2025-07-22 03:30:00,2025-08-14 12:30:00,314.61,314.61,0.1,0.0,0.0,RUNNER_BE,36.85,23.98,0.0293,9,10,-22.13,33660
G_1755079200,SHORT,2025-08-13 10:00:00,2025-08-14 12:45:00,325.12,324.7255,0.1,0.04,0.12,TP_MAIN_MID,67.27,21.47,0.0164,9,9,-4.73,1605
G_1755175500,LONG,2025-08-14 12:45:00,2025-08-14 14:30:00,311.1,320.813,0.1,0.97,3.12,TP_MAIN_MID,11.94,32.95,0.0485,9,10,-1.73,105
G_1755175500,LONG,2025-08-14 12:45:00,2025-08-14 16:15:00,311.1,311.1,0.1,0.0,0.0,RUNNER_BE,11.94,32.95,0.0485,9,10,-1.73,210
G_1755191700,LONG,2025-08-14 17:15:00,2025-08-14 19:15:00,312.25,312.46450000000004,0.1,0.02,0.07,TP_MAIN_MID,40.43,39.07,0.0361,9,10,-1.71,120
G_1755191700,LONG,2025-08-14 17:15:00,2025-08-14 19:30:00,312.25,312.25,0.1,0.0,0.0,RUNNER_BE,40.43,39.07,0.0361,9,10,-1.71,135
G_1754908200,LONG,2025-08-11 10:30:00,2025-08-14 21:30:00,303.97,303.97,0.1,0.0,0.0,RUNNER_BE,29.21,21.96,0.0151,9,10,-4.24,4980
G_1755203400,LONG,2025-08-14 20:30:00,2025-08-14 22:30:00,308.79,309.4835,0.1,0.07,0.22,TP_MAIN_MID,48.97,37.28,0.018,9,10,-1.65,120
G_1755207900,LONG,2025-08-14 21:45:00,2025-08-14 22:30:00,306.2,309.4835,0.1,0.33,1.07,TP_MAIN_MID,35.15,41.03,0.0247,9,10,-0.5,45
G_1755203400,LONG,2025-08-14 20:30:00,2025-08-15 12:15:00,308.79,308.79,0.1,0.0,0.0,RUNNER_BE,48.97,37.28,0.018,9,10,-1.65,945
G_1755261000,LONG,2025-08-15 12:30:00,2025-08-15 12:45:00,310.4,311.3085,0.1,0.09,0.29,TP_MAIN_MID,42.82,18.35,0.0126,9,11,-0.23,15
G_1755261000,LONG,2025-08-15 12:30:00,2025-08-15 13:00:00,310.4,310.4,0.1,0.0,0.0,RUNNER_BE,42.82,18.35,0.0126,9,11,-0.34,30
G_1755207900,LONG,2025-08-14 21:45:00,2025-08-15 14:00:00,306.2,306.2,0.1,0.0,0.0,RUNNER_BE,35.15,41.03,0.0247,9,10,-0.5,975
G_1755261000,SHORT,2025-08-15 12:30:00,2025-08-15 14:15:00,310.4,310.0945,0.2,0.06,0.1,TP_MAIN_MID,42.82,18.35,0.0126,9,9,-0.48,105
G_1755267300,LONG,2025-08-15 14:15:00,2025-08-17 11:30:00,304.48,304.692,0.1,0.02,0.07,TP_MAIN_MID,29.58,22.02,0.0247,9,10,-4.68,2715
G_1755267300,LONG,2025-08-15 14:15:00,2025-08-17 13:00:00,304.48,304.48,0.1,0.0,0.0,RUNNER_BE,29.58,22.02,0.0247,9,10,-4.68,2805
G_1755436500,LONG,2025-08-17 13:15:00,2025-08-17 14:30:00,303.89,306.31399999999996,0.1,0.24,0.8,TP_MAIN_MID,42.38,32.96,0.0191,9,10,-0.15,75
G_1755261000,SHORT,2025-08-15 12:30:00,2025-08-17 15:45:00,310.4,310.4,0.09999999999999998,0.0,0.0,RUNNER_BE,42.82,18.35,0.0126,9,10,-0.48,3075
G_1755446400,SHORT,2025-08-17 16:00:00,2025-08-17 16:30:00,309.14,306.88,0.1,0.23,0.73,TP_MAIN_MID,63.07,27.47,0.024,9,10,-0.11,30
G_1755436500,LONG,2025-08-17 13:15:00,2025-08-17 18:30:00,303.89,303.89,0.1,0.0,0.0,RUNNER_BE,42.38,32.96,0.0191,9,10,-0.15,315
G_1755456300,LONG,2025-08-17 18:45:00,2025-08-17 22:00:00,302.37,302.948,0.1,0.06,0.19,TP_MAIN_MID,25.86,20.62,0.0238,9,10,-0.58,195
G_1755456300,LONG,2025-08-17 18:45:00,2025-08-17 22:15:00,302.37,302.37,0.1,0.0,0.0,RUNNER_BE,25.86,20.62,0.0238,9,10,-0.58,210
G_1755469800,SHORT,2025-08-17 22:30:00,2025-08-17 23:45:00,305.62,302.739,0.1,0.29,0.94,TP_MAIN_MID,62.02,32.24,0.0176,9,10,-0.07,75
G_1755469800,SHORT,2025-08-17 22:30:00,2025-08-22 02:15:00,305.62,305.62,0.1,0.0,0.0,RUNNER_BE,62.02,32.24,0.0176,9,10,-1.11,5985
G_1755829800,SHORT,2025-08-22 02:30:00,2025-08-22 03:30:00,306.27,302.102,0.1,0.42,1.36,TP_MAIN_MID,62.62,16.22,0.0275,9,10,-0.01,60
G_1755829800,SHORT,2025-08-22 02:30:00,2025-08-22 08:00:00,306.27,306.27,0.1,0.0,0.0,RUNNER_BE,62.62,16.22,0.0275,9,10,-0.48,330
G_1755850500,SHORT,2025-08-22 08:15:00,2025-08-22 09:15:00,307.45,303.5585,0.1,0.39,1.27,TP_MAIN_MID,67.03,17.42,0.0235,9,10,-0.0,60
G_1755446400,SHORT,2025-08-17 16:00:00,2025-08-22 14:00:00,309.14,309.14,0.1,0.0,0.0,RUNNER_BE,63.07,27.47,0.024,9,10,-3.74,7080
G_1755850500,SHORT,2025-08-22 08:15:00,2025-08-22 14:00:00,307.45,307.45,0.1,0.0,0.0,RUNNER_BE,67.03,17.42,0.0235,9,10,-4.31,345
G_1755079200,SHORT,2025-08-13 10:00:00,2025-08-22 16:00:00,325.12,325.12,0.1,0.0,0.0,RUNNER_BE,67.27,21.47,0.0164,9,10,-4.73,13320
G_1755142200,SHORT,2025-08-14 03:30:00,2025-08-22 18:30:00,336.64,336.64,0.1,0.0,0.0,RUNNER_BE,65.24,23.32,0.0214,9,9,-1.14,12420
G_1755155700,LONG,2025-08-14 07:15:00,2025-08-22 20:15:00,329.56,330.10699999999997,0.1,0.05,0.17,TP_MAIN_MID,26.07,23.32,0.028,9,10,-16.32,12300
G_1738339200,SHORT,2025-01-31 16:00:00,2025-08-22 21:00:00,343.99,343.99,0.1,0.0,0.0,RUNNER_BE,78.69,39.68,0.0532,9,10,-0.79,292620
G_1738341900,SHORT,2025-01-31 16:45:00,2025-08-22 21:00:00,346.36,346.36,0.1,0.0,0.0,RUNNER_BE,80.33,46.94,0.075,9,10,-0.1,292575
G_1737751500,LONG,2025-01-24 20:45:00,2025-08-22 23:30:00,340.63,341.00300000000004,0.1,0.04,0.11,TP_MAIN_MID,27.66,20.34,0.0338,9,8,-66.52,302565
G_1737749700,LONG,2025-01-24 20:15:00,2025-08-23 01:30:00,344.84,345.4335,0.1,0.06,0.17,TP_MAIN_MID,35.6,18.11,0.0234,9,9,-66.93,302715
G_1755909900,SHORT,2025-08-23 00:45:00,2025-08-23 03:00:00,350.84,347.8725,0.1,0.3,0.85,TP_MAIN_MID,71.99,68.65,0.0388,8,10,-1.2,135
G_1755913500,SHORT,2025-08-23 01:45:00,2025-08-23 03:00:00,352.5,347.8725,0.1,0.46,1.31,TP_MAIN_MID,72.37,67.0,0.0314,9,10,-0.72,75
G_1755909900,SHORT,2025-08-23 00:45:00,2025-08-23 04:30:00,350.84,350.84,0.1,0.0,0.0,RUNNER_BE,71.99,68.65,0.0388,8,10,-1.2,225
G_1755913500,SHORT,2025-08-23 01:45:00,2025-08-23 05:45:00,352.5,352.5,0.1,0.0,0.0,RUNNER_BE,72.37,67.0,0.0314,9,9,-0.72,240
G_1755928800,SHORT,2025-08-23 06:00:00,2025-08-23 06:45:00,352.83,350.45550000000003,0.1,0.24,0.67,TP_MAIN_MID,58.15,45.16,0.0225,8,9,-0.24,45
G_1737749700,LONG,2025-01-24 20:15:00,2025-08-23 07:30:00,344.84,344.84,0.1,0.0,0.0,RUNNER_BE,35.6,18.11,0.0234,9,9,-66.93,303075
G_1737751500,LONG,2025-01-24 20:45:00,2025-08-23 08:15:00,340.63,340.63,0.1,0.0,0.0,RUNNER_BE,27.66,20.34,0.0338,9,10,-66.52,303090
G_1755934200,LONG,2025-08-23 07:30:00,2025-08-23 09:30:00,344.27,347.796,0.1,0.35,1.02,TP_MAIN_MID,36.58,36.67,0.0263,9,9,-1.27,120
G_1755935100,LONG,2025-08-23 07:45:00,2025-08-23 09:30:00,343.05,347.796,0.1,0.47,1.38,TP_MAIN_MID,35.25,35.64,0.0301,9,9,-0.92,105
G_1755928800,SHORT,2025-08-23 06:00:00,2025-08-23 11:00:00,352.83,352.83,0.1,0.0,0.0,RUNNER_BE,58.15,45.16,0.0225,8,9,-0.9,300
G_1737542700,SHORT,2025-01-22 10:45:00,2025-08-23 13:15:00,364.31,364.31,0.1,0.0,0.0,RUNNER_BE,70.57,18.74,0.0272,9,10,-0.32,306870
G_1755955800,SHORT,2025-08-23 13:30:00,2025-08-23 15:00:00,361.98,359.2785,0.1,0.27,0.75,TP_MAIN_MID,77.28,35.51,0.06,9,10,-6.63,90
G_1755955800,SHORT,2025-08-23 13:30:00,2025-08-23 15:30:00,361.98,361.98,0.1,0.0,0.0,RUNNER_BE,77.28,35.51,0.06,9,10,-6.63,120
G_1755946800,SHORT,2025-08-23 11:00:00,2025-08-23 19:45:00,355.89,355.70950000000005,0.1,0.02,0.05,TP_MAIN_MID,76.19,25.62,0.0418,9,9,-8.46,525
G_1755946800,SHORT,2025-08-23 11:00:00,2025-08-23 20:15:00,355.89,355.89,0.1,0.0,0.0,RUNNER_BE,76.19,25.62,0.0418,9,9,-8.46,555
G_1755987300,SHORT,2025-08-23 22:15:00,2025-08-24 00:15:00,357.12,356.32849999999996,0.1,0.08,0.22,TP_MAIN_MID,64.92,12.36,0.0157,8,10,-0.76,120
G_1755990000,SHORT,2025-08-23 23:00:00,2025-08-24 00:15:00,358.17,356.32849999999996,0.1,0.18,0.51,TP_MAIN_MID,66.98,12.32,0.0183,9,10,-0.46,75
G_1755987300,SHORT,2025-08-23 22:15:00,2025-08-24 00:30:00,357.12,357.12,0.1,0.0,0.0,RUNNER_BE,64.92,12.36,0.0157,8,10,-0.76,135
G_1755948600,SHORT,2025-08-23 11:30:00,2025-08-24 04:30:00,353.52,353.333,0.1,0.02,0.05,TP_MAIN_MID,73.93,27.55,0.0451,9,10,-9.18,1020
G_1755948600,SHORT,2025-08-23 11:30:00,2025-08-24 08:00:00,353.52,353.52,0.1,0.0,0.0,RUNNER_BE,73.93,27.55,0.0451,9,10,-9.18,1230
G_1756023300,SHORT,2025-08-24 08:15:00,2025-08-24 08:30:00,351.71,350.62350000000004,0.1,0.11,0.31,TP_MAIN_MID,52.59,24.38,0.0156,9,10,-0.03,15
G_1756023300,SHORT,2025-08-24 08:15:00,2025-08-24 14:15:00,351.71,351.71,0.1,0.0,0.0,RUNNER_BE,52.59,24.38,0.0156,9,10,-0.51,360
G_1756045800,SHORT,2025-08-24 14:30:00,2025-08-24 16:45:00,351.99,350.1685,0.1,0.18,0.52,TP_MAIN_MID,76.83,18.93,0.0194,9,10,-1.04,135
G_1756045800,SHORT,2025-08-24 14:30:00,2025-08-24 17:00:00,351.99,351.99,0.1,0.0,0.0,RUNNER_BE,76.83,18.93,0.0194,9,10,-1.04,150
G_1755990000,SHORT,2025-08-23 23:00:00,2025-08-24 19:00:00,358.17,358.17,0.1,0.0,0.0,RUNNER_BE,66.98,12.32,0.0183,9,10,-0.46,1200
G_1756059300,SHORT,2025-08-24 18:15:00,2025-08-24 19:30:00,356.52,353.9175,0.1,0.26,0.73,TP_MAIN_MID,59.68,28.61,0.0233,9,10,-1.12,75
G_1756062900,SHORT,2025-08-24 19:15:00,2025-08-24 19:30:00,358.75,353.9175,0.1,0.48,1.35,TP_MAIN_MID,72.22,35.15,0.027,9,10,-0.03,15
G_1755934200,LONG,2025-08-23 07:30:00,2025-08-24 22:30:00,344.27,344.27,0.1,0.0,0.0,RUNNER_BE,36.58,36.67,0.0263,9,10,-1.27,2340
G_1755935100,LONG,2025-08-23 07:45:00,2025-08-25 00:30:00,343.05,343.05,0.1,0.0,0.0,RUNNER_BE,35.25,35.64,0.0301,9,9,-0.92,2445
G_1756081800,LONG,2025-08-25 00:30:00,2025-08-25 01:15:00,344.09,348.1445,0.1,0.41,1.18,TP_MAIN_MID,38.27,30.51,0.0226,9,9,-0.21,45
G_1756081800,LONG,2025-08-25 00:30:00,2025-08-25 04:00:00,344.09,344.09,0.1,0.0,0.0,RUNNER_BE,38.27,30.51,0.0226,9,9,-0.43,210
G_1755155700,LONG,2025-08-14 07:15:00,2025-08-25 07:45:00,329.56,329.56,0.1,0.0,0.0,RUNNER_BE,26.07,23.32,0.028,9,10,-16.32,15870
G_1755889200,SHORT,2025-08-22 19:00:00,2025-08-25 08:15:00,338.73,338.4705,0.1,0.03,0.08,TP_MAIN_MID,75.27,58.23,0.066,9,10,-13.95,3675
G_1755887400,SHORT,2025-08-22 18:30:00,2025-08-25 09:00:00,336.39,336.1435,0.1,0.02,0.07,TP_MAIN_MID,73.3,54.88,0.0752,9,10,-14.74,3750
G_1755873000,SHORT,2025-08-22 14:30:00,2025-08-25 21:00:00,321.31,320.67400000000004,0.1,0.06,0.2,TP_MAIN_MID,79.76,28.76,0.091,9,10,-20.13,4710
G_1755872100,SHORT,2025-08-22 14:15:00,2025-08-25 22:30:00,317.15,317.0475,0.1,0.01,0.03,TP_MAIN_MID,73.57,26.14,0.0747,8,10,-21.71,4815
G_1755872100,SHORT,2025-08-22 14:15:00,2025-08-25 23:30:00,317.15,317.15,0.1,0.0,0.0,RUNNER_BE,73.57,26.14,0.0747,8,10,-21.71,4875
G_1755873000,SHORT,2025-08-22 14:30:00,2025-08-26 02:00:00,321.31,321.31,0.1,0.0,0.0,RUNNER_BE,79.76,28.76,0.091,9,9,-20.13,5010
G_1756108800,LONG,2025-08-25 08:00:00,2025-08-26 08:15:00,329.58,329.6905,0.1,0.01,0.03,TP_MAIN_MID,13.32,42.39,0.057,9,10,-5.84,1455
G_1756108800,LONG,2025-08-25 08:00:00,2025-08-26 08:30:00,329.58,329.58,0.1,0.0,0.0,RUNNER_BE,13.32,42.39,0.057,9,10,-5.84,1470
G_1756197900,LONG,2025-08-26 08:45:00,2025-08-26 09:15:00,327.73,329.8195,0.1,0.21,0.64,TP_MAIN_MID,41.74,35.57,0.0166,9,10,-0.14,30
G_1755887400,SHORT,2025-08-22 18:30:00,2025-08-26 12:30:00,336.39,336.39,0.1,0.0,0.0,RUNNER_BE,73.3,54.88,0.0752,9,10,-14.74,5400
G_1755889200,SHORT,2025-08-22 19:00:00,2025-08-26 12:45:00,338.73,338.73,0.1,0.0,0.0,RUNNER_BE,75.27,58.23,0.066,9,9,-13.95,5385
G_1756212300,SHORT,2025-08-26 12:45:00,2025-08-26 13:30:00,334.23,331.0795,0.1,0.32,0.94,TP_MAIN_MID,59.05,36.47,0.0257,9,10,-0.46,45
G_1756213200,SHORT,2025-08-26 13:00:00,2025-08-26 13:30:00,332.54,331.0795,0.1,0.15,0.44,TP_MAIN_MID,57.9,37.58,0.026,9,10,-0.93,30
G_1756213200,SHORT,2025-08-26 13:00:00,2025-08-26 13:45:00,332.54,332.54,0.1,0.0,0.0,RUNNER_BE,57.9,37.58,0.026,9,10,-0.93,45
G_1756212300,SHORT,2025-08-26 12:45:00,2025-08-26 14:00:00,334.23,334.23,0.1,0.0,0.0,RUNNER_BE,59.05,36.47,0.0257,9,9,-0.46,75
G_1756197900,LONG,2025-08-26 08:45:00,2025-08-26 15:30:00,327.73,327.73,0.1,0.0,0.0,RUNNER_BE,41.74,35.57,0.0166,9,9,-0.19,405
G_1756220400,SHORT,2025-08-26 15:00:00,2025-08-26 15:30:00,331.72,331.549,0.2,0.03,0.05,TP_MAIN_MID,53.38,37.92,0.0192,8,9,-0.32,30
G_1756222200,LONG,2025-08-26 15:30:00,2025-08-26 16:30:00,327.28,330.944,0.1,0.37,1.12,TP_MAIN_MID,47.64,35.25,0.0221,9,9,-0.06,60
G_1756220400,SHORT,2025-08-26 15:00:00,2025-08-26 16:45:00,331.72,331.72,0.09999999999999998,0.0,0.0,RUNNER_BE,53.38,37.92,0.0192,8,9,-0.32,105
G_1756237500,SHORT,2025-08-26 19:45:00,2025-08-27 02:15:00,333.99,333.8965,0.1,0.01,0.03,TP_MAIN_MID,64.58,25.69,0.02,9,10,-1.31,390
G_1756237500,SHORT,2025-08-26 19:45:00,2025-08-27 03:45:00,333.99,333.99,0.1,0.0,0.0,RUNNER_BE,64.58,25.69,0.02,9,10,-1.31,480
G_1756235700,SHORT,2025-08-26 19:15:00,2025-08-27 04:15:00,332.45,332.361,0.1,0.01,0.03,TP_MAIN_MID,65.96,23.85,0.0193,8,9,-1.78,540
G_1756235700,SHORT,2025-08-26 19:15:00,2025-08-27 04:45:00,332.45,332.45,0.1,0.0,0.0,RUNNER_BE,65.96,23.85,0.0193,8,9,-1.78,570
G_1756271700,SHORT,2025-08-27 05:15:00,2025-08-27 05:30:00,333.07,331.74750000000006,0.1,0.13,0.4,TP_MAIN_MID,54.05,16.8,0.0129,8,9,-0.15,15
G_1756222200,LONG,2025-08-26 15:30:00,2025-08-27 08:45:00,327.28,327.28,0.1,0.0,0.0,RUNNER_BE,47.64,35.25,0.0221,9,10,-0.06,1035
G_1756277100,LONG,2025-08-27 06:45:00,2025-08-27 09:15:00,329.39,330.513,0.1,0.11,0.34,TP_MAIN_MID,46.63,13.61,0.0118,9,9,-0.69,150
G_1756277100,LONG,2025-08-27 06:45:00,2025-08-27 09:30:00,329.39,329.39,0.1,0.0,0.0,RUNNER_BE,46.63,13.61,0.0118,9,9,-0.69,165
G_1756290600,LONG,2025-08-27 10:30:00,2025-08-27 11:00:00,328.41,329.39549999999997,0.1,0.1,0.3,TP_MAIN_MID,45.36,9.99,0.013,8,9,-0.09,30
G_1756290600,LONG,2025-08-27 10:30:00,2025-08-27 12:15:00,328.41,328.41,0.1,0.0,0.0,RUNNER_BE,45.36,9.99,0.013,8,10,-0.13,105
G_1756294200,SHORT,2025-08-27 11:30:00,2025-08-27 12:15:00,329.99,329.3545,0.1,0.06,0.19,TP_MAIN_MID,53.03,8.87,0.0077,9,10,-0.58,45
G_1756297800,LONG,2025-08-27 12:30:00,2025-08-27 13:30:00,326.77,328.733,0.1,0.2,0.6,TP_MAIN_MID,42.55,10.23,0.0129,9,10,-0.94,60
G_1756297800,LONG,2025-08-27 12:30:00,2025-08-27 13:45:00,326.77,326.77,0.1,0.0,0.0,RUNNER_BE,42.55,10.23,0.0129,9,10,-0.94,75
G_1756303200,LONG,2025-08-27 14:00:00,2025-08-27 14:30:00,325.37,327.9275,0.1,0.26,0.79,TP_MAIN_MID,40.81,13.52,0.0213,9,10,-0.22,30
G_1756303200,LONG,2025-08-27 14:00:00,2025-08-27 14:45:00,325.37,325.37,0.1,0.0,0.0,RUNNER_BE,40.81,13.52,0.0213,9,10,-0.4,45
G_1756176300,SHORT,2025-08-26 02:45:00,2025-08-27 16:15:00,326.82,326.6025,0.1,0.02,0.07,TP_MAIN_MID,73.69,32.78,0.0469,9,9,-3.75,2250
G_1756312200,LONG,2025-08-27 16:30:00,2025-08-27 16:45:00,324.18,325.996,0.1,0.18,0.56,TP_MAIN_MID,46.76,11.56,0.0233,9,10,-0.08,15
G_1756312200,LONG,2025-08-27 16:30:00,2025-08-27 17:00:00,324.18,324.18,0.1,0.0,0.0,RUNNER_BE,46.76,11.56,0.0233,9,10,-0.08,30
G_1756176300,SHORT,2025-08-26 02:45:00,2025-08-27 17:15:00,326.82,326.82,0.1,0.0,0.0,RUNNER_BE,73.69,32.78,0.0469,9,9,-3.75,2310
G_1756315800,SHORT,2025-08-27 17:30:00,2025-08-27 18:30:00,327.64,325.7455,0.1,0.19,0.58,TP_MAIN_MID,58.53,10.26,0.0132,8,9,-0.24,60
G_1756321200,LONG,2025-08-27 19:00:00,2025-08-27 19:30:00,322.94,325.496,0.1,0.26,0.79,TP_MAIN_MID,39.5,10.24,0.0144,9,10,-0.09,30
G_1756321200,LONG,2025-08-27 19:00:00,2025-08-27 20:00:00,322.94,322.94,0.1,0.0,0.0,RUNNER_BE,39.5,10.24,0.0144,9,10,-0.72,60
G_1756325700,LONG,2025-08-27 20:15:00,2025-08-27 20:30:00,324.98,325.30100000000004,0.1,0.03,0.1,TP_MAIN_MID,50.28,14.61,0.0156,9,10,-0.52,15
G_1756325700,LONG,2025-08-27 20:15:00,2025-08-27 20:45:00,324.98,324.98,0.1,0.0,0.0,RUNNER_BE,50.28,14.61,0.0156,9,10,-0.81,30
G_1756173600,SHORT,2025-08-26 02:00:00,2025-08-27 23:00:00,324.19,324.033,0.1,0.02,0.05,TP_MAIN_MID,65.84,30.47,0.038,9,10,-4.6,2700
G_1756173600,SHORT,2025-08-26 02:00:00,2025-08-28 03:00:00,324.19,324.19,0.1,0.0,0.0,RUNNER_BE,65.84,30.47,0.038,9,10,-4.6,2940
G_1756315800,SHORT,2025-08-27 17:30:00,2025-08-28 04:15:00,327.64,327.64,0.1,0.0,0.0,RUNNER_BE,58.53,10.26,0.0132,8,10,-0.24,645
G_1756331100,LONG,2025-08-27 21:45:00,2025-08-28 04:30:00,322.9,323.029,0.1,0.01,0.04,TP_MAIN_MID,36.44,19.47,0.0156,9,9,-1.27,405
G_1756356300,SHORT,2025-08-28 04:45:00,2025-08-28 07:00:00,326.72,325.5575,0.1,0.12,0.36,TP_MAIN_MID,67.67,20.69,0.0249,9,10,-0.34,135
G_1756356300,SHORT,2025-08-28 04:45:00,2025-08-28 08:00:00,326.72,326.72,0.1,0.0,0.0,RUNNER_BE,67.67,20.69,0.0249,9,10,-0.67,195
G_1756331100,LONG,2025-08-27 21:45:00,2025-08-28 09:00:00,322.9,322.9,0.1,0.0,0.0,RUNNER_BE,36.44,19.47,0.0156,9,10,-1.27,675
G_1756350900,SHORT,2025-08-28 03:15:00,2025-08-28 09:45:00,325.09,324.7875,0.1,0.03,0.09,TP_MAIN_MID,66.11,17.38,0.0134,9,10,-1.17,390
G_1756372500,LONG,2025-08-28 09:15:00,2025-08-31 03:45:00,321.02,321.085,0.1,0.01,0.02,TP_MAIN_MID,25.24,17.45,0.019,9,10,-5.3,3990
G_1756350900,SHORT,2025-08-28 03:15:00,2025-08-31 04:45:00,325.09,325.09,0.1,0.0,0.0,RUNNER_BE,66.11,17.38,0.0134,9,10,-1.17,4410
G_1756372500,LONG,2025-08-28 09:15:00,2025-08-31 06:15:00,321.02,321.02,0.1,0.0,0.0,RUNNER_BE,25.24,17.45,0.019,9,9,-5.3,4140
G_1756620900,LONG,2025-08-31 06:15:00,2025-08-31 08:00:00,321.0,321.85350000000005,0.1,0.09,0.27,TP_MAIN_MID,34.54,39.07,0.0103,9,10,-0.61,105
G_1756622700,LONG,2025-08-31 06:45:00,2025-08-31 08:00:00,319.5,321.85350000000005,0.1,0.24,0.74,TP_MAIN_MID,28.93,35.23,0.0129,9,10,-0.05,75
G_1756620900,LONG,2025-08-31 06:15:00,2025-08-31 09:45:00,321.0,321.0,0.1,0.0,0.0,RUNNER_BE,34.54,39.07,0.0103,9,10,-0.61,210
G_1756635300,LONG,2025-08-31 10:15:00,2025-08-31 10:45:00,320.61,321.1145,0.1,0.05,0.16,TP_MAIN_MID,56.36,22.01,0.0098,9,10,-0.18,30
G_1756635300,LONG,2025-08-31 10:15:00,2025-08-31 11:00:00,320.61,320.61,0.1,0.0,0.0,RUNNER_BE,56.36,22.01,0.0098,9,10,-0.18,45
G_1756638900,SHORT,2025-08-31 11:15:00,2025-08-31 13:30:00,323.37,322.2205,0.1,0.11,0.36,TP_MAIN_MID,62.94,18.88,0.0108,9,10,-0.47,135
G_1756622700,LONG,2025-08-31 06:45:00,2025-08-31 14:00:00,319.5,319.5,0.1,0.0,0.0,RUNNER_BE,28.93,35.23,0.0129,9,10,-0.36,435
G_1756649700,LONG,2025-08-31 14:15:00,2025-08-31 17:30:00,319.25,319.9585,0.1,0.07,0.22,TP_MAIN_MID,44.17,21.23,0.0185,9,10,-0.56,195
G_1756649700,LONG,2025-08-31 14:15:00,2025-08-31 22:30:00,319.25,319.25,0.1,0.0,0.0,RUNNER_BE,44.17,21.23,0.0185,9,10,-0.56,495
G_1756680300,LONG,2025-08-31 22:45:00,2025-09-03 12:00:00,318.59,318.8105,0.1,0.02,0.07,TP_MAIN_MID,35.81,16.42,0.0144,9,10,-6.11,3675
G_1756638900,SHORT,2025-08-31 11:15:00,2025-09-03 13:00:00,323.37,323.37,0.1,0.0,0.0,RUNNER_BE,62.94,18.88,0.0108,9,10,-0.47,4425
G_1756370700,LONG,2025-08-28 08:45:00,2025-09-03 15:45:00,323.83,324.081,0.1,0.03,0.08,TP_MAIN_MID,41.39,18.05,0.0116,9,10,-7.63,9060
G_1756294200,SHORT,2025-08-27 11:30:00,2025-09-04 00:15:00,329.99,329.99,0.1,0.0,0.0,RUNNER_BE,53.03,8.87,0.0077,9,10,-0.58,10845
G_1756945800,SHORT,2025-09-04 00:30:00,2025-09-04 00:45:00,328.66,327.961,0.1,0.07,0.21,TP_MAIN_MID,56.62,27.1,0.0071,9,10,0.0,15
G_1756370700,LONG,2025-08-28 08:45:00,2025-09-04 03:00:00,323.83,323.83,0.1,0.0,0.0,RUNNER_BE,41.39,18.05,0.0116,9,10,-7.63,9735
G_1756905300,SHORT,2025-09-03 13:15:00,2025-09-04 06:15:00,323.62,323.54049999999995,0.1,0.01,0.02,TP_MAIN_MID,61.8,27.69,0.0269,9,10,-2.54,1020
G_1756680300,LONG,2025-08-31 22:45:00,2025-09-04 06:45:00,318.59,318.59,0.1,0.0,0.0,RUNNER_BE,35.81,16.42,0.0144,9,10,-6.11,4800
G_1756905300,SHORT,2025-09-03 13:15:00,2025-09-04 10:00:00,323.62,323.62,0.1,0.0,0.0,RUNNER_BE,61.8,27.69,0.0269,9,10,-2.54,1245
G_1756969200,LONG,2025-09-04 07:00:00,2025-09-04 11:15:00,320.53,320.57800000000003,0.1,0.0,0.01,TP_MAIN_MID,30.36,30.23,0.0229,9,10,-0.87,255
G_1756980900,SHORT,2025-09-04 10:15:00,2025-09-04 12:30:00,323.4,321.526,0.1,0.19,0.58,TP_MAIN_MID,66.54,26.28,0.0195,9,10,-0.45,135
G_1756980900,SHORT,2025-09-04 10:15:00,2025-09-04 12:45:00,323.4,323.4,0.1,0.0,0.0,RUNNER_BE,66.54,26.28,0.0195,9,10,-0.49,150
G_1756969200,LONG,2025-09-04 07:00:00,2025-09-04 13:45:00,320.53,320.53,0.1,0.0,0.0,RUNNER_BE,30.36,30.23,0.0229,9,9,-0.87,405
G_1756994400,LONG,2025-09-04 14:00:00,2025-09-12 21:30:00,318.18,318.313,0.1,0.01,0.04,TP_MAIN_MID,35.88,22.33,0.0186,8,10,-7.33,11970
G_1756994400,LONG,2025-09-04 14:00:00,2025-09-12 21:45:00,318.18,318.18,0.1,0.0,0.0,RUNNER_BE,35.88,22.33,0.0186,8,10,-7.33,11985
G_1756995300,LONG,2025-09-04 14:15:00,2025-09-12 23:30:00,319.66,319.6735,0.1,0.0,0.0,TP_MAIN_MID,40.82,23.31,0.0188,9,10,-7.76,12075
G_1756995300,LONG,2025-09-04 14:15:00,2025-09-13 00:15:00,319.66,319.66,0.1,0.0,0.0,RUNNER_BE,40.82,23.31,0.0188,9,10,-7.76,12120
G_1757715300,SHORT,2025-09-12 22:15:00,2025-09-13 00:15:00,321.44,319.7595,0.1,0.17,0.52,TP_MAIN_MID,53.13,26.77,0.0127,9,10,-0.12,120
G_1757715300,SHORT,2025-09-12 22:15:00,2025-09-13 01:15:00,321.44,321.44,0.1,0.0,0.0,RUNNER_BE,53.13,26.77,0.0127,9,9,-0.12,180
G_1757728800,LONG,2025-09-13 02:00:00,2025-09-13 03:30:00,318.25,319.716,0.1,0.15,0.46,TP_MAIN_MID,36.18,22.4,0.0128,8,9,-0.25,90
G_1757728800,LONG,2025-09-13 02:00:00,2025-09-13 05:00:00,318.25,318.25,0.1,0.0,0.0,RUNNER_BE,36.18,22.4,0.0128,8,9,-0.25,180
G_1757740500,LONG,2025-09-13 05:15:00,2025-09-13 08:30:00,317.47,317.5435,0.1,0.01,0.02,TP_MAIN_MID,43.09,15.23,0.0105,8,10,-0.62,195
G_1757745900,LONG,2025-09-13 06:45:00,2025-09-13 08:30:00,316.19,317.5435,0.1,0.14,0.43,TP_MAIN_MID,28.95,16.4,0.0101,9,10,-0.22,105
G_1757740500,LONG,2025-09-13 05:15:00,2025-09-13 08:45:00,317.47,317.47,0.1,0.0,0.0,RUNNER_BE,43.09,15.23,0.0105,8,10,-0.62,210
G_1757756700,SHORT,2025-09-13 09:45:00,2025-09-13 11:00:00,319.89,317.718,0.1,0.22,0.68,TP_MAIN_MID,66.67,16.85,0.0124,9,10,-0.32,75
G_1757756700,SHORT,2025-09-13 09:45:00,2025-09-13 11:45:00,319.89,319.89,0.1,0.0,0.0,RUNNER_BE,66.67,16.85,0.0124,9,10,-0.32,120
G_1757745900,LONG,2025-09-13 06:45:00,2025-09-13 13:45:00,316.19,316.19,0.1,0.0,0.0,RUNNER_BE,28.95,16.4,0.0101,9,10,-0.82,420
G_1757769300,SHORT,2025-09-13 13:15:00,2025-09-13 13:45:00,321.35,319.2135,0.1,0.21,0.66,TP_MAIN_MID,58.86,17.34,0.012,9,10,0.0,30
