Trade_ID,Strategy,Side,Entry_Time,Exit_Time,PnL_Pct,Rem_Qty,Capital_After
HEDGE_010028,SHADOW_HEDGE,LONG,1970-01-01 00:28:55.386300,1970-01-01 00:28:55.398000,0.0,0.613986615091791,1000.0
HEDGE_010028,SHADOW_HEDGE,LONG,1970-01-01 00:28:55.398000,1970-01-01 00:28:55.430400,0.0,0.6126512482769184,1000.0
HEDGE_010028,SHADOW_HEDGE,LONG,1970-01-01 00:28:55.430400,1970-01-01 00:28:55.436700,0.0,0.6083465141744738,1000.0
HEDGE_010028,SHADOW_HEDGE,LONG,1970-01-01 00:28:55.436700,1970-01-01 00:28:55.450200,0.0,0.6126512482769184,1000.0
HEDGE_010028,SHADOW_HEDGE,LONG,1970-01-01 00:28:55.450200,1970-01-01 00:28:55.481700,0.0,0.604649756628473,1000.0
HEDGE_010028,SHADOW_HEDGE,SHORT,1970-01-01 00:28:55.481700,1970-01-01 00:28:55.516800,0.0,0.5853430110044486,1000.0
HEDGE_010028,SHADOW_HEDGE,LONG,1970-01-01 00:28:55.521300,1970-01-01 00:28:55.524900,0.0,0.5969258319653783,1000.0
HEDGE_010028,SHADOW_HEDGE,SHORT,1970-01-01 00:28:55.550100,1970-01-01 00:28:55.552800,0.0,0.5905279319711823,1000.0
HEDGE_010028,SHADOW_HEDGE,SHORT,1970-01-01 00:28:55.565400,1970-01-01 00:28:55.579800,0.0,0.5905279319711823,1000.0
HEDGE_010028,SHADOW_HEDGE,SHORT,1970-01-01 00:28:55.586100,1970-01-01 00:28:55.613100,0.0,0.59509640561771,1000.0
HEDGE_010028,SHADOW_HEDGE,SHORT,1970-01-01 00:28:55.613100,1970-01-01 00:28:55.632900,0.0,0.5905279319711823,1000.0
HEDGE_010028,SHADOW_HEDGE,SHORT,1970-01-01 00:28:55.632900,1970-01-01 00:28:55.650900,0.0,0.59509640561771,1000.0
HEDGE_010028,SHADOW_HEDGE,SHORT,1970-01-01 00:28:55.650900,1970-01-01 00:28:55.653600,0.0,0.6017209218364523,1000.0
SHADOW_S_010028,SHADOW_V4,SHORT,1970-01-01 00:28:55.376400,1970-01-01 00:28:55.653600,0.002330978491467401,0.613986615091791,1000.4702113776727
SHADOW_S_010028,SHADOW_V4,SHORT,1970-01-01 00:28:55.378200,1970-01-01 00:28:55.653600,0.002980897919454977,0.6083465141744738,1001.0663909615637
SHADOW_S_010028,SHADOW_V4,SHORT,1970-01-01 00:28:55.386300,1970-01-01 00:28:55.653600,0.009039513861595698,0.604649756628473,1002.8742937338828
SHADOW_S_010028,SHADOW_V4,SHORT,1970-01-01 00:28:55.389000,1970-01-01 00:28:55.653600,0.021698253991941616,0.5969258319653783,1007.2139445322712
SHADOW_S_010028,SHADOW_V4,SHORT,1970-01-01 00:28:55.380000,1970-01-01 00:28:55.654500,0.002297442181038444,0.6126512482769184,1007.6734329684789
HEDGE_010028,SHADOW_HEDGE,SHORT,1970-01-01 00:28:55.655400,1970-01-01 00:28:55.692300,0.0,0.6051620321341039,1007.6734329684789
HEDGE_010028,SHADOW_HEDGE,SHORT,1970-01-01 00:28:55.692300,1970-01-01 00:28:55.715700,0.0,0.5905279319711823,1007.6734329684789
HEDGE_010028,SHADOW_HEDGE,SHORT,1970-01-01 00:28:55.715700,1970-01-01 00:28:55.731000,0.0,0.6017209218364523,1007.6734329684789
HEDGE_010028,SHADOW_HEDGE,SHORT,1970-01-01 00:28:55.731000,1970-01-01 00:28:55.739100,0.0,0.59509640561771,1007.6734329684789
HEDGE_010028,SHADOW_HEDGE,SHORT,1970-01-01 00:28:55.739100,1970-01-01 00:28:55.746300,0.0,0.6051620321341039,1007.6734329684789
HEDGE_010028,SHADOW_HEDGE,LONG,1970-01-01 00:28:55.746300,1970-01-01 00:28:55.750800,0.0,0.6422188158238927,1007.6734329684789
HEDGE_010028,SHADOW_HEDGE,LONG,1970-01-01 00:28:55.762500,1970-01-01 00:28:55.782300,0.0,0.6415645961662234,1007.6734329684789
HEDGE_010028,SHADOW_HEDGE,LONG,1970-01-01 00:28:55.782300,1970-01-01 00:28:55.832700,0.0,0.6422188158238927,1007.6734329684789
HEDGE_010028,SHADOW_HEDGE,LONG,1970-01-01 00:28:55.832700,1970-01-01 00:28:55.849800,0.0,0.6422188158238927,1007.6734329684789
HEDGE_010028,SHADOW_HEDGE,LONG,1970-01-01 00:28:55.849800,1970-01-01 00:28:55.866900,0.0,0.6367202280857316,1007.6734329684789
HEDGE_010028,SHADOW_HEDGE,LONG,1970-01-01 00:28:55.866900,1970-01-01 00:28:55.877700,0.0,0.6415645961662234,1007.6734329684789
HEDGE_010028,SHADOW_HEDGE,LONG,1970-01-01 00:28:55.877700,1970-01-01 00:28:55.888500,0.0,0.6316711693894241,1007.6734329684789
HEDGE_010028,SHADOW_HEDGE,LONG,1970-01-01 00:28:55.905600,1970-01-01 00:28:55.926300,0.0,0.6415645961662234,1007.6734329684789
HEDGE_010028,SHADOW_HEDGE,LONG,1970-01-01 00:28:55.926300,1970-01-01 00:28:55.950600,0.0,0.6422188158238927,1007.6734329684789
HEDGE_010028,SHADOW_HEDGE,LONG,1970-01-01 00:28:55.950600,1970-01-01 00:28:55.964100,0.0,0.6367202280857316,1007.6734329684789
HEDGE_010028,SHADOW_HEDGE,LONG,1970-01-01 00:28:55.964100,1970-01-01 00:28:55.979400,0.0,0.6415645961662234,1007.6734329684789
HEDGE_010028,SHADOW_HEDGE,LONG,1970-01-01 00:28:55.979400,1970-01-01 00:28:56.004600,0.0,0.6316711693894241,1007.6734329684789
HEDGE_010028,SHADOW_HEDGE,LONG,1970-01-01 00:28:56.004600,1970-01-01 00:28:56.036100,0.0,0.6415645961662234,1007.6734329684789
HEDGE_010028,SHADOW_HEDGE,LONG,1970-01-01 00:28:56.036100,1970-01-01 00:28:56.041500,0.0,0.6367202280857316,1007.6734329684789
HEDGE_010028,SHADOW_HEDGE,LONG,1970-01-01 00:28:56.041500,1970-01-01 00:28:56.064000,0.0,0.6316711693894241,1007.6734329684789
SHADOW_L_010028,SHADOW_V4,LONG,1970-01-01 00:28:55.457400,1970-01-01 00:28:56.085600,0.010924766741466838,0.5905279319711823,1009.8583863167722
SHADOW_L_010028,SHADOW_V4,LONG,1970-01-01 00:28:55.481700,1970-01-01 00:28:56.085600,0.0187455367769579,0.59509640561771,1013.6074936721639
SHADOW_L_010028,SHADOW_V4,LONG,1970-01-01 00:28:55.488000,1970-01-01 00:28:56.085600,0.030086046091822614,0.6017209218364523,1019.6247028905284
SHADOW_L_010028,SHADOW_V4,LONG,1970-01-01 00:28:55.502400,1970-01-01 00:28:56.085600,0.03597688281037244,0.6051620321341039,1026.8200794526028
HEDGE_010028,SHADOW_HEDGE,SHORT,1970-01-01 00:28:56.125200,1970-01-01 00:28:56.127900,0.0,0.5998131196054692,1026.8200794526028
HEDGE_010028,SHADOW_HEDGE,LONG,1970-01-01 00:28:56.175600,1970-01-01 00:28:56.181900,0.0,0.6316711693894241,1026.8200794526028
HEDGE_010028,SHADOW_HEDGE,SHORT,1970-01-01 00:28:56.241300,1970-01-01 00:28:56.296200,0.0,0.6009188467901114,1026.8200794526028
HEDGE_010028,SHADOW_HEDGE,SHORT,1970-01-01 00:28:56.296200,1970-01-01 00:28:56.322300,0.0,0.5998131196054692,1026.8200794526028
HEDGE_010028,SHADOW_HEDGE,SHORT,1970-01-01 00:28:56.322300,1970-01-01 00:28:56.358300,0.0,0.5998131196054692,1026.8200794526028
HEDGE_010028,SHADOW_HEDGE,SHORT,1970-01-01 00:28:56.358300,1970-01-01 00:28:56.360100,0.0,0.5998131196054692,1026.8200794526028
HEDGE_010028,SHADOW_HEDGE,SHORT,1970-01-01 00:28:56.360100,1970-01-01 00:28:56.363700,0.0,0.6042072902719132,1026.8200794526028
SHADOW_S_010028,SHADOW_V4,SHORT,1970-01-01 00:28:55.692300,1970-01-01 00:28:56.363700,0.060801121697842596,0.6422188158238927,1039.0736144585228
SHADOW_S_010028,SHADOW_V4,SHORT,1970-01-01 00:28:55.697700,1970-01-01 00:28:56.363700,0.06884241122203957,0.6367202280857316,1052.9477482285108
SHADOW_S_010028,SHADOW_V4,SHORT,1970-01-01 00:28:55.715700,1970-01-01 00:28:56.363700,0.06175787094515003,0.6415645961662234,1065.3941013941355
SHADOW_S_010028,SHADOW_V4,SHORT,1970-01-01 00:28:55.746300,1970-01-01 00:28:56.363700,0.07622629681868043,0.6316711693894241,1080.7563442336864
HEDGE_010028,SHADOW_HEDGE,SHORT,1970-01-01 00:28:56.363700,1970-01-01 00:28:56.373600,0.0,0.6088467710955249,1080.7563442336864
SHADOW_S_010028,SHADOW_V4,SHORT,1970-01-01 00:28:55.654500,1970-01-01 00:28:56.375400,0.11052309325701305,0.6187739840150316,1103.4809343061363
HEDGE_010028,SHADOW_HEDGE,SHORT,1970-01-01 00:28:56.373600,1970-01-01 00:28:56.385300,0.0,0.6009188467901114,1103.4809343061363
HEDGE_010028,SHADOW_HEDGE,SHORT,1970-01-01 00:28:56.394300,1970-01-01 00:28:56.414100,0.0,0.6088467710955249,1103.4809343061363
HEDGE_010028,SHADOW_HEDGE,SHORT,1970-01-01 00:28:56.414100,1970-01-01 00:28:56.435700,0.0,0.6042072902719132,1103.4809343061363
HEDGE_010028,SHADOW_HEDGE,SHORT,1970-01-01 00:28:56.435700,1970-01-01 00:28:56.437500,0.0,0.6042072902719132,1103.4809343061363
SHADOW_S_010028,SHADOW_V4,SHORT,1970-01-01 00:28:56.385300,1970-01-01 00:28:56.440200,0.029066461517878228,0.7381884030545782,1109.8957915286805
HEDGE_010028,SHADOW_HEDGE,SHORT,1970-01-01 00:28:56.437500,1970-01-01 00:28:56.457300,0.0,0.6088467710955249,1109.8957915286805
HEDGE_010028,SHADOW_HEDGE,SHORT,1970-01-01 00:28:56.457300,1970-01-01 00:28:56.461800,0.0,0.5998131196054692,1109.8957915286805
HEDGE_010028,SHADOW_HEDGE,SHORT,1970-01-01 00:28:56.461800,1970-01-01 00:28:56.473500,0.0,0.6088467710955249,1109.8957915286805
HEDGE_010028,SHADOW_HEDGE,SHORT,1970-01-01 00:28:56.473500,1970-01-01 00:28:56.487000,0.0,0.6009188467901114,1109.8957915286805
HEDGE_010028,SHADOW_HEDGE,LONG,1970-01-01 00:28:56.478900,1970-01-01 00:28:56.496900,0.0,0.7832439162546703,1109.8957915286805
HEDGE_010028,SHADOW_HEDGE,LONG,1970-01-01 00:28:56.496900,1970-01-01 00:28:56.506800,0.0,0.7832439162546703,1109.8957915286805
HEDGE_010028,SHADOW_HEDGE,SHORT,1970-01-01 00:28:56.515800,1970-01-01 00:28:56.518500,0.0,0.6009188467901114,1109.8957915286805
HEDGE_010028,SHADOW_HEDGE,SHORT,1970-01-01 00:28:56.521200,1970-01-01 00:28:56.523000,0.0,0.5998131196054692,1109.8957915286805
HEDGE_010028,SHADOW_HEDGE,SHORT,1970-01-01 00:28:56.524800,1970-01-01 00:28:56.530200,0.0,0.6042072902719132,1109.8957915286805
HEDGE_010028,SHADOW_HEDGE,LONG,1970-01-01 00:28:56.630100,1970-01-01 00:28:56.630100,0.0,0.773015595158574,1109.8957915286805
SHADOW_S_010028,SHADOW_V4,SHORT,1970-01-01 00:28:56.491500,1970-01-01 00:28:56.630100,0.008577434228369856,0.7525737669708982,1111.799803159117
HEDGE_010028,SHADOW_HEDGE,LONG,1970-01-01 00:28:56.689500,1970-01-01 00:28:56.713800,0.0,0.7711460399924515,1111.799803159117
HEDGE_010028,SHADOW_HEDGE,SHORT,1970-01-01 00:28:56.739900,1970-01-01 00:28:56.769600,0.0,0.6088467710955249,1111.799803159117
HEDGE_010028,SHADOW_HEDGE,SHORT,1970-01-01 00:28:56.769600,1970-01-01 00:28:56.778600,0.0,0.5998131196054692,1111.799803159117
SHADOW_S_010028,SHADOW_V4,SHORT,1970-01-01 00:28:56.437500,1970-01-01 00:28:56.779500,0.0536958111324407,0.7663062043792613,1123.5847967761833
SHADOW_S_010028,SHADOW_V4,SHORT,1970-01-01 00:28:56.467200,1970-01-01 00:28:56.779500,0.04368229773120232,0.7832439162546703,1133.2813564594162
SHADOW_S_010028,SHADOW_V4,SHORT,1970-01-01 00:28:56.475300,1970-01-01 00:28:56.779500,0.056170775874077344,0.773015595158574,1145.7500980093241
HEDGE_010028,SHADOW_HEDGE,SHORT,1970-01-01 00:28:56.778600,1970-01-01 00:28:56.780400,0.0,0.6042072902719132,1145.7500980093241
SHADOW_S_010028,SHADOW_V4,SHORT,1970-01-01 00:28:56.487000,1970-01-01 00:28:56.780400,0.05597771894233736,0.7632608682245164,1158.1759849440193
SHADOW_S_010028,SHADOW_V4,SHORT,1970-01-01 00:28:56.650800,1970-01-01 00:28:56.780400,0.04785850528871167,0.7711460399924515,1168.817800295915
HEDGE_010028,SHADOW_HEDGE,LONG,1970-01-01 00:28:56.782200,1970-01-01 00:28:56.784900,0.0,0.8454784326527132,1168.817800295915
HEDGE_010028,SHADOW_HEDGE,SHORT,1970-01-01 00:28:56.780400,1970-01-01 00:28:56.795700,0.0,0.6088467710955249,1168.817800295915
HEDGE_010028,SHADOW_HEDGE,SHORT,1970-01-01 00:28:56.795700,1970-01-01 00:28:56.800200,0.0,0.6088467710955249,1168.817800295915
HEDGE_010028,SHADOW_HEDGE,SHORT,1970-01-01 00:28:56.800200,1970-01-01 00:28:56.803800,0.0,0.6009188467901114,1168.817800295915
HEDGE_010028,SHADOW_HEDGE,LONG,1970-01-01 00:28:56.802900,1970-01-01 00:28:56.810100,0.0,0.8477372984920508,1168.817800295915
HEDGE_010028,SHADOW_HEDGE,LONG,1970-01-01 00:28:56.810100,1970-01-01 00:28:56.826300,0.0,0.8477372984920508,1168.817800295915
HEDGE_010028,SHADOW_HEDGE,LONG,1970-01-01 00:28:56.826300,1970-01-01 00:28:56.840700,0.0,0.834363279648724,1168.817800295915
HEDGE_010028,SHADOW_HEDGE,LONG,1970-01-01 00:28:56.845200,1970-01-01 00:28:56.853300,0.0,0.8158717020074795,1168.817800295915
HEDGE_010028,SHADOW_HEDGE,LONG,1970-01-01 00:28:56.853300,1970-01-01 00:28:56.856900,0.0,0.8477372984920508,1168.817800295915
HEDGE_010028,SHADOW_HEDGE,LONG,1970-01-01 00:28:56.864100,1970-01-01 00:28:56.872200,0.0,0.834363279648724,1168.817800295915
HEDGE_010028,SHADOW_HEDGE,LONG,1970-01-01 00:28:56.892000,1970-01-01 00:28:56.898300,0.0,0.8158717020074795,1168.817800295915
HEDGE_010028,SHADOW_HEDGE,LONG,1970-01-01 00:28:56.900100,1970-01-01 00:28:56.921700,0.0,0.8477372984920508,1168.817800295915
HEDGE_010028,SHADOW_HEDGE,LONG,1970-01-01 00:28:56.947800,1970-01-01 00:28:56.963100,0.0,0.8477372984920508,1168.817800295915
HEDGE_010028,SHADOW_HEDGE,LONG,1970-01-01 00:28:56.963100,1970-01-01 00:28:56.973900,0.0,0.8477372984920508,1168.817800295915
HEDGE_010028,SHADOW_HEDGE,LONG,1970-01-01 00:28:56.973900,1970-01-01 00:28:56.987400,0.0,0.8477372984920508,1168.817800295915
HEDGE_010028,SHADOW_HEDGE,LONG,1970-01-01 00:28:56.987400,1970-01-01 00:28:56.997300,0.0,0.834363279648724,1168.817800295915
HEDGE_010028,SHADOW_HEDGE,LONG,1970-01-01 00:28:56.997300,1970-01-01 00:28:57.016200,0.0,0.8158717020074795,1168.817800295915
HEDGE_010028,SHADOW_HEDGE,LONG,1970-01-01 00:28:57.016200,1970-01-01 00:28:57.032400,0.0,0.8008892697655989,1168.817800295915
HEDGE_010028,SHADOW_HEDGE,LONG,1970-01-01 00:28:57.032400,1970-01-01 00:28:57.037800,0.0,0.8008892697655989,1168.817800295915
HEDGE_010028,SHADOW_HEDGE,LONG,1970-01-01 00:28:57.040500,1970-01-01 00:28:57.052200,0.0,0.8158717020074795,1168.817800295915
HEDGE_010028,SHADOW_HEDGE,LONG,1970-01-01 00:28:57.056700,1970-01-01 00:28:57.062100,0.0,0.834363279648724,1168.817800295915
HEDGE_010028,SHADOW_HEDGE,LONG,1970-01-01 00:28:57.077400,1970-01-01 00:28:57.081000,0.0,0.8477372984920508,1168.817800295915
HEDGE_010028,SHADOW_HEDGE,LONG,1970-01-01 00:28:57.081000,1970-01-01 00:28:57.117900,0.0,0.8158717020074795,1168.817800295915
HEDGE_010028,SHADOW_HEDGE,LONG,1970-01-01 00:28:57.117900,1970-01-01 00:28:57.127800,0.0,0.834363279648724,1168.817800295915
HEDGE_010028,SHADOW_HEDGE,LONG,1970-01-01 00:28:57.127800,1970-01-01 00:28:57.135000,0.0,0.8477372984920508,1168.817800295915
HEDGE_010028,SHADOW_HEDGE,LONG,1970-01-01 00:28:57.135000,1970-01-01 00:28:57.168300,0.0,0.8158717020074795,1168.817800295915
HEDGE_010028,SHADOW_HEDGE,LONG,1970-01-01 00:28:57.168300,1970-01-01 00:28:57.171000,0.0,0.8477372984920508,1168.817800295915
HEDGE_010028,SHADOW_HEDGE,LONG,1970-01-01 00:28:57.171000,1970-01-01 00:28:57.176400,0.0,0.8008892697655989,1168.817800295915
HEDGE_010028,SHADOW_HEDGE,LONG,1970-01-01 00:28:57.297900,1970-01-01 00:28:57.299700,0.0,0.834363279648724,1168.817800295915
HEDGE_010028,SHADOW_HEDGE,LONG,1970-01-01 00:28:57.299700,1970-01-01 00:28:57.315000,0.0,0.8158717020074795,1168.817800295915
HEDGE_010028,SHADOW_HEDGE,LONG,1970-01-01 00:28:57.315000,1970-01-01 00:28:57.321300,0.0,0.8477372984920508,1168.817800295915
HEDGE_010028,SHADOW_HEDGE,LONG,1970-01-01 00:28:57.321300,1970-01-01 00:28:57.322200,0.0,0.8008892697655989,1168.817800295915
HEDGE_010028,SHADOW_HEDGE,LONG,1970-01-01 00:28:57.355500,1970-01-01 00:28:57.358200,0.0,0.834363279648724,1168.817800295915
HEDGE_010028,SHADOW_HEDGE,LONG,1970-01-01 00:28:57.358200,1970-01-01 00:28:57.361800,0.0,0.8477372984920508,1168.817800295915
HEDGE_010028,SHADOW_HEDGE,LONG,1970-01-01 00:28:57.361800,1970-01-01 00:28:57.364500,0.0,0.8477372984920508,1168.817800295915
SHADOW_L_010028,SHADOW_V4,LONG,1970-01-01 00:28:55.451100,1970-01-01 00:28:57.369000,0.02576832526555508,0.5853430110044486,1173.8830254130519
SHADOW_L_010028,SHADOW_V4,LONG,1970-01-01 00:28:56.085600,1970-01-01 00:28:57.369000,0.006104328523862468,0.5998131196054692,1175.1366348330273
SHADOW_L_010028,SHADOW_V4,LONG,1970-01-01 00:28:56.100000,1970-01-01 00:28:57.369000,0.013474947777222163,0.6042072902719132,1177.9039042224726
SHADOW_L_010028,SHADOW_V4,LONG,1970-01-01 00:28:56.124300,1970-01-01 00:28:57.369000,0.02125704120960574,0.6088467710955249,1182.2693355712277
SHADOW_L_010028,SHADOW_V4,LONG,1970-01-01 00:28:56.146800,1970-01-01 00:28:57.369000,0.007959034381858163,0.6009188467901114,1183.9038348344968
HEDGE_010028,SHADOW_HEDGE,LONG,1970-01-01 00:28:57.364500,1970-01-01 00:28:57.370800,0.0,0.834363279648724,1183.9038348344968
HEDGE_010028,SHADOW_HEDGE,LONG,1970-01-01 00:28:57.370800,1970-01-01 00:28:57.374400,0.0,0.8158717020074795,1183.9038348344968
HEDGE_010028,SHADOW_HEDGE,LONG,1970-01-01 00:28:57.374400,1970-01-01 00:28:57.376200,0.0,0.8008892697655989,1183.9038348344968
HEDGE_010028,SHADOW_HEDGE,SHORT,1970-01-01 00:28:57.376200,1970-01-01 00:28:57.378000,0.0,0.704264498280537,1183.9038348344968
HEDGE_010028,SHADOW_HEDGE,LONG,1970-01-01 00:28:57.378900,1970-01-01 00:28:57.387900,0.0,0.8008892697655989,1183.9038348344968
HEDGE_010028,SHADOW_HEDGE,LONG,1970-01-01 00:28:57.387900,1970-01-01 00:28:57.392400,0.0,0.8158717020074795,1183.9038348344968
SHADOW_L_010028,SHADOW_V4,LONG,1970-01-01 00:28:57.376200,1970-01-01 00:28:57.393300,0.014339303000968081,0.7163019329831176,1187.2991059968367
HEDGE_010028,SHADOW_HEDGE,LONG,1970-01-01 00:28:57.398700,1970-01-01 00:28:57.403200,0.0,0.8008892697655989,1187.2991059968367
HEDGE_010028,SHADOW_HEDGE,LONG,1970-01-01 00:28:57.403200,1970-01-01 00:28:57.408600,0.0,0.834363279648724,1187.2991059968367
SHADOW_L_010028,SHADOW_V4,LONG,1970-01-01 00:28:57.394200,1970-01-01 00:28:57.409500,0.0622591072982717,0.7380946823304965,1202.0831424839166
SHADOW_L_010028,SHADOW_V4,LONG,1970-01-01 00:28:57.395100,1970-01-01 00:28:57.410400,0.02708559046587216,0.7146377187894769,1208.5148819530218
HEDGE_010028,SHADOW_HEDGE,SHORT,1970-01-01 00:28:57.420300,1970-01-01 00:28:57.423000,0.0,0.7241168890338366,1208.5148819530218
HEDGE_010028,SHADOW_HEDGE,LONG,1970-01-01 00:28:57.451800,1970-01-01 00:28:57.459000,0.0,0.8158717020074795,1208.5148819530218
HEDGE_010028,SHADOW_HEDGE,LONG,1970-01-01 00:28:57.459000,1970-01-01 00:28:57.464400,0.0,0.834363279648724,1208.5148819530218
HEDGE_010028,SHADOW_HEDGE,LONG,1970-01-01 00:28:57.464400,1970-01-01 00:28:57.468000,0.0,0.8477372984920508,1208.5148819530218
HEDGE_010028,SHADOW_HEDGE,LONG,1970-01-01 00:28:57.468000,1970-01-01 00:28:57.470700,0.0,0.8158717020074795,1208.5148819530218
HEDGE_010028,SHADOW_HEDGE,LONG,1970-01-01 00:28:57.470700,1970-01-01 00:28:57.489600,0.0,0.8008892697655989,1208.5148819530218
HEDGE_010028,SHADOW_HEDGE,LONG,1970-01-01 00:28:57.489600,1970-01-01 00:28:57.496800,0.0,0.8477372984920508,1208.5148819530218
HEDGE_010028,SHADOW_HEDGE,LONG,1970-01-01 00:28:57.496800,1970-01-01 00:28:57.504900,0.0,0.834363279648724,1208.5148819530218
HEDGE_010028,SHADOW_HEDGE,LONG,1970-01-01 00:28:57.504900,1970-01-01 00:28:57.509400,0.0,0.8158717020074795,1208.5148819530218
HEDGE_010028,SHADOW_HEDGE,SHORT,1970-01-01 00:28:57.509400,1970-01-01 00:28:57.516600,0.0,0.6580174681220853,1208.5148819530218
SHADOW_L_010028,SHADOW_V4,LONG,1970-01-01 00:28:57.418500,1970-01-01 00:28:57.526500,0.07540669283082164,0.7241168890338366,1226.7409040500033
HEDGE_010028,SHADOW_HEDGE,LONG,1970-01-01 00:28:57.512100,1970-01-01 00:28:57.529200,0.0,0.8008892697655989,1226.7409040500033
SHADOW_L_010028,SHADOW_V4,LONG,1970-01-01 00:28:57.471600,1970-01-01 00:28:57.529200,0.0066273518674528405,0.6787502847250895,1228.3427547219544
HEDGE_010028,SHADOW_HEDGE,SHORT,1970-01-01 00:28:57.531000,1970-01-01 00:28:57.538200,0.0,0.6675771319411268,1228.3427547219544
HEDGE_010028,SHADOW_HEDGE,SHORT,1970-01-01 00:28:57.551700,1970-01-01 00:28:57.639900,0.0,0.6580174681220853,1228.3427547219544
HEDGE_010028,SHADOW_HEDGE,SHORT,1970-01-01 00:28:57.639900,1970-01-01 00:28:57.642600,0.0,0.6580174681220853,1228.3427547219544
HEDGE_010028,SHADOW_HEDGE,SHORT,1970-01-01 00:28:57.642600,1970-01-01 00:28:57.648000,0.0,0.6675771319411268,1228.3427547219544
HEDGE_010028,SHADOW_HEDGE,SHORT,1970-01-01 00:28:57.648000,1970-01-01 00:28:57.663300,0.0,0.6834972721473164,1228.3427547219544
HEDGE_010028,SHADOW_HEDGE,SHORT,1970-01-01 00:28:57.663300,1970-01-01 00:28:57.669600,0.0,0.6675771319411268,1228.3427547219544
HEDGE_010028,SHADOW_HEDGE,SHORT,1970-01-01 00:28:57.669600,1970-01-01 00:28:57.689400,0.0,0.6675771319411268,1228.3427547219544
HEDGE_010028,SHADOW_HEDGE,SHORT,1970-01-01 00:28:57.689400,1970-01-01 00:28:57.694800,0.0,0.6834972721473164,1228.3427547219544
HEDGE_010028,SHADOW_HEDGE,SHORT,1970-01-01 00:28:57.694800,1970-01-01 00:28:57.696600,0.0,0.6891123448650516,1228.3427547219544
HEDGE_010028,SHADOW_HEDGE,SHORT,1970-01-01 00:28:57.759600,1970-01-01 00:28:57.767700,0.0,0.6891123448650516,1228.3427547219544
HEDGE_010028,SHADOW_HEDGE,SHORT,1970-01-01 00:28:57.780300,1970-01-01 00:28:57.817200,0.0,0.6580174681220853,1228.3427547219544
HEDGE_010028,SHADOW_HEDGE,SHORT,1970-01-01 00:28:57.822600,1970-01-01 00:28:57.862200,0.0,0.6834972721473164,1228.3427547219544
HEDGE_010028,SHADOW_HEDGE,SHORT,1970-01-01 00:28:57.863100,1970-01-01 00:28:57.865800,0.0,0.6580174681220853,1228.3427547219544
HEDGE_010028,SHADOW_HEDGE,SHORT,1970-01-01 00:28:57.870300,1970-01-01 00:28:57.908100,0.0,0.6891123448650516,1228.3427547219544
HEDGE_010028,SHADOW_HEDGE,SHORT,1970-01-01 00:28:57.908100,1970-01-01 00:28:57.963000,0.0,0.6675771319411268,1228.3427547219544
HEDGE_010028,SHADOW_HEDGE,SHORT,1970-01-01 00:28:57.963000,1970-01-01 00:28:57.976500,0.0,0.6580174681220853,1228.3427547219544
HEDGE_010028,SHADOW_HEDGE,SHORT,1970-01-01 00:28:57.976500,1970-01-01 00:28:57.981900,0.0,0.6675771319411268,1228.3427547219544
HEDGE_010028,SHADOW_HEDGE,SHORT,1970-01-01 00:28:57.981900,1970-01-01 00:28:57.988200,0.0,0.6834972721473164,1228.3427547219544
HEDGE_010028,SHADOW_HEDGE,SHORT,1970-01-01 00:28:57.988200,1970-01-01 00:28:58.005300,0.0,0.6891123448650516,1228.3427547219544
HEDGE_010028,SHADOW_HEDGE,SHORT,1970-01-01 00:28:58.005300,1970-01-01 00:28:58.009800,0.0,0.6834972721473164,1228.3427547219544
HEDGE_010028,SHADOW_HEDGE,SHORT,1970-01-01 00:28:58.067400,1970-01-01 00:28:58.114200,0.0,0.6891123448650516,1228.3427547219544
HEDGE_010028,SHADOW_HEDGE,SHORT,1970-01-01 00:28:58.114200,1970-01-01 00:28:58.123200,0.0,0.6580174681220853,1228.3427547219544
HEDGE_010028,SHADOW_HEDGE,SHORT,1970-01-01 00:28:58.123200,1970-01-01 00:28:58.129500,0.0,0.6675771319411268,1228.3427547219544
HEDGE_010028,SHADOW_HEDGE,SHORT,1970-01-01 00:28:58.154700,1970-01-01 00:28:58.170900,0.0,0.6834972721473164,1228.3427547219544
HEDGE_010028,SHADOW_HEDGE,SHORT,1970-01-01 00:28:58.170900,1970-01-01 00:28:58.179000,0.0,0.6891123448650516,1228.3427547219544
HEDGE_010028,SHADOW_HEDGE,SHORT,1970-01-01 00:28:58.195200,1970-01-01 00:28:58.197900,0.0,0.6834972721473164,1228.3427547219544
HEDGE_010028,SHADOW_HEDGE,SHORT,1970-01-01 00:28:58.466100,1970-01-01 00:28:58.473300,0.0,0.6675771319411268,1228.3427547219544
HEDGE_010028,SHADOW_HEDGE,SHORT,1970-01-01 00:28:58.491300,1970-01-01 00:28:58.503900,0.0,0.6891123448650516,1228.3427547219544
HEDGE_010028,SHADOW_HEDGE,SHORT,1970-01-01 00:28:58.507500,1970-01-01 00:28:58.524600,0.0,0.6834972721473164,1228.3427547219544
HEDGE_010028,SHADOW_HEDGE,SHORT,1970-01-01 00:28:58.524600,1970-01-01 00:28:58.533600,0.0,0.6580174681220853,1228.3427547219544
HEDGE_010028,SHADOW_HEDGE,SHORT,1970-01-01 00:28:58.533600,1970-01-01 00:28:58.536300,0.0,0.6580174681220853,1228.3427547219544
HEDGE_010028,SHADOW_HEDGE,SHORT,1970-01-01 00:28:58.536300,1970-01-01 00:28:58.539000,0.0,0.6580174681220853,1228.3427547219544
HEDGE_010028,SHADOW_HEDGE,SHORT,1970-01-01 00:28:58.539000,1970-01-01 00:28:58.543500,0.0,0.6675771319411268,1228.3427547219544
HEDGE_010028,SHADOW_HEDGE,SHORT,1970-01-01 00:28:58.543500,1970-01-01 00:28:58.551600,0.0,0.6580174681220853,1228.3427547219544
HEDGE_010028,SHADOW_HEDGE,SHORT,1970-01-01 00:28:58.551600,1970-01-01 00:28:58.554300,0.0,0.6580174681220853,1228.3427547219544
SHADOW_S_010028,SHADOW_V4,SHORT,1970-01-01 00:28:56.779500,1970-01-01 00:28:58.554300,0.030986445715716363,0.8454784326527132,1234.5551155189717
HEDGE_010028,SHADOW_HEDGE,SHORT,1970-01-01 00:28:58.554300,1970-01-01 00:28:58.559700,0.0,0.6675771319411268,1234.5551155189717
HEDGE_010028,SHADOW_HEDGE,SHORT,1970-01-01 00:28:58.559700,1970-01-01 00:28:58.563300,0.0,0.6675771319411268,1234.5551155189717
SHADOW_S_010028,SHADOW_V4,SHORT,1970-01-01 00:28:56.782200,1970-01-01 00:28:58.563300,0.15506799637352672,0.8477372984920508,1270.8043624024917
SHADOW_S_010028,SHADOW_V4,SHORT,1970-01-01 00:28:56.802900,1970-01-01 00:28:58.563300,0.1683977585037656,0.834363279648724,1310.1696219363184
SHADOW_S_010028,SHADOW_V4,SHORT,1970-01-01 00:28:56.803800,1970-01-01 00:28:58.563300,0.1868281446321373,0.8158717020074795,1353.8432341447788
SHADOW_S_010028,SHADOW_V4,SHORT,1970-01-01 00:28:56.806500,1970-01-01 00:28:58.563300,0.20176099767027542,0.8008892697655989,1401.0076032412749
HEDGE_010028,SHADOW_HEDGE,SHORT,1970-01-01 00:28:58.563300,1970-01-01 00:28:58.566900,0.0,0.6834972721473164,1401.0076032412749
HEDGE_010028,SHADOW_HEDGE,SHORT,1970-01-01 00:28:58.566900,1970-01-01 00:28:58.568700,0.0,0.6891123448650516,1401.0076032412749
HEDGE_010028,SHADOW_HEDGE,SHORT,1970-01-01 00:28:58.571400,1970-01-01 00:28:58.572300,0.0,0.6891123448650516,1401.0076032412749
HEDGE_010028,SHADOW_HEDGE,SHORT,1970-01-01 00:28:58.591200,1970-01-01 00:28:58.593000,0.0,0.6891123448650516,1401.0076032412749
HEDGE_010028,SHADOW_HEDGE,LONG,1970-01-01 00:28:58.593900,1970-01-01 00:28:58.602000,0.0,1.1591507907510652,1401.0076032412749
HEDGE_010028,SHADOW_HEDGE,LONG,1970-01-01 00:28:58.602000,1970-01-01 00:28:58.612800,0.0,1.1204923447364938,1401.0076032412749
HEDGE_010028,SHADOW_HEDGE,LONG,1970-01-01 00:28:58.612800,1970-01-01 00:28:58.623600,0.0,1.1204923447364938,1401.0076032412749
HEDGE_010028,SHADOW_HEDGE,LONG,1970-01-01 00:28:58.623600,1970-01-01 00:28:58.628100,0.0,1.1204923447364938,1401.0076032412749
HEDGE_010028,SHADOW_HEDGE,LONG,1970-01-01 00:28:58.628100,1970-01-01 00:28:58.636200,0.0,1.075381949064534,1401.0076032412749
SHADOW_S_010028,SHADOW_V4,SHORT,1970-01-01 00:28:58.610100,1970-01-01 00:28:58.673100,0.020417237929373368,1.0382833240013896,1406.7285443565224
SHADOW_S_010028,SHADOW_V4,SHORT,1970-01-01 00:28:58.611000,1970-01-01 00:28:58.674000,0.02163243046718774,1.0187293970123794,1412.7899842687461
SHADOW_S_010028,SHADOW_V4,SHORT,1970-01-01 00:28:58.674000,1970-01-01 00:28:58.708200,0.008509847640282498,1.0500111365802645,1415.194509771515
SHADOW_S_010028,SHADOW_V4,SHORT,1970-01-01 00:28:58.695600,1970-01-01 00:28:58.708200,0.02274558640392638,1.034935158060762,1421.6214571030723
HEDGE_010028,SHADOW_HEDGE,LONG,1970-01-01 00:28:58.753200,1970-01-01 00:28:58.765800,0.0,1.075381949064534,1421.6214571030723
SHADOW_S_010028,SHADOW_V4,SHORT,1970-01-01 00:28:58.567800,1970-01-01 00:28:58.926000,0.011389702399263135,1.1591507907510652,1424.9964028468546
SHADOW_S_010028,SHADOW_V4,SHORT,1970-01-01 00:28:58.596600,1970-01-01 00:28:58.926000,0.0300890389929383,1.075381949064534,1433.4273973275206
SHADOW_S_010028,SHADOW_V4,SHORT,1970-01-01 00:28:58.734300,1970-01-01 00:28:58.928700,0.07030050449660019,1.0394249156270179,1453.4155384550281
SHADOW_S_010028,SHADOW_V4,SHORT,1970-01-01 00:28:58.753200,1970-01-01 00:28:58.928700,0.09051569987840642,1.0168238731872343,1479.1513506853971
HEDGE_010028,SHADOW_HEDGE,LONG,1970-01-01 00:28:58.937700,1970-01-01 00:28:58.938600,0.0,1.1575765774654854,1479.1513506853971
HEDGE_010028,SHADOW_HEDGE,LONG,1970-01-01 00:28:59.036700,1970-01-01 00:28:59.066400,0.0,1.2614287486656977,1479.1513506853971
SHADOW_S_010028,SHADOW_V4,SHORT,1970-01-01 00:28:58.593900,1970-01-01 00:28:59.066400,0.03080221529016615,1.1204923447364938,1487.8335539154475
HEDGE_010028,SHADOW_HEDGE,LONG,1970-01-01 00:28:59.067300,1970-01-01 00:28:59.070900,0.0,1.2521386190513817,1487.8335539154475
SHADOW_S_010028,SHADOW_V4,SHORT,1970-01-01 00:28:58.935000,1970-01-01 00:28:59.070900,0.05599644615175121,1.1575765774654854,1504.7657007929515
HEDGE_010028,SHADOW_HEDGE,LONG,1970-01-01 00:28:59.067300,1970-01-01 00:28:59.070900,0.0,1.2521386190513817,1504.7657007929515
SHADOW_S_010028,SHADOW_V4,SHORT,1970-01-01 00:28:58.936800,1970-01-01 00:28:59.070900,0.06756252378364155,1.1433937700965462,1525.1951861395623
HEDGE_010028,SHADOW_HEDGE,LONG,1970-01-01 00:28:59.071800,1970-01-01 00:28:59.077200,0.0,1.2521386190513817,1525.1951861395623
HEDGE_010028,SHADOW_HEDGE,LONG,1970-01-01 00:28:59.077200,1970-01-01 00:28:59.101500,0.0,1.2614287486656977,1525.1951861395623
SHADOW_S_010028,SHADOW_V4,SHORT,1970-01-01 00:28:59.070900,1970-01-01 00:28:59.145600,0.004906930532462825,1.2370292275757835,1526.691991504929
SHADOW_S_010028,SHADOW_V4,SHORT,1970-01-01 00:28:59.071800,1970-01-01 00:28:59.145600,0.02650162659684205,1.2101842308494504,1534.7760221670035
HEDGE_010028,SHADOW_HEDGE,LONG,1970-01-01 00:28:59.165400,1970-01-01 00:28:59.183400,0.0,1.2204860784343936,1534.7760221670035
HEDGE_010028,SHADOW_HEDGE,LONG,1970-01-01 00:28:59.195100,1970-01-01 00:28:59.197800,0.0,1.2614287486656977,1534.7760221670035
HEDGE_010028,SHADOW_HEDGE,LONG,1970-01-01 00:28:59.199600,1970-01-01 00:28:59.223000,0.0,1.2204860784343936,1534.7760221670035
HEDGE_010028,SHADOW_HEDGE,LONG,1970-01-01 00:28:59.232000,1970-01-01 00:28:59.275200,0.0,1.2204860784343936,1534.7760221670035
HEDGE_010028,SHADOW_HEDGE,LONG,1970-01-01 00:28:59.275200,1970-01-01 00:28:59.280600,0.0,1.2239531258558982,1534.7760221670035
SHADOW_S_010028,SHADOW_V4,SHORT,1970-01-01 00:28:59.174400,1970-01-01 00:28:59.380500,0.003827903823916343,1.2239531258558982,1535.951017167825
SHADOW_S_010028,SHADOW_V4,SHORT,1970-01-01 00:28:59.195100,1970-01-01 00:28:59.380500,0.018272555800062786,1.2062056131460261,1541.559873268954
HEDGE_010028,SHADOW_HEDGE,LONG,1970-01-01 00:28:59.398500,1970-01-01 00:28:59.402100,0.0,1.2614287486656977,1541.559873268954
HEDGE_010028,SHADOW_HEDGE,LONG,1970-01-01 00:28:59.409300,1970-01-01 00:28:59.429100,0.0,1.2340870778280861,1541.559873268954
HEDGE_010028,SHADOW_HEDGE,LONG,1970-01-01 00:28:59.441700,1970-01-01 00:28:59.445300,0.0,1.2204860784343936,1541.559873268954
HEDGE_010028,SHADOW_HEDGE,LONG,1970-01-01 00:28:59.489400,1970-01-01 00:28:59.511000,0.0,1.2340870778280861,1541.559873268954
HEDGE_010028,SHADOW_HEDGE,LONG,1970-01-01 00:28:59.520900,1970-01-01 00:28:59.536200,0.0,1.2340870778280861,1541.559873268954
HEDGE_010028,SHADOW_HEDGE,LONG,1970-01-01 00:28:59.539800,1970-01-01 00:28:59.564100,0.0,1.2614287486656977,1541.559873268954
HEDGE_010028,SHADOW_HEDGE,LONG,1970-01-01 00:28:59.564100,1970-01-01 00:28:59.573100,0.0,1.2614287486656977,1541.559873268954
HEDGE_010028,SHADOW_HEDGE,LONG,1970-01-01 00:28:59.573100,1970-01-01 00:28:59.578500,0.0,1.2204860784343936,1541.559873268954
HEDGE_010028,SHADOW_HEDGE,LONG,1970-01-01 00:28:59.581200,1970-01-01 00:28:59.602800,0.0,1.1977932193231966,1541.559873268954
HEDGE_010028,SHADOW_HEDGE,LONG,1970-01-01 00:28:59.781900,1970-01-01 00:28:59.790000,0.0,1.2204860784343936,1541.559873268954
HEDGE_010028,SHADOW_HEDGE,LONG,1970-01-01 00:28:59.790000,1970-01-01 00:28:59.806200,0.0,1.2614287486656977,1541.559873268954
HEDGE_010028,SHADOW_HEDGE,LONG,1970-01-01 00:28:59.806200,1970-01-01 00:28:59.808900,0.0,1.2204860784343936,1541.559873268954
HEDGE_010028,SHADOW_HEDGE,LONG,1970-01-01 00:28:59.808900,1970-01-01 00:28:59.819700,0.0,1.2340870778280861,1541.559873268954
HEDGE_010028,SHADOW_HEDGE,LONG,1970-01-01 00:28:59.826000,1970-01-01 00:28:59.831400,0.0,1.1977932193231966,1541.559873268954
SHADOW_S_010028,SHADOW_V4,SHORT,1970-01-01 00:28:59.398500,1970-01-01 00:28:59.958300,0.006643356643356565,1.1977932193231966,1543.6080996739968
HEDGE_010028,SHADOW_HEDGE,LONG,1970-01-01 00:29:00.078900,1970-01-01 00:29:00.150900,0.0,1.1982674271650342,1543.6080996739968
SHADOW_S_010028,SHADOW_V4,SHORT,1970-01-01 00:28:59.959200,1970-01-01 00:29:00.295800,0.018553019717435077,1.1982674271650342,1549.3358179758457
HEDGE_010028,SHADOW_HEDGE,SHORT,1970-01-01 00:29:00.408300,1970-01-01 00:29:00.429000,0.0,0.6834972721473164,1549.3358179758457
HEDGE_010028,SHADOW_HEDGE,SHORT,1970-01-01 00:29:00.429000,1970-01-01 00:29:00.438000,0.0,0.6834972721473164,1549.3358179758457
HEDGE_010028,SHADOW_HEDGE,SHORT,1970-01-01 00:29:00.438000,1970-01-01 00:29:00.442500,0.0,0.6580174681220853,1549.3358179758457
HEDGE_010028,SHADOW_HEDGE,SHORT,1970-01-01 00:29:00.442500,1970-01-01 00:29:00.451500,0.0,0.6675771319411268,1549.3358179758457
HEDGE_010028,SHADOW_HEDGE,SHORT,1970-01-01 00:29:00.451500,1970-01-01 00:29:00.470400,0.0,0.6580174681220853,1549.3358179758457
HEDGE_010028,SHADOW_HEDGE,SHORT,1970-01-01 00:29:00.470400,1970-01-01 00:29:00.479400,0.0,0.6580174681220853,1549.3358179758457
HEDGE_010028,SHADOW_HEDGE,SHORT,1970-01-01 00:29:00.479400,1970-01-01 00:29:00.483000,0.0,0.6675771319411268,1549.3358179758457
HEDGE_010028,SHADOW_HEDGE,SHORT,1970-01-01 00:29:00.483000,1970-01-01 00:29:00.483900,0.0,0.6834972721473164,1549.3358179758457
HEDGE_010028,SHADOW_HEDGE,SHORT,1970-01-01 00:29:00.483900,1970-01-01 00:29:00.498300,0.0,0.6891123448650516,1549.3358179758457
HEDGE_010028,SHADOW_HEDGE,SHORT,1970-01-01 00:29:00.498300,1970-01-01 00:29:00.501000,0.0,0.6891123448650516,1549.3358179758457
SHADOW_S_010028,SHADOW_V4,SHORT,1970-01-01 00:28:59.022300,1970-01-01 00:29:00.519900,0.12335834896810509,1.2614287486656977,1585.8289516747443
SHADOW_S_010028,SHADOW_V4,SHORT,1970-01-01 00:28:59.066400,1970-01-01 00:29:00.519900,0.15676141257536605,1.2204860784343936,1632.4759295925069
SHADOW_S_010028,SHADOW_V4,SHORT,1970-01-01 00:28:59.380500,1970-01-01 00:29:00.523500,0.175319217067606,1.2340870778280861,1686.528943601377
SHADOW_S_010029,SHADOW_V4,SHORT,1970-01-01 00:29:00.295800,1970-01-01 00:29:00.523500,0.1852012971604841,1.2254495119638105,1743.9167442466423
HEDGE_010029,SHADOW_HEDGE,LONG,1970-01-01 00:29:00.543300,1970-01-01 00:29:00.548700,0.0,1.588088846337377,1743.9167442466423
HEDGE_010029,SHADOW_HEDGE,LONG,1970-01-01 00:29:00.568500,1970-01-01 00:29:00.571200,0.0,1.6782146410495524,1743.9167442466423
HEDGE_010028,SHADOW_HEDGE,SHORT,1970-01-01 00:29:00.593700,1970-01-01 00:29:00.601800,0.0,0.6580174681220853,1743.9167442466423
SHADOW_S_010029,SHADOW_V4,SHORT,1970-01-01 00:29:00.538800,1970-01-01 00:29:00.606300,0.016359524611461316,1.6782146410495524,1749.622674026211
SHADOW_S_010029,SHADOW_V4,SHORT,1970-01-01 00:29:00.566700,1970-01-01 00:29:00.606300,0.028605369446424243,1.6573216861455382,1759.599750576807
HEDGE_010028,SHADOW_HEDGE,SHORT,1970-01-01 00:29:00.707100,1970-01-01 00:29:00.711600,0.0,0.6580174681220853,1759.599750576807
HEDGE_010028,SHADOW_HEDGE,SHORT,1970-01-01 00:29:00.711600,1970-01-01 00:29:00.734100,0.0,0.6675771319411268,1759.599750576807
HEDGE_010028,SHADOW_HEDGE,SHORT,1970-01-01 00:29:00.734100,1970-01-01 00:29:00.741300,0.0,0.6580174681220853,1759.599750576807
HEDGE_010028,SHADOW_HEDGE,SHORT,1970-01-01 00:29:00.741300,1970-01-01 00:29:00.749400,0.0,0.6675771319411268,1759.599750576807
HEDGE_010028,SHADOW_HEDGE,SHORT,1970-01-01 00:29:00.749400,1970-01-01 00:29:00.754800,0.0,0.6834972721473164,1759.599750576807
SHADOW_S_010028,SHADOW_V4,SHORT,1970-01-01 00:28:59.000700,1970-01-01 00:29:00.754800,0.041372021644511,1.2521386190513817,1769.8655807699463
SHADOW_S_010029,SHADOW_V4,SHORT,1970-01-01 00:29:00.519900,1970-01-01 00:29:00.754800,0.044803052562330505,1.588088846337377,1784.0161691172777
SHADOW_S_010029,SHADOW_V4,SHORT,1970-01-01 00:29:00.607200,1970-01-01 00:29:00.754800,0.08337756332931243,1.698045597661575,1813.3583970448697
SHADOW_S_010029,SHADOW_V4,SHORT,1970-01-01 00:29:00.651300,1970-01-01 00:29:00.754800,0.09148732663797224,1.6830222387152627,1845.5546124714926
SHADOW_S_010029,SHADOW_V4,SHORT,1970-01-01 00:29:00.700800,1970-01-01 00:29:00.754800,0.06602753195673552,1.7301865787382567,1868.7910182239475
HEDGE_010028,SHADOW_HEDGE,SHORT,1970-01-01 00:29:00.754800,1970-01-01 00:29:00.771000,0.0,0.6891123448650516,1868.7910182239475
HEDGE_010029,SHADOW_HEDGE,LONG,1970-01-01 00:29:00.785400,1970-01-01 00:29:00.789000,0.0,1.9674590916712613,1868.7910182239475
HEDGE_010028,SHADOW_HEDGE,SHORT,1970-01-01 00:29:00.825000,1970-01-01 00:29:00.843000,0.0,0.6891123448650516,1868.7910182239475
HEDGE_010029,SHADOW_HEDGE,LONG,1970-01-01 00:29:00.847500,1970-01-01 00:29:00.870900,0.0,1.9963583145218966,1868.7910182239475
HEDGE_010029,SHADOW_HEDGE,LONG,1970-01-01 00:29:00.870900,1970-01-01 00:29:00.916800,0.0,1.9963583145218966,1868.7910182239475
HEDGE_010029,SHADOW_HEDGE,LONG,1970-01-01 00:29:00.916800,1970-01-01 00:29:00.937500,0.0,1.9625004129419243,1868.7910182239475
HEDGE_010029,SHADOW_HEDGE,LONG,1970-01-01 00:29:00.937500,1970-01-01 00:29:00.940200,0.0,1.935868874733462,1868.7910182239475
HEDGE_010029,SHADOW_HEDGE,LONG,1970-01-01 00:29:00.940200,1970-01-01 00:29:00.960000,0.0,1.9963583145218966,1868.7910182239475
HEDGE_010029,SHADOW_HEDGE,LONG,1970-01-01 00:29:00.960000,1970-01-01 00:29:00.964500,0.0,1.9963583145218966,1868.7910182239475
HEDGE_010029,SHADOW_HEDGE,LONG,1970-01-01 00:29:00.964500,1970-01-01 00:29:00.968100,0.0,1.9625004129419243,1868.7910182239475
HEDGE_010029,SHADOW_HEDGE,LONG,1970-01-01 00:29:00.968100,1970-01-01 00:29:00.982500,0.0,1.9419036922366577,1868.7910182239475
HEDGE_010028,SHADOW_HEDGE,SHORT,1970-01-01 00:29:01.031100,1970-01-01 00:29:01.035600,0.0,0.6580174681220853,1868.7910182239475
HEDGE_010028,SHADOW_HEDGE,SHORT,1970-01-01 00:29:01.035600,1970-01-01 00:29:01.040100,0.0,0.6834972721473164,1868.7910182239475
HEDGE_010028,SHADOW_HEDGE,SHORT,1970-01-01 00:29:01.040100,1970-01-01 00:29:01.061700,0.0,0.6675771319411268,1868.7910182239475
HEDGE_010028,SHADOW_HEDGE,SHORT,1970-01-01 00:29:01.061700,1970-01-01 00:29:01.065300,0.0,0.6580174681220853,1868.7910182239475
HEDGE_010028,SHADOW_HEDGE,SHORT,1970-01-01 00:29:01.065300,1970-01-01 00:29:01.091400,0.0,0.6675771319411268,1868.7910182239475
SHADOW_S_010029,SHADOW_V4,SHORT,1970-01-01 00:29:00.754800,1970-01-01 00:29:01.091400,0.1117552096580827,1.9674590916712613,1914.4542418450847
SHADOW_S_010029,SHADOW_V4,SHORT,1970-01-01 00:29:00.785400,1970-01-01 00:29:01.091400,0.04454342984409797,1.935868874733462,1931.1027141677923
SHADOW_S_010029,SHADOW_V4,SHORT,1970-01-01 00:29:00.843000,1970-01-01 00:29:01.091400,0.014688601645123384,1.9963583145218966,1936.5926995327275
SHADOW_S_010029,SHADOW_V4,SHORT,1970-01-01 00:29:00.847500,1970-01-01 00:29:01.091400,0.031399317406143296,1.9625004129419243,1948.3284520021202
SHADOW_S_010029,SHADOW_V4,SHORT,1970-01-01 00:29:00.853800,1970-01-01 00:29:01.091400,0.04156491920818829,1.9419036922366577,1963.8636815400134
HEDGE_010028,SHADOW_HEDGE,SHORT,1970-01-01 00:29:01.091400,1970-01-01 00:29:01.092300,0.0,0.6891123448650516,1963.8636815400134
HEDGE_010029,SHADOW_HEDGE,LONG,1970-01-01 00:29:01.092300,1970-01-01 00:29:01.093200,0.0,2.1291957299723676,1963.8636815400134
HEDGE_010028,SHADOW_HEDGE,SHORT,1970-01-01 00:29:01.094100,1970-01-01 00:29:01.095000,0.0,0.6891123448650516,1963.8636815400134
HEDGE_010029,SHADOW_HEDGE,LONG,1970-01-01 00:29:01.097700,1970-01-01 00:29:01.099500,0.0,2.1341704863508077,1963.8636815400134
HEDGE_010029,SHADOW_HEDGE,LONG,1970-01-01 00:29:01.099500,1970-01-01 00:29:01.104900,0.0,2.1341704863508077,1963.8636815400134
HEDGE_010029,SHADOW_HEDGE,LONG,1970-01-01 00:29:01.106700,1970-01-01 00:29:01.115700,0.0,2.0932249856533933,1963.8636815400134
HEDGE_010029,SHADOW_HEDGE,LONG,1970-01-01 00:29:01.115700,1970-01-01 00:29:01.121100,0.0,2.0932249856533933,1963.8636815400134
HEDGE_010029,SHADOW_HEDGE,LONG,1970-01-01 00:29:01.121100,1970-01-01 00:29:01.128300,0.0,2.1341704863508077,1963.8636815400134
HEDGE_010029,SHADOW_HEDGE,LONG,1970-01-01 00:29:01.128300,1970-01-01 00:29:01.152600,0.0,2.0305678349170377,1963.8636815400134
HEDGE_010029,SHADOW_HEDGE,LONG,1970-01-01 00:29:01.152600,1970-01-01 00:29:01.171500,0.0,2.1341704863508077,1963.8636815400134
HEDGE_010029,SHADOW_HEDGE,LONG,1970-01-01 00:29:01.171500,1970-01-01 00:29:01.173300,0.0,2.0932249856533933,1963.8636815400134
HEDGE_010029,SHADOW_HEDGE,LONG,1970-01-01 00:29:01.173300,1970-01-01 00:29:01.179600,0.0,2.1341704863508077,1963.8636815400134
HEDGE_010029,SHADOW_HEDGE,LONG,1970-01-01 00:29:01.179600,1970-01-01 00:29:01.221900,0.0,2.0305678349170377,1963.8636815400134
HEDGE_010029,SHADOW_HEDGE,LONG,1970-01-01 00:29:01.221900,1970-01-01 00:29:01.232700,0.0,2.1341704863508077,1963.8636815400134
HEDGE_010029,SHADOW_HEDGE,LONG,1970-01-01 00:29:01.232700,1970-01-01 00:29:01.234500,0.0,2.0932249856533933,1963.8636815400134
HEDGE_010029,SHADOW_HEDGE,LONG,1970-01-01 00:29:01.234500,1970-01-01 00:29:01.240800,0.0,2.1341704863508077,1963.8636815400134
HEDGE_010029,SHADOW_HEDGE,LONG,1970-01-01 00:29:01.240800,1970-01-01 00:29:01.246200,0.0,2.1341704863508077,1963.8636815400134
HEDGE_010029,SHADOW_HEDGE,LONG,1970-01-01 00:29:01.246200,1970-01-01 00:29:01.251600,0.0,2.0305678349170377,1963.8636815400134
HEDGE_010029,SHADOW_HEDGE,LONG,1970-01-01 00:29:01.251600,1970-01-01 00:29:01.262400,0.0,1.9730383096800255,1963.8636815400134
SHADOW_S_010029,SHADOW_V4,SHORT,1970-01-01 00:29:01.107600,1970-01-01 00:29:01.459500,0.01893806198824525,1.9730383096800255,1971.302035967507
SHADOW_S_010029,SHADOW_V4,SHORT,1970-01-01 00:29:01.091400,1970-01-01 00:29:01.461300,0.06785433527587288,2.1291957299723676,2001.6618773462108
HEDGE_010028,SHADOW_HEDGE,SHORT,1970-01-01 00:29:01.541400,1970-01-01 00:29:01.548600,0.0,0.6834972721473164,2001.6618773462108
HEDGE_010028,SHADOW_HEDGE,SHORT,1970-01-01 00:29:01.554900,1970-01-01 00:29:01.566600,0.0,0.6891123448650516,2001.6618773462108
SHADOW_S_010029,SHADOW_V4,SHORT,1970-01-01 00:29:01.092300,1970-01-01 00:29:01.573800,0.004849712214879539,2.0932249856533933,2003.5667120831554
SHADOW_S_010029,SHADOW_V4,SHORT,1970-01-01 00:29:01.098600,1970-01-01 00:29:01.574700,0.02910613658687895,2.0305678349170377,2014.9988089937383
SHADOW_S_010029,SHADOW_V4,SHORT,1970-01-01 00:29:01.463100,1970-01-01 00:29:01.574700,0.050364077669902814,2.024334422882495,2035.161179845648
SHADOW_S_010029,SHADOW_V4,SHORT,1970-01-01 00:29:01.532400,1970-01-01 00:29:01.574700,0.029958677685950327,2.0678325179196393,2047.1546084495817
HEDGE_010029,SHADOW_HEDGE,LONG,1970-01-01 00:29:01.579200,1970-01-01 00:29:01.600800,0.0,2.1459505297307935,2047.1546084495817
HEDGE_010029,SHADOW_HEDGE,LONG,1970-01-01 00:29:01.600800,1970-01-01 00:29:01.613400,0.0,2.1459505297307935,2047.1546084495817
HEDGE_010028,SHADOW_HEDGE,SHORT,1970-01-01 00:29:01.632300,1970-01-01 00:29:01.635000,0.0,0.6834972721473164,2047.1546084495817
HEDGE_010028,SHADOW_HEDGE,SHORT,1970-01-01 00:29:01.652100,1970-01-01 00:29:01.656600,0.0,0.6891123448650516,2047.1546084495817
HEDGE_010028,SHADOW_HEDGE,SHORT,1970-01-01 00:29:01.656600,1970-01-01 00:29:01.657500,0.0,0.6675771319411268,2047.1546084495817
SHADOW_S_010029,SHADOW_V4,SHORT,1970-01-01 00:29:01.093200,1970-01-01 00:29:01.659300,0.03983937965914689,2.1341704863508077,2062.8468871468176
SHADOW_S_010029,SHADOW_V4,SHORT,1970-01-01 00:29:01.573800,1970-01-01 00:29:01.659300,0.05098270229743471,2.1459505297307935,2083.2763361898546
SHADOW_S_010029,SHADOW_V4,SHORT,1970-01-01 00:29:01.579200,1970-01-01 00:29:01.659300,0.08181347150259063,2.1214037393259915,2116.773301233812
SHADOW_S_010029,SHADOW_V4,SHORT,1970-01-01 00:29:01.598100,1970-01-01 00:29:01.662000,0.1077092953222245,2.0549634696341914,2160.872817292162
SHADOW_S_010029,SHADOW_V4,SHORT,1970-01-01 00:29:01.599900,1970-01-01 00:29:01.662000,0.09466822834445182,2.0849973096191694,2199.6329172779824
HEDGE_010028,SHADOW_HEDGE,SHORT,1970-01-01 00:29:01.664700,1970-01-01 00:29:01.666500,0.0,0.6834972721473164,2199.6329172779824
HEDGE_010028,SHADOW_HEDGE,SHORT,1970-01-01 00:29:01.698000,1970-01-01 00:29:01.698900,0.0,0.6580174681220853,2199.6329172779824
HEDGE_010028,SHADOW_HEDGE,SHORT,1970-01-01 00:29:01.701600,1970-01-01 00:29:01.705200,0.0,0.6891123448650516,2199.6329172779824
SHADOW_S_010029,SHADOW_V4,SHORT,1970-01-01 00:29:01.669200,1970-01-01 00:29:01.709700,0.016916358007628803,2.4320116283686026,2207.0748728607905
HEDGE_010028,SHADOW_HEDGE,SHORT,1970-01-01 00:29:01.713300,1970-01-01 00:29:01.716000,0.0,0.6834972721473164,2207.0748728607905
HEDGE_010029,SHADOW_HEDGE,LONG,1970-01-01 00:29:01.717800,1970-01-01 00:29:01.738500,0.0,2.4367373699815515,2207.0748728607905
HEDGE_010028,SHADOW_HEDGE,SHORT,1970-01-01 00:29:01.752900,1970-01-01 00:29:01.763700,0.0,0.6675771319411268,2207.0748728607905
HEDGE_010028,SHADOW_HEDGE,SHORT,1970-01-01 00:29:01.770900,1970-01-01 00:29:01.781700,0.0,0.6891123448650516,2207.0748728607905
HEDGE_010028,SHADOW_HEDGE,SHORT,1970-01-01 00:29:01.788000,1970-01-01 00:29:01.794300,0.0,0.6834972721473164,2207.0748728607905
HEDGE_010028,SHADOW_HEDGE,SHORT,1970-01-01 00:29:01.794300,1970-01-01 00:29:01.798800,0.0,0.6580174681220853,2207.0748728607905
HEDGE_010028,SHADOW_HEDGE,SHORT,1970-01-01 00:29:01.801500,1970-01-01 00:29:01.811400,0.0,0.6891123448650516,2207.0748728607905
SHADOW_S_010029,SHADOW_V4,SHORT,1970-01-01 00:29:01.716000,1970-01-01 00:29:01.813200,0.022961337160222927,2.4367373699815515,2217.016761330315
SHADOW_S_010029,SHADOW_V4,SHORT,1970-01-01 00:29:01.766400,1970-01-01 00:29:01.813200,0.01832061068702279,2.4959851544934017,2225.1037532308737
SHADOW_S_010029,SHADOW_V4,SHORT,1970-01-01 00:29:01.718700,1970-01-01 00:29:01.816800,0.05649533723704179,2.3932713867499356,2250.041641080808
HEDGE_010028,SHADOW_HEDGE,SHORT,1970-01-01 00:29:01.882500,1970-01-01 00:29:01.889700,0.0,0.6580174681220853,2250.041641080808
HEDGE_010028,SHADOW_HEDGE,SHORT,1970-01-01 00:29:01.889700,1970-01-01 00:29:01.905000,0.0,0.6675771319411268,2250.041641080808
HEDGE_010028,SHADOW_HEDGE,SHORT,1970-01-01 00:29:01.905000,1970-01-01 00:29:01.918500,0.0,0.6580174681220853,2250.041641080808
HEDGE_010029,SHADOW_HEDGE,LONG,1970-01-01 00:29:01.920300,1970-01-01 00:29:01.928400,0.0,2.730964487293128,2250.041641080808
HEDGE_010028,SHADOW_HEDGE,SHORT,1970-01-01 00:29:01.918500,1970-01-01 00:29:01.940100,0.0,0.6834972721473164,2250.041641080808
HEDGE_010028,SHADOW_HEDGE,SHORT,1970-01-01 00:29:01.940100,1970-01-01 00:29:01.959900,0.0,0.6891123448650516,2250.041641080808
HEDGE_010029,SHADOW_HEDGE,LONG,1970-01-01 00:29:01.959900,1970-01-01 00:29:01.962600,0.0,2.730964487293128,2250.041641080808
SHADOW_S_010029,SHADOW_V4,SHORT,1970-01-01 00:29:01.830300,1970-01-01 00:29:01.962600,0.023624299279258642,2.5741238314618555,2260.6727725047454
HEDGE_010029,SHADOW_HEDGE,LONG,1970-01-01 00:29:01.959900,1970-01-01 00:29:01.962600,0.0,2.730964487293128,2260.6727725047454
SHADOW_S_010029,SHADOW_V4,SHORT,1970-01-01 00:29:01.856400,1970-01-01 00:29:01.962600,0.009976219476828484,2.6101057259797087,2265.1621543534307
HEDGE_010029,SHADOW_HEDGE,LONG,1970-01-01 00:29:01.959900,1970-01-01 00:29:01.962600,0.0,2.730964487293128,2265.1621543534307
SHADOW_S_010029,SHADOW_V4,SHORT,1970-01-01 00:29:01.862700,1970-01-01 00:29:01.962600,0.020879940343027675,2.5813590788513827,2274.5583014004496
HEDGE_010029,SHADOW_HEDGE,LONG,1970-01-01 00:29:01.963500,1970-01-01 00:29:02.002200,0.0,2.730964487293128,2274.5583014004496
HEDGE_010029,SHADOW_HEDGE,LONG,1970-01-01 00:29:02.002200,1970-01-01 00:29:02.022900,0.0,2.730964487293128,2274.5583014004496
HEDGE_010029,SHADOW_HEDGE,LONG,1970-01-01 00:29:02.022900,1970-01-01 00:29:02.048100,0.0,2.665133635714394,2274.5583014004496
HEDGE_010029,SHADOW_HEDGE,LONG,1970-01-01 00:29:02.056200,1970-01-01 00:29:02.087700,0.0,2.730964487293128,2274.5583014004496
HEDGE_010028,SHADOW_HEDGE,SHORT,1970-01-01 00:29:02.124600,1970-01-01 00:29:02.140800,0.0,0.6675771319411268,2274.5583014004496
HEDGE_010028,SHADOW_HEDGE,SHORT,1970-01-01 00:29:02.154300,1970-01-01 00:29:02.171400,0.0,0.6891123448650516,2274.5583014004496
SHADOW_S_010029,SHADOW_V4,SHORT,1970-01-01 00:29:01.992300,1970-01-01 00:29:02.232600,0.010376874394207158,2.593714922630081,2279.2788625596363
HEDGE_010029,SHADOW_HEDGE,LONG,1970-01-01 00:29:02.236200,1970-01-01 00:29:02.259600,0.0,2.665133635714394,2279.2788625596363
SHADOW_S_010029,SHADOW_V4,SHORT,1970-01-01 00:29:01.964400,1970-01-01 00:29:02.259600,0.0013287117273251864,2.6280280778745806,2279.8833090175476
SHADOW_S_010029,SHADOW_V4,SHORT,1970-01-01 00:29:02.236200,1970-01-01 00:29:02.381100,0.006302878882516686,2.5884718216565057,2282.7565127395865
HEDGE_010029,SHADOW_HEDGE,LONG,1970-01-01 00:29:02.381100,1970-01-01 00:29:02.387400,0.0,2.6499486360406204,2282.7565127395865
HEDGE_010029,SHADOW_HEDGE,LONG,1970-01-01 00:29:02.387400,1970-01-01 00:29:02.405400,0.0,2.730964487293128,2282.7565127395865
HEDGE_010029,SHADOW_HEDGE,LONG,1970-01-01 00:29:02.405400,1970-01-01 00:29:02.411700,0.0,2.665133635714394,2282.7565127395865
HEDGE_010029,SHADOW_HEDGE,LONG,1970-01-01 00:29:02.411700,1970-01-01 00:29:02.429700,0.0,2.6499486360406204,2282.7565127395865
HEDGE_010029,SHADOW_HEDGE,LONG,1970-01-01 00:29:02.429700,1970-01-01 00:29:02.434200,0.0,2.730964487293128,2282.7565127395865
HEDGE_010029,SHADOW_HEDGE,LONG,1970-01-01 00:29:02.437800,1970-01-01 00:29:02.465700,0.0,2.608864585988099,2282.7565127395865
HEDGE_010029,SHADOW_HEDGE,LONG,1970-01-01 00:29:02.515200,1970-01-01 00:29:02.534100,0.0,2.665133635714394,2282.7565127395865
HEDGE_010029,SHADOW_HEDGE,LONG,1970-01-01 00:29:02.589000,1970-01-01 00:29:02.652900,0.0,2.608864585988099,2282.7565127395865
HEDGE_010029,SHADOW_HEDGE,LONG,1970-01-01 00:29:02.667300,1970-01-01 00:29:02.684400,0.0,2.6499486360406204,2282.7565127395865
HEDGE_010029,SHADOW_HEDGE,LONG,1970-01-01 00:29:02.692500,1970-01-01 00:29:02.742900,0.0,2.608864585988099,2282.7565127395865
HEDGE_010029,SHADOW_HEDGE,LONG,1970-01-01 00:29:02.742900,1970-01-01 00:29:02.779800,0.0,2.730964487293128,2282.7565127395865
HEDGE_010029,SHADOW_HEDGE,LONG,1970-01-01 00:29:02.781600,1970-01-01 00:29:02.832900,0.0,2.665133635714394,2282.7565127395865
HEDGE_010029,SHADOW_HEDGE,LONG,1970-01-01 00:29:02.832900,1970-01-01 00:29:02.857200,0.0,2.730964487293128,2282.7565127395865
HEDGE_010029,SHADOW_HEDGE,LONG,1970-01-01 00:29:02.857200,1970-01-01 00:29:02.868000,0.0,2.665133635714394,2282.7565127395865
HEDGE_010029,SHADOW_HEDGE,LONG,1970-01-01 00:29:02.868000,1970-01-01 00:29:02.906700,0.0,2.6499486360406204,2282.7565127395865
HEDGE_010029,SHADOW_HEDGE,LONG,1970-01-01 00:29:02.906700,1970-01-01 00:29:02.910300,0.0,2.608864585988099,2282.7565127395865
HEDGE_010029,SHADOW_HEDGE,LONG,1970-01-01 00:29:02.992200,1970-01-01 00:29:02.996700,0.0,2.608864585988099,2282.7565127395865
HEDGE_010028,SHADOW_HEDGE,SHORT,1970-01-01 00:29:03.340500,1970-01-01 00:29:03.358500,0.0,0.6834972721473164,2282.7565127395865
HEDGE_010028,SHADOW_HEDGE,SHORT,1970-01-01 00:29:03.372000,1970-01-01 00:29:03.382800,0.0,0.6675771319411268,2282.7565127395865
HEDGE_010028,SHADOW_HEDGE,SHORT,1970-01-01 00:29:03.382800,1970-01-01 00:29:03.417900,0.0,0.6891123448650516,2282.7565127395865
HEDGE_010028,SHADOW_HEDGE,SHORT,1970-01-01 00:29:03.417900,1970-01-01 00:29:03.425100,0.0,0.6580174681220853,2282.7565127395865
HEDGE_010028,SHADOW_HEDGE,SHORT,1970-01-01 00:29:03.425100,1970-01-01 00:29:03.429600,0.0,0.6675771319411268,2282.7565127395865
HEDGE_010028,SHADOW_HEDGE,SHORT,1970-01-01 00:29:03.429600,1970-01-01 00:29:03.432300,0.0,0.6834972721473164,2282.7565127395865
SHADOW_S_010029,SHADOW_V4,SHORT,1970-01-01 00:29:01.812300,1970-01-01 00:29:03.432300,0.0054678500100749285,2.5608573102753267,2285.043565202741
SHADOW_S_010029,SHADOW_V4,SHORT,1970-01-01 00:29:01.915800,1970-01-01 00:29:03.432300,0.014200752518509548,2.730964487293128,2291.434022103007
SHADOW_S_010029,SHADOW_V4,SHORT,1970-01-01 00:29:01.962600,1970-01-01 00:29:03.432300,0.04833323569043295,2.665133635714394,2313.421374597651
SHADOW_S_010029,SHADOW_V4,SHORT,1970-01-01 00:29:02.281200,1970-01-01 00:29:03.432300,0.05596559539722204,2.6499486360406204,2338.940379962722
SHADOW_S_010029,SHADOW_V4,SHORT,1970-01-01 00:29:02.381100,1970-01-01 00:29:03.432300,0.07177142857142858,2.608864585988099,2371.7077191627327
HEDGE_010028,SHADOW_HEDGE,SHORT,1970-01-01 00:29:03.433200,1970-01-01 00:29:03.444900,0.0,0.6891123448650516,2371.7077191627327
HEDGE_010028,SHADOW_HEDGE,SHORT,1970-01-01 00:29:03.453900,1970-01-01 00:29:03.474600,0.0,0.6891123448650516,2371.7077191627327
HEDGE_010029,SHADOW_HEDGE,LONG,1970-01-01 00:29:03.484500,1970-01-01 00:29:03.505200,0.0,2.951904560536104,2371.7077191627327
HEDGE_010029,SHADOW_HEDGE,LONG,1970-01-01 00:29:03.505200,1970-01-01 00:29:03.531300,0.0,2.951904560536104,2371.7077191627327
HEDGE_010029,SHADOW_HEDGE,LONG,1970-01-01 00:29:03.531300,1970-01-01 00:29:03.548400,0.0,2.926408438722602,2371.7077191627327
HEDGE_010029,SHADOW_HEDGE,LONG,1970-01-01 00:29:03.548400,1970-01-01 00:29:03.553800,0.0,2.9118572365411084,2371.7077191627327
HEDGE_010028,SHADOW_HEDGE,SHORT,1970-01-01 00:29:03.576300,1970-01-01 00:29:03.579000,0.0,0.6834972721473164,2371.7077191627327
HEDGE_010028,SHADOW_HEDGE,SHORT,1970-01-01 00:29:03.598800,1970-01-01 00:29:03.606000,0.0,0.6675771319411268,2371.7077191627327
HEDGE_010028,SHADOW_HEDGE,SHORT,1970-01-01 00:29:03.627600,1970-01-01 00:29:03.640200,0.0,0.6891123448650516,2371.7077191627327
HEDGE_010028,SHADOW_HEDGE,SHORT,1970-01-01 00:29:03.640200,1970-01-01 00:29:03.648300,0.0,0.6580174681220853,2371.7077191627327
HEDGE_010028,SHADOW_HEDGE,SHORT,1970-01-01 00:29:03.648300,1970-01-01 00:29:03.654600,0.0,0.6834972721473164,2371.7077191627327
HEDGE_010028,SHADOW_HEDGE,SHORT,1970-01-01 00:29:03.659100,1970-01-01 00:29:03.687900,0.0,0.6675771319411268,2371.7077191627327
HEDGE_010028,SHADOW_HEDGE,SHORT,1970-01-01 00:29:03.687900,1970-01-01 00:29:03.694200,0.0,0.6580174681220853,2371.7077191627327
HEDGE_010028,SHADOW_HEDGE,SHORT,1970-01-01 00:29:03.694200,1970-01-01 00:29:03.713100,0.0,0.6675771319411268,2371.7077191627327
HEDGE_010028,SHADOW_HEDGE,SHORT,1970-01-01 00:29:03.713100,1970-01-01 00:29:03.744600,0.0,0.6834972721473164,2371.7077191627327
HEDGE_010028,SHADOW_HEDGE,SHORT,1970-01-01 00:29:03.744600,1970-01-01 00:29:03.754500,0.0,0.6891123448650516,2371.7077191627327
HEDGE_010028,SHADOW_HEDGE,SHORT,1970-01-01 00:29:03.761700,1970-01-01 00:29:03.767100,0.0,0.6834972721473164,2371.7077191627327
HEDGE_010028,SHADOW_HEDGE,SHORT,1970-01-01 00:29:03.767100,1970-01-01 00:29:03.770700,0.0,0.6580174681220853,2371.7077191627327
HEDGE_010028,SHADOW_HEDGE,SHORT,1970-01-01 00:29:03.770700,1970-01-01 00:29:03.774300,0.0,0.6675771319411268,2371.7077191627327
HEDGE_010028,SHADOW_HEDGE,SHORT,1970-01-01 00:29:03.775200,1970-01-01 00:29:03.778800,0.0,0.6891123448650516,2371.7077191627327
SHADOW_S_010029,SHADOW_V4,SHORT,1970-01-01 00:29:03.432300,1970-01-01 00:29:03.788700,0.06318598093667985,2.920103077028728,2401.877183415627
SHADOW_S_010029,SHADOW_V4,SHORT,1970-01-01 00:29:03.466500,1970-01-01 00:29:03.788700,0.04673595121040507,2.951904560536104,2424.045986665253
SHADOW_S_010029,SHADOW_V4,SHORT,1970-01-01 00:29:03.476400,1970-01-01 00:29:03.788700,0.054969461410327575,2.926408438722602,2450.1202858542715
SHADOW_S_010029,SHADOW_V4,SHORT,1970-01-01 00:29:03.483600,1970-01-01 00:29:03.788700,0.05966850828729281,2.9118572365411084,2478.423538193451
SHADOW_S_010029,SHADOW_V4,SHORT,1970-01-01 00:29:03.489000,1970-01-01 00:29:03.802200,0.06831280713462366,2.8777622024664598,2510.8271405932232
HEDGE_010028,SHADOW_HEDGE,SHORT,1970-01-01 00:29:03.927300,1970-01-01 00:29:03.982200,0.0,0.6834972721473164,2510.8271405932232
HEDGE_010028,SHADOW_HEDGE,SHORT,1970-01-01 00:29:03.982200,1970-01-01 00:29:03.987600,0.0,0.6580174681220853,2510.8271405932232
HEDGE_010028,SHADOW_HEDGE,SHORT,1970-01-01 00:29:03.987600,1970-01-01 00:29:03.999300,0.0,0.6675771319411268,2510.8271405932232
HEDGE_010028,SHADOW_HEDGE,SHORT,1970-01-01 00:29:03.999300,1970-01-01 00:29:04.011000,0.0,0.6580174681220853,2510.8271405932232
HEDGE_010028,SHADOW_HEDGE,SHORT,1970-01-01 00:29:04.011000,1970-01-01 00:29:04.013700,0.0,0.6580174681220853,2510.8271405932232
HEDGE_010028,SHADOW_HEDGE,SHORT,1970-01-01 00:29:04.013700,1970-01-01 00:29:04.014600,0.0,0.6675771319411268,2510.8271405932232
HEDGE_010028,SHADOW_HEDGE,SHORT,1970-01-01 00:29:04.014600,1970-01-01 00:29:04.018200,0.0,0.6834972721473164,2510.8271405932232
SHADOW_S_010029,SHADOW_V4,SHORT,1970-01-01 00:29:03.803100,1970-01-01 00:29:04.018200,0.1912861441842209,3.2851329852063627,2606.8844290806574
SHADOW_S_010029,SHADOW_V4,SHORT,1970-01-01 00:29:03.815700,1970-01-01 00:29:04.018200,0.19591518147521791,3.2663290498155626,2705.266260061102
SHADOW_S_010029,SHADOW_V4,SHORT,1970-01-01 00:29:03.847200,1970-01-01 00:29:04.018200,0.19987055016181227,3.250261670670839,2805.6343404514173
SHADOW_S_010029,SHADOW_V4,SHORT,1970-01-01 00:29:03.879600,1970-01-01 00:29:04.018200,0.18868543676576754,3.295697500286438,2900.3856435846524
HEDGE_010028,SHADOW_HEDGE,SHORT,1970-01-01 00:29:04.018200,1970-01-01 00:29:04.020900,0.0,0.6891123448650516,2900.3856435846524
HEDGE_010028,SHADOW_HEDGE,SHORT,1970-01-01 00:29:04.025400,1970-01-01 00:29:04.028100,0.0,0.6891123448650516,2900.3856435846524
HEDGE_010029,SHADOW_HEDGE,LONG,1970-01-01 00:29:04.033500,1970-01-01 00:29:04.035300,0.0,4.689386650904854,2900.3856435846524
HEDGE_010029,SHADOW_HEDGE,LONG,1970-01-01 00:29:04.039800,1970-01-01 00:29:04.043400,0.0,4.479705990554718,2900.3856435846524
HEDGE_010029,SHADOW_HEDGE,LONG,1970-01-01 00:29:04.057800,1970-01-01 00:29:04.067700,0.0,4.479705990554718,2900.3856435846524
HEDGE_010029,SHADOW_HEDGE,LONG,1970-01-01 00:29:04.075800,1970-01-01 00:29:04.083000,0.0,4.3928597403781176,2900.3856435846524
HEDGE_010029,SHADOW_HEDGE,LONG,1970-01-01 00:29:04.087500,1970-01-01 00:29:04.089300,0.0,4.479705990554718,2900.3856435846524
HEDGE_010029,SHADOW_HEDGE,LONG,1970-01-01 00:29:04.118100,1970-01-01 00:29:04.122600,0.0,4.365749444697301,2900.3856435846524
HEDGE_010028,SHADOW_HEDGE,SHORT,1970-01-01 00:29:04.161300,1970-01-01 00:29:04.162200,0.0,0.6834972721473164,2900.3856435846524
SHADOW_S_010029,SHADOW_V4,SHORT,1970-01-01 00:29:04.033500,1970-01-01 00:29:04.173000,0.01598579040852581,4.479705990554718,2909.658634985101
SHADOW_S_010029,SHADOW_V4,SHORT,1970-01-01 00:29:04.034400,1970-01-01 00:29:04.173000,0.035062476334721766,4.3928597403781176,2929.9975755830515
SHADOW_S_010029,SHADOW_V4,SHORT,1970-01-01 00:29:04.057800,1970-01-01 00:29:04.173000,0.04967183770883062,4.326350900335101,2958.811072579283
SHADOW_S_010029,SHADOW_V4,SHORT,1970-01-01 00:29:04.111800,1970-01-01 00:29:04.173000,0.04101753593738242,4.365749444697301,2982.6044070528833
HEDGE_010029,SHADOW_HEDGE,LONG,1970-01-01 00:29:04.218900,1970-01-01 00:29:04.224300,0.0,4.598172214681082,2982.6044070528833
HEDGE_010029,SHADOW_HEDGE,LONG,1970-01-01 00:29:04.224300,1970-01-01 00:29:04.244100,0.0,4.598172214681082,2982.6044070528833
HEDGE_010029,SHADOW_HEDGE,LONG,1970-01-01 00:29:04.244100,1970-01-01 00:29:04.254000,0.0,4.598172214681082,2982.6044070528833
HEDGE_010029,SHADOW_HEDGE,LONG,1970-01-01 00:29:04.254000,1970-01-01 00:29:04.270200,0.0,4.3913492447775075,2982.6044070528833
SHADOW_S_010029,SHADOW_V4,SHORT,1970-01-01 00:29:04.219800,1970-01-01 00:29:04.337700,0.0156950672645739,4.314486340305053,2991.966842411345
SHADOW_S_010029,SHADOW_V4,SHORT,1970-01-01 00:29:04.220700,1970-01-01 00:29:04.337700,0.039455110107284044,4.210339366251953,3015.502639468694
SHADOW_S_010029,SHADOW_V4,SHORT,1970-01-01 00:29:04.218900,1970-01-01 00:29:04.344000,0.0019876325088339975,4.3913492447775075,3016.688303764784
HEDGE_010029,SHADOW_HEDGE,LONG,1970-01-01 00:29:04.392600,1970-01-01 00:29:04.401600,0.0,4.449720928925118,3016.688303764784
HEDGE_010029,SHADOW_HEDGE,LONG,1970-01-01 00:29:04.444800,1970-01-01 00:29:04.477200,0.0,4.418761247641401,3016.688303764784
HEDGE_010029,SHADOW_HEDGE,LONG,1970-01-01 00:29:04.477200,1970-01-01 00:29:04.503300,0.0,4.598172214681082,3016.688303764784
HEDGE_010029,SHADOW_HEDGE,LONG,1970-01-01 00:29:04.503300,1970-01-01 00:29:04.510500,0.0,4.418761247641401,3016.688303764784
HEDGE_010029,SHADOW_HEDGE,LONG,1970-01-01 00:29:04.510500,1970-01-01 00:29:04.520400,0.0,4.449720928925118,3016.688303764784
HEDGE_010029,SHADOW_HEDGE,LONG,1970-01-01 00:29:04.520400,1970-01-01 00:29:04.542900,0.0,4.366000873818343,3016.688303764784
HEDGE_010029,SHADOW_HEDGE,LONG,1970-01-01 00:29:04.565400,1970-01-01 00:29:04.570800,0.0,4.366000873818343,3016.688303764784
HEDGE_010029,SHADOW_HEDGE,LONG,1970-01-01 00:29:04.628400,1970-01-01 00:29:04.632000,0.0,4.449720928925118,3016.688303764784
SHADOW_S_010029,SHADOW_V4,SHORT,1970-01-01 00:29:04.392600,1970-01-01 00:29:04.866900,0.005789130906722711,4.366000873818343,3020.181104463839
HEDGE_010029,SHADOW_HEDGE,LONG,1970-01-01 00:29:04.874100,1970-01-01 00:29:04.880400,0.0,4.396507903724928,3020.181104463839
HEDGE_010029,SHADOW_HEDGE,LONG,1970-01-01 00:29:05.083800,1970-01-01 00:29:05.133300,0.0,4.396507903724928,3020.181104463839
HEDGE_010029,SHADOW_HEDGE,LONG,1970-01-01 00:29:05.180100,1970-01-01 00:29:05.182800,0.0,4.396507903724928,3020.181104463839
HEDGE_010029,SHADOW_HEDGE,LONG,1970-01-01 00:29:05.195400,1970-01-01 00:29:05.243100,0.0,4.396507903724928,3020.181104463839
HEDGE_010029,SHADOW_HEDGE,LONG,1970-01-01 00:29:05.307000,1970-01-01 00:29:05.335800,0.0,4.396507903724928,3020.181104463839
HEDGE_010029,SHADOW_HEDGE,LONG,1970-01-01 00:29:05.335800,1970-01-01 00:29:05.372700,0.0,4.598172214681082,3020.181104463839
HEDGE_010029,SHADOW_HEDGE,LONG,1970-01-01 00:29:05.372700,1970-01-01 00:29:05.391600,0.0,4.598172214681082,3020.181104463839
HEDGE_010029,SHADOW_HEDGE,LONG,1970-01-01 00:29:05.391600,1970-01-01 00:29:05.415000,0.0,4.598172214681082,3020.181104463839
HEDGE_010029,SHADOW_HEDGE,LONG,1970-01-01 00:29:05.415000,1970-01-01 00:29:05.434800,0.0,4.598172214681082,3020.181104463839
HEDGE_010029,SHADOW_HEDGE,LONG,1970-01-01 00:29:05.434800,1970-01-01 00:29:05.462700,0.0,4.418761247641401,3020.181104463839
HEDGE_010029,SHADOW_HEDGE,LONG,1970-01-01 00:29:05.462700,1970-01-01 00:29:05.471700,0.0,4.598172214681082,3020.181104463839
HEDGE_010029,SHADOW_HEDGE,LONG,1970-01-01 00:29:05.471700,1970-01-01 00:29:05.479800,0.0,4.449720928925118,3020.181104463839
HEDGE_010029,SHADOW_HEDGE,LONG,1970-01-01 00:29:05.479800,1970-01-01 00:29:05.483400,0.0,4.396507903724928,3020.181104463839
HEDGE_010029,SHADOW_HEDGE,LONG,1970-01-01 00:29:05.505000,1970-01-01 00:29:05.514900,0.0,4.396507903724928,3020.181104463839
HEDGE_010029,SHADOW_HEDGE,LONG,1970-01-01 00:29:05.514900,1970-01-01 00:29:05.546400,0.0,4.449720928925118,3020.181104463839
HEDGE_010029,SHADOW_HEDGE,LONG,1970-01-01 00:29:05.551800,1970-01-01 00:29:05.586000,0.0,4.396507903724928,3020.181104463839
HEDGE_010029,SHADOW_HEDGE,LONG,1970-01-01 00:29:05.591400,1970-01-01 00:29:05.602200,0.0,4.418761247641401,3020.181104463839
HEDGE_010029,SHADOW_HEDGE,LONG,1970-01-01 00:29:05.605800,1970-01-01 00:29:05.624700,0.0,4.449720928925118,3020.181104463839
HEDGE_010029,SHADOW_HEDGE,LONG,1970-01-01 00:29:05.627400,1970-01-01 00:29:05.637300,0.0,4.396507903724928,3020.181104463839
HEDGE_010029,SHADOW_HEDGE,LONG,1970-01-01 00:29:05.637300,1970-01-01 00:29:05.658000,0.0,4.598172214681082,3020.181104463839
HEDGE_010029,SHADOW_HEDGE,LONG,1970-01-01 00:29:05.658000,1970-01-01 00:29:05.667000,0.0,4.418761247641401,3020.181104463839
HEDGE_010029,SHADOW_HEDGE,LONG,1970-01-01 00:29:05.694900,1970-01-01 00:29:05.716500,0.0,4.449720928925118,3020.181104463839
HEDGE_010029,SHADOW_HEDGE,LONG,1970-01-01 00:29:05.716500,1970-01-01 00:29:05.721000,0.0,4.598172214681082,3020.181104463839
HEDGE_010029,SHADOW_HEDGE,LONG,1970-01-01 00:29:05.721000,1970-01-01 00:29:05.729100,0.0,4.418761247641401,3020.181104463839
HEDGE_010029,SHADOW_HEDGE,LONG,1970-01-01 00:29:05.734500,1970-01-01 00:29:05.766000,0.0,4.396507903724928,3020.181104463839
HEDGE_010029,SHADOW_HEDGE,LONG,1970-01-01 00:29:05.820900,1970-01-01 00:29:05.833500,0.0,4.449720928925118,3020.181104463839
HEDGE_010029,SHADOW_HEDGE,LONG,1970-01-01 00:29:05.836200,1970-01-01 00:29:05.841600,0.0,4.396507903724928,3020.181104463839
HEDGE_010029,SHADOW_HEDGE,LONG,1970-01-01 00:29:06.096300,1970-01-01 00:29:06.113400,0.0,4.418761247641401,3020.181104463839
HEDGE_010029,SHADOW_HEDGE,LONG,1970-01-01 00:29:06.113400,1970-01-01 00:29:06.120600,0.0,4.418761247641401,3020.181104463839
HEDGE_010029,SHADOW_HEDGE,LONG,1970-01-01 00:29:06.120600,1970-01-01 00:29:06.138600,0.0,4.449720928925118,3020.181104463839
HEDGE_010029,SHADOW_HEDGE,LONG,1970-01-01 00:29:06.146700,1970-01-01 00:29:06.167400,0.0,4.396507903724928,3020.181104463839
HEDGE_010029,SHADOW_HEDGE,LONG,1970-01-01 00:29:06.201600,1970-01-01 00:29:06.214200,0.0,4.598172214681082,3020.181104463839
HEDGE_010029,SHADOW_HEDGE,LONG,1970-01-01 00:29:06.305100,1970-01-01 00:29:06.314100,0.0,4.449720928925118,3020.181104463839
HEDGE_010029,SHADOW_HEDGE,LONG,1970-01-01 00:29:06.314100,1970-01-01 00:29:06.327600,0.0,4.396507903724928,3020.181104463839
HEDGE_010029,SHADOW_HEDGE,LONG,1970-01-01 00:29:06.337500,1970-01-01 00:29:06.349200,0.0,4.418761247641401,3020.181104463839
HEDGE_010029,SHADOW_HEDGE,LONG,1970-01-01 00:29:06.426600,1970-01-01 00:29:06.440100,0.0,4.449720928925118,3020.181104463839
HEDGE_010029,SHADOW_HEDGE,LONG,1970-01-01 00:29:06.469800,1970-01-01 00:29:06.475200,0.0,4.598172214681082,3020.181104463839
HEDGE_010029,SHADOW_HEDGE,LONG,1970-01-01 00:29:06.484200,1970-01-01 00:29:06.488700,0.0,4.418761247641401,3020.181104463839
HEDGE_010029,SHADOW_HEDGE,LONG,1970-01-01 00:29:06.576900,1970-01-01 00:29:06.584100,0.0,4.396507903724928,3020.181104463839
HEDGE_010029,SHADOW_HEDGE,LONG,1970-01-01 00:29:06.675000,1970-01-01 00:29:06.679500,0.0,4.598172214681082,3020.181104463839
HEDGE_010029,SHADOW_HEDGE,LONG,1970-01-01 00:29:06.679500,1970-01-01 00:29:06.708300,0.0,4.418761247641401,3020.181104463839
HEDGE_010029,SHADOW_HEDGE,LONG,1970-01-01 00:29:06.708300,1970-01-01 00:29:06.720000,0.0,4.598172214681082,3020.181104463839
HEDGE_010029,SHADOW_HEDGE,LONG,1970-01-01 00:29:06.720000,1970-01-01 00:29:06.741600,0.0,4.598172214681082,3020.181104463839
HEDGE_010029,SHADOW_HEDGE,LONG,1970-01-01 00:29:06.741600,1970-01-01 00:29:06.779400,0.0,4.598172214681082,3020.181104463839
HEDGE_010029,SHADOW_HEDGE,LONG,1970-01-01 00:29:06.779400,1970-01-01 00:29:06.781200,0.0,4.598172214681082,3020.181104463839
HEDGE_010029,SHADOW_HEDGE,LONG,1970-01-01 00:29:06.781200,1970-01-01 00:29:06.800100,0.0,4.418761247641401,3020.181104463839
HEDGE_010029,SHADOW_HEDGE,LONG,1970-01-01 00:29:06.800100,1970-01-01 00:29:06.837900,0.0,4.449720928925118,3020.181104463839
HEDGE_010029,SHADOW_HEDGE,LONG,1970-01-01 00:29:06.837900,1970-01-01 00:29:06.866700,0.0,4.449720928925118,3020.181104463839
HEDGE_010029,SHADOW_HEDGE,LONG,1970-01-01 00:29:06.866700,1970-01-01 00:29:06.875700,0.0,4.598172214681082,3020.181104463839
HEDGE_010029,SHADOW_HEDGE,LONG,1970-01-01 00:29:06.875700,1970-01-01 00:29:06.899100,0.0,4.418761247641401,3020.181104463839
HEDGE_010029,SHADOW_HEDGE,LONG,1970-01-01 00:29:06.899100,1970-01-01 00:29:06.922500,0.0,4.598172214681082,3020.181104463839
HEDGE_010029,SHADOW_HEDGE,LONG,1970-01-01 00:29:06.922500,1970-01-01 00:29:06.943200,0.0,4.418761247641401,3020.181104463839
HEDGE_010029,SHADOW_HEDGE,LONG,1970-01-01 00:29:06.943200,1970-01-01 00:29:06.946800,0.0,4.449720928925118,3020.181104463839
HEDGE_010029,SHADOW_HEDGE,LONG,1970-01-01 00:29:06.946800,1970-01-01 00:29:06.948600,0.0,4.396507903724928,3020.181104463839
HEDGE_010029,SHADOW_HEDGE,LONG,1970-01-01 00:29:06.958500,1970-01-01 00:29:06.971100,0.0,4.396507903724928,3020.181104463839
HEDGE_010029,SHADOW_HEDGE,LONG,1970-01-01 00:29:07.033200,1970-01-01 00:29:07.035900,0.0,4.598172214681082,3020.181104463839
HEDGE_010029,SHADOW_HEDGE,LONG,1970-01-01 00:29:07.035900,1970-01-01 00:29:07.044000,0.0,4.418761247641401,3020.181104463839
HEDGE_010029,SHADOW_HEDGE,LONG,1970-01-01 00:29:07.058400,1970-01-01 00:29:07.059300,0.0,4.449720928925118,3020.181104463839
HEDGE_010029,SHADOW_HEDGE,LONG,1970-01-01 00:29:07.060200,1970-01-01 00:29:07.062000,0.0,4.396507903724928,3020.181104463839
HEDGE_010029,SHADOW_HEDGE,LONG,1970-01-01 00:29:07.150200,1970-01-01 00:29:07.188000,0.0,4.418761247641401,3020.181104463839
HEDGE_010029,SHADOW_HEDGE,LONG,1970-01-01 00:29:07.188000,1970-01-01 00:29:07.209600,0.0,4.598172214681082,3020.181104463839
HEDGE_010029,SHADOW_HEDGE,LONG,1970-01-01 00:29:07.209600,1970-01-01 00:29:07.212300,0.0,4.418761247641401,3020.181104463839
HEDGE_010029,SHADOW_HEDGE,LONG,1970-01-01 00:29:07.212300,1970-01-01 00:29:07.231200,0.0,4.449720928925118,3020.181104463839
HEDGE_010029,SHADOW_HEDGE,LONG,1970-01-01 00:29:07.231200,1970-01-01 00:29:07.242000,0.0,4.396507903724928,3020.181104463839
HEDGE_010029,SHADOW_HEDGE,LONG,1970-01-01 00:29:07.267200,1970-01-01 00:29:07.272600,0.0,4.449720928925118,3020.181104463839
HEDGE_010029,SHADOW_HEDGE,LONG,1970-01-01 00:29:07.298700,1970-01-01 00:29:07.301400,0.0,4.396507903724928,3020.181104463839
HEDGE_010029,SHADOW_HEDGE,LONG,1970-01-01 00:29:07.327500,1970-01-01 00:29:07.332900,0.0,4.449720928925118,3020.181104463839
HEDGE_010029,SHADOW_HEDGE,LONG,1970-01-01 00:29:07.372500,1970-01-01 00:29:07.397700,0.0,4.418761247641401,3020.181104463839
HEDGE_010029,SHADOW_HEDGE,LONG,1970-01-01 00:29:07.397700,1970-01-01 00:29:07.405800,0.0,4.598172214681082,3020.181104463839
HEDGE_010029,SHADOW_HEDGE,LONG,1970-01-01 00:29:07.405800,1970-01-01 00:29:07.413000,0.0,4.396507903724928,3020.181104463839
HEDGE_010029,SHADOW_HEDGE,LONG,1970-01-01 00:29:07.580400,1970-01-01 00:29:07.590300,0.0,4.449720928925118,3020.181104463839
HEDGE_010029,SHADOW_HEDGE,LONG,1970-01-01 00:29:07.674900,1970-01-01 00:29:07.678500,0.0,4.418761247641401,3020.181104463839
HEDGE_010029,SHADOW_HEDGE,LONG,1970-01-01 00:29:07.679400,1970-01-01 00:29:07.692900,0.0,4.396507903724928,3020.181104463839
HEDGE_010029,SHADOW_HEDGE,LONG,1970-01-01 00:29:07.693800,1970-01-01 00:29:07.701000,0.0,4.449720928925118,3020.181104463839
HEDGE_010029,SHADOW_HEDGE,LONG,1970-01-01 00:29:07.701000,1970-01-01 00:29:07.720800,0.0,4.598172214681082,3020.181104463839
HEDGE_010029,SHADOW_HEDGE,LONG,1970-01-01 00:29:07.720800,1970-01-01 00:29:07.728000,0.0,4.598172214681082,3020.181104463839
HEDGE_010029,SHADOW_HEDGE,LONG,1970-01-01 00:29:07.728000,1970-01-01 00:29:07.738800,0.0,4.418761247641401,3020.181104463839
HEDGE_010029,SHADOW_HEDGE,LONG,1970-01-01 00:29:07.738800,1970-01-01 00:29:07.744200,0.0,4.449720928925118,3020.181104463839
HEDGE_010029,SHADOW_HEDGE,LONG,1970-01-01 00:29:07.744200,1970-01-01 00:29:07.764900,0.0,4.396507903724928,3020.181104463839
HEDGE_010029,SHADOW_HEDGE,LONG,1970-01-01 00:29:07.966500,1970-01-01 00:29:07.974600,0.0,4.396507903724928,3020.181104463839
HEDGE_010029,SHADOW_HEDGE,LONG,1970-01-01 00:29:08.082600,1970-01-01 00:29:08.102400,0.0,4.449720928925118,3020.181104463839
HEDGE_010029,SHADOW_HEDGE,LONG,1970-01-01 00:29:08.102400,1970-01-01 00:29:08.106900,0.0,4.598172214681082,3020.181104463839
HEDGE_010029,SHADOW_HEDGE,LONG,1970-01-01 00:29:08.106900,1970-01-01 00:29:08.112300,0.0,4.598172214681082,3020.181104463839
HEDGE_010029,SHADOW_HEDGE,LONG,1970-01-01 00:29:08.112300,1970-01-01 00:29:08.120400,0.0,4.418761247641401,3020.181104463839
HEDGE_010029,SHADOW_HEDGE,LONG,1970-01-01 00:29:08.142900,1970-01-01 00:29:08.146500,0.0,4.396507903724928,3020.181104463839
HEDGE_010029,SHADOW_HEDGE,LONG,1970-01-01 00:29:08.151900,1970-01-01 00:29:08.157300,0.0,4.418761247641401,3020.181104463839
HEDGE_010029,SHADOW_HEDGE,LONG,1970-01-01 00:29:08.213100,1970-01-01 00:29:08.223900,0.0,4.449720928925118,3020.181104463839
HEDGE_010029,SHADOW_HEDGE,LONG,1970-01-01 00:29:08.223900,1970-01-01 00:29:08.248200,0.0,4.396507903724928,3020.181104463839
HEDGE_010029,SHADOW_HEDGE,LONG,1970-01-01 00:29:08.325600,1970-01-01 00:29:08.328300,0.0,4.449720928925118,3020.181104463839
HEDGE_010029,SHADOW_HEDGE,LONG,1970-01-01 00:29:08.331900,1970-01-01 00:29:08.358000,0.0,4.396507903724928,3020.181104463839
HEDGE_010029,SHADOW_HEDGE,LONG,1970-01-01 00:29:08.358000,1970-01-01 00:29:08.377800,0.0,4.598172214681082,3020.181104463839
HEDGE_010029,SHADOW_HEDGE,LONG,1970-01-01 00:29:08.379600,1970-01-01 00:29:08.394900,0.0,4.418761247641401,3020.181104463839
HEDGE_010029,SHADOW_HEDGE,LONG,1970-01-01 00:29:09.505500,1970-01-01 00:29:09.562200,0.0,4.418761247641401,3020.181104463839
HEDGE_010029,SHADOW_HEDGE,LONG,1970-01-01 00:29:09.562200,1970-01-01 00:29:09.566700,0.0,4.598172214681082,3020.181104463839
HEDGE_010029,SHADOW_HEDGE,LONG,1970-01-01 00:29:09.566700,1970-01-01 00:29:09.569400,0.0,4.418761247641401,3020.181104463839
HEDGE_010029,SHADOW_HEDGE,LONG,1970-01-01 00:29:09.569400,1970-01-01 00:29:09.594600,0.0,4.449720928925118,3020.181104463839
HEDGE_010029,SHADOW_HEDGE,LONG,1970-01-01 00:29:09.594600,1970-01-01 00:29:09.632400,0.0,4.396507903724928,3020.181104463839
HEDGE_010029,SHADOW_HEDGE,LONG,1970-01-01 00:29:09.632400,1970-01-01 00:29:09.645900,0.0,4.396507903724928,3020.181104463839
HEDGE_010029,SHADOW_HEDGE,LONG,1970-01-01 00:29:09.645900,1970-01-01 00:29:09.657600,0.0,4.418761247641401,3020.181104463839
HEDGE_010029,SHADOW_HEDGE,LONG,1970-01-01 00:29:09.657600,1970-01-01 00:29:09.663900,0.0,4.598172214681082,3020.181104463839
HEDGE_010029,SHADOW_HEDGE,LONG,1970-01-01 00:29:09.663900,1970-01-01 00:29:09.678300,0.0,4.449720928925118,3020.181104463839
HEDGE_010029,SHADOW_HEDGE,LONG,1970-01-01 00:29:12.182100,1970-01-01 00:29:12.191100,0.0,4.396507903724928,3020.181104463839
HEDGE_010029,SHADOW_HEDGE,LONG,1970-01-01 00:29:12.210900,1970-01-01 00:29:12.216300,0.0,4.449720928925118,3020.181104463839
HEDGE_010029,SHADOW_HEDGE,LONG,1970-01-01 00:29:12.223500,1970-01-01 00:29:12.236100,0.0,4.418761247641401,3020.181104463839
HEDGE_010029,SHADOW_HEDGE,LONG,1970-01-01 00:29:12.416100,1970-01-01 00:29:12.421500,0.0,4.449720928925118,3020.181104463839
HEDGE_010029,SHADOW_HEDGE,LONG,1970-01-01 00:29:12.458400,1970-01-01 00:29:12.474600,0.0,4.396507903724928,3020.181104463839
HEDGE_010029,SHADOW_HEDGE,LONG,1970-01-01 00:29:12.474600,1970-01-01 00:29:12.493500,0.0,4.598172214681082,3020.181104463839
HEDGE_010029,SHADOW_HEDGE,LONG,1970-01-01 00:29:12.493500,1970-01-01 00:29:12.503400,0.0,4.598172214681082,3020.181104463839
HEDGE_010029,SHADOW_HEDGE,LONG,1970-01-01 00:29:12.503400,1970-01-01 00:29:12.516000,0.0,4.418761247641401,3020.181104463839
HEDGE_010029,SHADOW_HEDGE,LONG,1970-01-01 00:29:12.560100,1970-01-01 00:29:12.574500,0.0,4.396507903724928,3020.181104463839
HEDGE_010029,SHADOW_HEDGE,LONG,1970-01-01 00:29:12.584400,1970-01-01 00:29:12.589800,0.0,4.449720928925118,3020.181104463839
HEDGE_010029,SHADOW_HEDGE,LONG,1970-01-01 00:29:12.593400,1970-01-01 00:29:12.604200,0.0,4.396507903724928,3020.181104463839
HEDGE_010029,SHADOW_HEDGE,LONG,1970-01-01 00:29:12.605100,1970-01-01 00:29:12.608700,0.0,4.418761247641401,3020.181104463839
HEDGE_010029,SHADOW_HEDGE,LONG,1970-01-01 00:29:12.615900,1970-01-01 00:29:12.632100,0.0,4.449720928925118,3020.181104463839
HEDGE_010029,SHADOW_HEDGE,LONG,1970-01-01 00:29:12.640200,1970-01-01 00:29:12.645600,0.0,4.396507903724928,3020.181104463839
HEDGE_010029,SHADOW_HEDGE,LONG,1970-01-01 00:29:12.646500,1970-01-01 00:29:12.662700,0.0,4.598172214681082,3020.181104463839
HEDGE_010029,SHADOW_HEDGE,LONG,1970-01-01 00:29:12.662700,1970-01-01 00:29:12.679800,0.0,4.418761247641401,3020.181104463839
HEDGE_010029,SHADOW_HEDGE,LONG,1970-01-01 00:29:12.684300,1970-01-01 00:29:12.702300,0.0,4.449720928925118,3020.181104463839
HEDGE_010029,SHADOW_HEDGE,LONG,1970-01-01 00:29:12.744600,1970-01-01 00:29:12.748200,0.0,4.396507903724928,3020.181104463839
HEDGE_010029,SHADOW_HEDGE,LONG,1970-01-01 00:29:12.813900,1970-01-01 00:29:12.823800,0.0,4.418761247641401,3020.181104463839
HEDGE_010029,SHADOW_HEDGE,LONG,1970-01-01 00:29:12.826500,1970-01-01 00:29:12.827400,0.0,4.449720928925118,3020.181104463839
HEDGE_010029,SHADOW_HEDGE,LONG,1970-01-01 00:29:12.842700,1970-01-01 00:29:12.843600,0.0,4.598172214681082,3020.181104463839
HEDGE_010029,SHADOW_HEDGE,LONG,1970-01-01 00:29:13.026300,1970-01-01 00:29:13.033500,0.0,4.396507903724928,3020.181104463839
HEDGE_010029,SHADOW_HEDGE,LONG,1970-01-01 00:29:15.142200,1970-01-01 00:29:15.152100,0.0,4.418761247641401,3020.181104463839
HEDGE_010029,SHADOW_HEDGE,LONG,1970-01-01 00:29:15.887400,1970-01-01 00:29:15.918000,0.0,4.449720928925118,3020.181104463839
HEDGE_010029,SHADOW_HEDGE,LONG,1970-01-01 00:29:15.918000,1970-01-01 00:29:15.933300,0.0,4.598172214681082,3020.181104463839
HEDGE_010029,SHADOW_HEDGE,LONG,1970-01-01 00:29:15.933300,1970-01-01 00:29:15.936900,0.0,4.418761247641401,3020.181104463839
HEDGE_010029,SHADOW_HEDGE,LONG,1970-01-01 00:29:15.936900,1970-01-01 00:29:15.959400,0.0,4.449720928925118,3020.181104463839
HEDGE_010029,SHADOW_HEDGE,LONG,1970-01-01 00:29:15.959400,1970-01-01 00:29:15.961200,0.0,4.598172214681082,3020.181104463839
SHADOW_L_010028,SHADOW_V4,LONG,1970-01-01 00:28:57.374400,1970-01-01 00:29:15.961200,0.05193867632039598,0.704264498280537,3032.6710483671222
SHADOW_L_010028,SHADOW_V4,LONG,1970-01-01 00:28:57.526500,1970-01-01 00:29:15.961200,0.0006407399153109489,0.6834972721473164,3032.828252739716
SHADOW_L_010028,SHADOW_V4,LONG,1970-01-01 00:28:57.531000,1970-01-01 00:29:15.961200,0.007545582047685828,0.6891123448650516,3034.681964947403
HEDGE_010029,SHADOW_HEDGE,LONG,1970-01-01 00:29:15.961200,1970-01-01 00:29:15.964800,0.0,4.418761247641401,3034.681964947403
HEDGE_010029,SHADOW_HEDGE,LONG,1970-01-01 00:29:15.964800,1970-01-01 00:29:15.969300,0.0,4.449720928925118,3034.681964947403
HEDGE_010029,SHADOW_HEDGE,LONG,1970-01-01 00:29:15.969300,1970-01-01 00:29:16.002600,0.0,4.396507903724928,3034.681964947403
HEDGE_010029,SHADOW_HEDGE,SHORT,1970-01-01 00:29:16.017900,1970-01-01 00:29:16.022400,0.0,1.7115120212889303,3034.681964947403
HEDGE_010029,SHADOW_HEDGE,SHORT,1970-01-01 00:29:16.032300,1970-01-01 00:29:16.044900,0.0,1.7286217794693415,3034.681964947403
HEDGE_010029,SHADOW_HEDGE,LONG,1970-01-01 00:29:16.059300,1970-01-01 00:29:16.065600,0.0,4.396507903724928,3034.681964947403
HEDGE_010029,SHADOW_HEDGE,SHORT,1970-01-01 00:29:16.094400,1970-01-01 00:29:16.161000,0.0,1.7382260589096443,3034.681964947403
HEDGE_010029,SHADOW_HEDGE,SHORT,1970-01-01 00:29:16.161000,1970-01-01 00:29:16.173600,0.0,1.7286217794693415,3034.681964947403
HEDGE_010029,SHADOW_HEDGE,SHORT,1970-01-01 00:29:16.173600,1970-01-01 00:29:16.183500,0.0,1.7382260589096443,3034.681964947403
HEDGE_010029,SHADOW_HEDGE,SHORT,1970-01-01 00:29:16.337400,1970-01-01 00:29:16.352700,0.0,1.7382260589096443,3034.681964947403
HEDGE_010029,SHADOW_HEDGE,SHORT,1970-01-01 00:29:16.388700,1970-01-01 00:29:16.426500,0.0,1.7382260589096443,3034.681964947403
HEDGE_010029,SHADOW_HEDGE,SHORT,1970-01-01 00:29:16.447200,1970-01-01 00:29:16.465200,0.0,1.7286217794693415,3034.681964947403
HEDGE_010029,SHADOW_HEDGE,SHORT,1970-01-01 00:29:16.465200,1970-01-01 00:29:16.483200,0.0,1.7382260589096443,3034.681964947403
HEDGE_010029,SHADOW_HEDGE,SHORT,1970-01-01 00:29:16.486800,1970-01-01 00:29:16.502100,0.0,1.7286217794693415,3034.681964947403
HEDGE_010029,SHADOW_HEDGE,SHORT,1970-01-01 00:29:16.741500,1970-01-01 00:29:16.770300,0.0,1.7286217794693415,3034.681964947403
HEDGE_010029,SHADOW_HEDGE,SHORT,1970-01-01 00:29:16.770300,1970-01-01 00:29:16.781100,0.0,1.7382260589096443,3034.681964947403
HEDGE_010029,SHADOW_HEDGE,SHORT,1970-01-01 00:29:17.081700,1970-01-01 00:29:17.097900,0.0,1.7286217794693415,3034.681964947403
HEDGE_010029,SHADOW_HEDGE,SHORT,1970-01-01 00:29:17.131200,1970-01-01 00:29:17.221200,0.0,1.7382260589096443,3034.681964947403
HEDGE_010029,SHADOW_HEDGE,SHORT,1970-01-01 00:29:17.263500,1970-01-01 00:29:17.286900,0.0,1.7286217794693415,3034.681964947403
HEDGE_010029,SHADOW_HEDGE,SHORT,1970-01-01 00:29:17.430900,1970-01-01 00:29:17.471400,0.0,1.7382260589096443,3034.681964947403
HEDGE_010029,SHADOW_HEDGE,SHORT,1970-01-01 00:29:17.952900,1970-01-01 00:29:18.042000,0.0,1.7286217794693415,3034.681964947403
HEDGE_010029,SHADOW_HEDGE,SHORT,1970-01-01 00:29:18.083400,1970-01-01 00:29:18.136500,0.0,1.7382260589096443,3034.681964947403
HEDGE_010029,SHADOW_HEDGE,SHORT,1970-01-01 00:29:18.500100,1970-01-01 00:29:18.543300,0.0,1.7286217794693415,3034.681964947403
HEDGE_010029,SHADOW_HEDGE,SHORT,1970-01-01 00:29:18.543300,1970-01-01 00:29:18.575700,0.0,1.7286217794693415,3034.681964947403
HEDGE_010029,SHADOW_HEDGE,SHORT,1970-01-01 00:29:18.575700,1970-01-01 00:29:18.599100,0.0,1.7382260589096443,3034.681964947403
HEDGE_010029,SHADOW_HEDGE,SHORT,1970-01-01 00:29:18.801600,1970-01-01 00:29:18.803400,0.0,1.7382260589096443,3034.681964947403
HEDGE_010029,SHADOW_HEDGE,SHORT,1970-01-01 00:29:18.804300,1970-01-01 00:29:18.809700,0.0,1.7286217794693415,3034.681964947403
HEDGE_010029,SHADOW_HEDGE,SHORT,1970-01-01 00:29:18.819600,1970-01-01 00:29:18.824100,0.0,1.7286217794693415,3034.681964947403
HEDGE_010029,SHADOW_HEDGE,SHORT,1970-01-01 00:29:18.824100,1970-01-01 00:29:18.827700,0.0,1.7382260589096443,3034.681964947403
HEDGE_010029,SHADOW_HEDGE,SHORT,1970-01-01 00:29:18.843000,1970-01-01 00:29:18.847500,0.0,1.7382260589096443,3034.681964947403
HEDGE_010029,SHADOW_HEDGE,SHORT,1970-01-01 00:29:18.884400,1970-01-01 00:29:18.889800,0.0,1.7286217794693415,3034.681964947403
HEDGE_010029,SHADOW_HEDGE,SHORT,1970-01-01 00:29:20.123700,1970-01-01 00:29:20.127300,0.0,1.7382260589096443,3034.681964947403
HEDGE_010029,SHADOW_HEDGE,SHORT,1970-01-01 00:29:20.129100,1970-01-01 00:29:20.131800,0.0,1.7286217794693415,3034.681964947403
HEDGE_010029,SHADOW_HEDGE,SHORT,1970-01-01 00:29:20.131800,1970-01-01 00:29:20.132700,0.0,1.7286217794693415,3034.681964947403
HEDGE_010029,SHADOW_HEDGE,SHORT,1970-01-01 00:29:20.132700,1970-01-01 00:29:20.135400,0.0,1.7382260589096443,3034.681964947403
HEDGE_010029,SHADOW_HEDGE,SHORT,1970-01-01 00:29:20.683500,1970-01-01 00:29:20.692500,0.0,1.7382260589096443,3034.681964947403
HEDGE_010029,SHADOW_HEDGE,SHORT,1970-01-01 00:29:20.692500,1970-01-01 00:29:20.698800,0.0,1.7382260589096443,3034.681964947403
HEDGE_010029,SHADOW_HEDGE,SHORT,1970-01-01 00:29:20.707800,1970-01-01 00:29:20.715900,0.0,1.7286217794693415,3034.681964947403
HEDGE_010029,SHADOW_HEDGE,SHORT,1970-01-01 00:29:20.718600,1970-01-01 00:29:20.723100,0.0,1.7286217794693415,3034.681964947403
HEDGE_010029,SHADOW_HEDGE,SHORT,1970-01-01 00:29:20.723100,1970-01-01 00:29:20.732100,0.0,1.7382260589096443,3034.681964947403
HEDGE_010029,SHADOW_HEDGE,SHORT,1970-01-01 00:29:22.183800,1970-01-01 00:29:22.189200,0.0,1.7382260589096443,3034.681964947403
HEDGE_010029,SHADOW_HEDGE,SHORT,1970-01-01 00:29:22.201800,1970-01-01 00:29:22.216200,0.0,1.7286217794693415,3034.681964947403
HEDGE_010029,SHADOW_HEDGE,SHORT,1970-01-01 00:29:22.233300,1970-01-01 00:29:22.236000,0.0,1.7382260589096443,3034.681964947403
HEDGE_010029,SHADOW_HEDGE,SHORT,1970-01-01 00:29:22.236000,1970-01-01 00:29:22.245000,0.0,1.7286217794693415,3034.681964947403
HEDGE_010029,SHADOW_HEDGE,SHORT,1970-01-01 00:29:22.246800,1970-01-01 00:29:22.266600,0.0,1.7382260589096443,3034.681964947403
HEDGE_010029,SHADOW_HEDGE,SHORT,1970-01-01 00:29:22.273800,1970-01-01 00:29:22.288200,0.0,1.7286217794693415,3034.681964947403
HEDGE_010029,SHADOW_HEDGE,SHORT,1970-01-01 00:29:22.288200,1970-01-01 00:29:22.292700,0.0,1.7286217794693415,3034.681964947403
HEDGE_010029,SHADOW_HEDGE,SHORT,1970-01-01 00:29:22.292700,1970-01-01 00:29:22.293600,0.0,1.7382260589096443,3034.681964947403
HEDGE_010029,SHADOW_HEDGE,SHORT,1970-01-01 00:29:22.305300,1970-01-01 00:29:22.307100,0.0,1.7286217794693415,3034.681964947403
HEDGE_010029,SHADOW_HEDGE,SHORT,1970-01-01 00:29:23.113500,1970-01-01 00:29:23.124300,0.0,1.7382260589096443,3034.681964947403
HEDGE_010029,SHADOW_HEDGE,SHORT,1970-01-01 00:29:23.124300,1970-01-01 00:29:23.130600,0.0,1.7286217794693415,3034.681964947403
HEDGE_010029,SHADOW_HEDGE,SHORT,1970-01-01 00:29:23.130600,1970-01-01 00:29:23.135100,0.0,1.7382260589096443,3034.681964947403
HEDGE_010029,SHADOW_HEDGE,SHORT,1970-01-01 00:29:23.145000,1970-01-01 00:29:23.147700,0.0,1.7382260589096443,3034.681964947403
HEDGE_010029,SHADOW_HEDGE,SHORT,1970-01-01 00:29:23.152200,1970-01-01 00:29:23.154000,0.0,1.7286217794693415,3034.681964947403
HEDGE_010029,SHADOW_HEDGE,SHORT,1970-01-01 00:29:23.161200,1970-01-01 00:29:23.169300,0.0,1.7382260589096443,3034.681964947403
HEDGE_010029,SHADOW_HEDGE,SHORT,1970-01-01 00:29:23.307900,1970-01-01 00:29:23.316000,0.0,1.7286217794693415,3034.681964947403
HEDGE_010029,SHADOW_HEDGE,SHORT,1970-01-01 00:29:23.316900,1970-01-01 00:29:23.319600,0.0,1.7382260589096443,3034.681964947403
HEDGE_010029,SHADOW_HEDGE,SHORT,1970-01-01 00:29:23.327700,1970-01-01 00:29:23.335800,0.0,1.7286217794693415,3034.681964947403
HEDGE_010029,SHADOW_HEDGE,SHORT,1970-01-01 00:29:23.400600,1970-01-01 00:29:23.413200,0.0,1.7382260589096443,3034.681964947403
HEDGE_010029,SHADOW_HEDGE,SHORT,1970-01-01 00:29:23.413200,1970-01-01 00:29:23.426700,0.0,1.7286217794693415,3034.681964947403
HEDGE_010029,SHADOW_HEDGE,SHORT,1970-01-01 00:29:23.426700,1970-01-01 00:29:23.432100,0.0,1.7382260589096443,3034.681964947403
HEDGE_010029,SHADOW_HEDGE,SHORT,1970-01-01 00:29:23.435700,1970-01-01 00:29:23.436600,0.0,1.7382260589096443,3034.681964947403
HEDGE_010029,SHADOW_HEDGE,SHORT,1970-01-01 00:29:23.571600,1970-01-01 00:29:23.583300,0.0,1.7286217794693415,3034.681964947403
HEDGE_010029,SHADOW_HEDGE,SHORT,1970-01-01 00:29:23.656200,1970-01-01 00:29:23.666100,0.0,1.7382260589096443,3034.681964947403
HEDGE_010029,SHADOW_HEDGE,SHORT,1970-01-01 00:29:23.666100,1970-01-01 00:29:23.673300,0.0,1.7286217794693415,3034.681964947403
HEDGE_010029,SHADOW_HEDGE,SHORT,1970-01-01 00:29:23.693100,1970-01-01 00:29:23.728200,0.0,1.7382260589096443,3034.681964947403
HEDGE_010029,SHADOW_HEDGE,SHORT,1970-01-01 00:29:23.728200,1970-01-01 00:29:23.735400,0.0,1.7286217794693415,3034.681964947403
HEDGE_010029,SHADOW_HEDGE,SHORT,1970-01-01 00:29:23.735400,1970-01-01 00:29:23.743500,0.0,1.7382260589096443,3034.681964947403
HEDGE_010029,SHADOW_HEDGE,SHORT,1970-01-01 00:29:23.756100,1970-01-01 00:29:23.759700,0.0,1.7382260589096443,3034.681964947403
HEDGE_010029,SHADOW_HEDGE,SHORT,1970-01-01 00:29:26.431800,1970-01-01 00:29:26.453400,0.0,1.7286217794693415,3034.681964947403
HEDGE_010029,SHADOW_HEDGE,SHORT,1970-01-01 00:29:26.453400,1970-01-01 00:29:26.463300,0.0,1.7382260589096443,3034.681964947403
HEDGE_010029,SHADOW_HEDGE,SHORT,1970-01-01 00:29:26.482200,1970-01-01 00:29:26.502900,0.0,1.7286217794693415,3034.681964947403
HEDGE_010029,SHADOW_HEDGE,SHORT,1970-01-01 00:29:26.504700,1970-01-01 00:29:26.521800,0.0,1.7286217794693415,3034.681964947403
HEDGE_010029,SHADOW_HEDGE,SHORT,1970-01-01 00:29:26.525400,1970-01-01 00:29:26.572200,0.0,1.7382260589096443,3034.681964947403
HEDGE_010029,SHADOW_HEDGE,SHORT,1970-01-01 00:29:26.574000,1970-01-01 00:29:26.628900,0.0,1.7286217794693415,3034.681964947403
