Trade_ID,Strategy,Side,Entry_Time,Entry_Price,Exit_Time,Exit_Price,PnL_Pct,Exit_Reason,Structure_Context,Fibo_Target,SL,Peak_Price,status
TH_211130,Gamma_Hybrid,LONG,2024-12-21 11:30:00,321.44,2024-12-21 13:00:00,310.89,-0.03282105525136888,SL_ATR_DYNAMIC,RSI_Reversal,340.73,310.94214285714287,321.48,CLOSED
TH_211330,Gamma_Hybrid,LONG,2024-12-21 13:30:00,308.31,2024-12-22 03:00:00,294.54,-0.044662839350004806,SL_ATR_DYNAMIC,RSI_Reversal,326.81,294.95785714285716,309.36,CLOSED
TH_220845,Gamma_Hybrid,SHORT,2024-12-22 08:45:00,302.97,2024-12-22 20:45:00,314.41,-0.03775951414331451,SL_ATR_DYNAMIC,RSI_Reversal,258.07,310.95428571428573,295.08,CLOSED
TH_231100,Gamma_Hybrid,SHORT,2024-12-23 11:00:00,337.88,2024-12-23 16:45:00,350.2,-0.0364626494613472,SL_ATR_DYNAMIC,RSI_Reversal,264.85,349.23285714285714,329.89,CLOSED
TH_231845,Gamma_Hybrid,SHORT,2024-12-23 18:45:00,352.25,2024-12-23 21:00:00,372.08,-0.056295244854506696,SL_ATR_DYNAMIC,RSI_Reversal,319.38,368.51214285714286,352.25,CLOSED
TH_232130,Gamma_Hybrid,SHORT,2024-12-23 21:30:00,370.0,2024-12-23 22:45:00,388.3,-0.04945945945945949,SL_ATR_DYNAMIC,RSI_Reversal,319.38,385.13714285714286,370.0,CLOSED
TH_232300,Gamma_Hybrid,SHORT,2024-12-23 23:00:00,383.61,2024-12-26 21:30:00,335.84,0.12452751492401146,TRAILING_STOP_SMART,RSI_Reversal,319.38,400.8514285714286,330.72,CLOSED
TH_270515,Gamma_Hybrid,LONG,2024-12-27 05:15:00,339.22,2024-12-27 14:30:00,327.08,-0.03578798419904499,SL_ATR_DYNAMIC,RSI_Reversal,362.95,330.4535714285714,349.86,CLOSED
TH_271545,Gamma_Hybrid,LONG,2024-12-27 15:45:00,325.67,2024-12-31 00:30:00,316.62,-0.027788866030030432,SL_ATR_DYNAMIC,RSI_Reversal,363.94,316.6592857142858,357.3,CLOSED
TH_310100,Gamma_Hybrid,LONG,2024-12-31 01:00:00,312.91,2025-01-03 17:45:00,349.06,0.11552842670416405,TRAILING_STOP_SMART,RSI_Reversal,359.68,304.65571428571434,355.5,CLOSED
TH_040115,Gamma_Hybrid,LONG,2025-01-04 01:15:00,343.57,2025-01-06 00:45:00,337.17,-0.018627936082894248,SL_ATR_DYNAMIC,RSI_Reversal,380.6,338.0092857142857,359.29,CLOSED
TH_060500,Gamma_Hybrid,SHORT,2025-01-06 05:00:00,346.15,2025-01-06 16:00:00,354.3,-0.02354470605228957,SL_ATR_DYNAMIC,RSI_Reversal,327.26,354.1792857142857,336.89,CLOSED
TH_062315,Gamma_Hybrid,LONG,2025-01-06 23:15:00,339.25,2025-01-07 10:00:00,333.19,-0.017862932940309512,SL_ATR_DYNAMIC,RSI_Reversal,367.13,333.4407142857143,342.15,CLOSED
TH_071545,Gamma_Hybrid,LONG,2025-01-07 15:45:00,315.71,2025-01-08 03:45:00,302.37,-0.04225396724842411,SL_ATR_DYNAMIC,RSI_Reversal,366.93,302.98999999999995,317.68,CLOSED
TH_080500,Gamma_Hybrid,LONG,2025-01-08 05:00:00,301.43,2025-01-08 05:15:00,301.92,0.0016255847128686894,TP_FIBONACCI_EXT,RSI_Reversal,297.54,294.1485714285714,301.92,CLOSED
TH_080600,Gamma_Hybrid,LONG,2025-01-08 06:00:00,300.41,2025-01-08 06:45:00,291.97,-0.02809493691954328,SL_ATR_DYNAMIC,RSI_Reversal,297.54,292.93142857142857,300.41,CLOSED
TH_081730,Gamma_Hybrid,LONG,2025-01-08 17:30:00,280.57,2025-01-13 08:45:00,269.28,-0.04023951242114275,SL_ATR_DYNAMIC,RSI_Reversal,335.14,270.1385714285714,300.11,CLOSED
TH_130945,Gamma_Hybrid,LONG,2025-01-13 09:45:00,267.63,2025-01-13 11:15:00,259.09,-0.031909726114411764,SL_ATR_DYNAMIC,RSI_Reversal,304.37,260.05285714285714,267.63,CLOSED
TH_131200,Gamma_Hybrid,LONG,2025-01-13 12:00:00,261.75,2025-01-15 19:45:00,322.08,0.2304871060171919,TP_FIBONACCI_EXT,RSI_Reversal,321.88,253.02857142857144,322.08,CLOSED
TH_160330,Gamma_Hybrid,LONG,2025-01-16 03:30:00,311.41,2025-01-19 08:15:00,301.89,-0.030570630358691238,SL_ATR_DYNAMIC,RSI_Reversal,347.38,305.26428571428573,339.6,CLOSED
TH_190930,Gamma_Hybrid,LONG,2025-01-19 09:30:00,301.44,2025-01-19 15:00:00,337.88,0.12088641188959659,TP_FIBONACCI_EXT,RSI_Reversal,337.72,291.58714285714285,337.88,CLOSED
TH_191515,Gamma_Hybrid,SHORT,2025-01-19 15:15:00,328.83,2025-01-20 07:00:00,353.28,-0.07435452969619558,SL_ATR_DYNAMIC,RSI_Reversal,271.51,349.33071428571424,299.12,CLOSED
TH_200730,Gamma_Hybrid,SHORT,2025-01-20 07:30:00,352.62,2025-01-21 19:15:00,376.51,-0.06774998582042989,SL_ATR_DYNAMIC,RSI_Reversal,264.28,376.4314285714286,321.73,CLOSED
TH_220745,Gamma_Hybrid,LONG,2025-01-22 07:45:00,356.94,2025-01-22 16:30:00,350.49,-0.018070263909900793,SL_ATR_DYNAMIC,RSI_Reversal,410.65,350.64642857142854,364.8,CLOSED
TH_230215,Gamma_Hybrid,LONG,2025-01-23 02:15:00,337.28,2025-01-23 19:45:00,328.9,-0.02484582542694496,SL_ATR_DYNAMIC,RSI_Reversal,373.17,329.9921428571428,344.07,CLOSED
TH_240300,Gamma_Hybrid,LONG,2025-01-24 03:00:00,330.54,2025-01-26 23:00:00,320.62,-0.03001149633932358,SL_ATR_DYNAMIC,RSI_Reversal,360.24,321.4821428571429,354.01,CLOSED
TH_270000,Gamma_Hybrid,LONG,2025-01-27 00:00:00,317.35,2025-01-27 01:00:00,307.42,-0.031290373404758175,SL_ATR_DYNAMIC,RSI_Reversal,340.61,307.9728571428572,317.35,CLOSED
TH_270115,Gamma_Hybrid,LONG,2025-01-27 01:15:00,308.49,2025-01-27 06:30:00,297.13,-0.03682453239975368,SL_ATR_DYNAMIC,RSI_Reversal,340.61,297.34285714285716,308.49,CLOSED
TH_280830,Gamma_Hybrid,LONG,2025-01-28 08:30:00,300.12,2025-01-28 16:30:00,293.94,-0.02059176329468215,SL_ATR_DYNAMIC,RSI_Reversal,322.15,293.97857142857146,301.05,CLOSED
TH_281915,Gamma_Hybrid,LONG,2025-01-28 19:15:00,289.63,2025-01-28 22:15:00,282.14,-0.025860580740945376,SL_ATR_DYNAMIC,RSI_Reversal,322.15,282.2864285714286,292.09,CLOSED
TH_290445,Gamma_Hybrid,SHORT,2025-01-29 04:45:00,293.84,2025-01-30 04:15:00,301.16,-0.024911516471549315,SL_ATR_DYNAMIC,RSI_Reversal,261.18,300.4678571428571,283.75,CLOSED
TH_301100,Gamma_Hybrid,SHORT,2025-01-30 11:00:00,307.43,2025-01-30 13:45:00,314.53,-0.023094688221708896,SL_ATR_DYNAMIC,RSI_Reversal,271.63,313.4321428571428,305.65,CLOSED
TH_311315,Gamma_Hybrid,SHORT,2025-01-31 13:15:00,328.37,2025-01-31 15:45:00,338.18,-0.02987483631269605,SL_ATR_DYNAMIC,RSI_Reversal,306.13,337.5178571428571,326.03,CLOSED
TH_311615,Gamma_Hybrid,SHORT,2025-01-31 16:15:00,343.04,2025-02-02 00:15:00,301.06,0.1223763992537314,TRAILING_STOP_SMART,RSI_Reversal,289.51,356.675,295.95,CLOSED
TH_020400,Gamma_Hybrid,LONG,2025-02-02 04:00:00,290.82,2025-02-02 16:15:00,280.58,-0.03521078330238639,SL_ATR_DYNAMIC,RSI_Reversal,337.73,281.42785714285714,296.07,CLOSED
TH_021800,Gamma_Hybrid,LONG,2025-02-02 18:00:00,266.67,2025-02-02 22:30:00,253.08,-0.0509618629767128,SL_ATR_DYNAMIC,RSI_Reversal,337.73,255.1971428571429,270.29,CLOSED
TH_030200,Gamma_Hybrid,LONG,2025-02-03 02:00:00,219.06,2025-02-28 03:45:00,186.83,-0.147128640555099,SL_ATR_DYNAMIC,RSI_Reversal,396.68,187.4335714285714,284.59,CLOSED
TH_280415,Gamma_Hybrid,LONG,2025-02-28 04:15:00,185.83,2025-03-02 16:30:00,218.89,0.17790453640424028,TP_FIBONACCI_EXT,RSI_Reversal,212.09,175.70714285714288,218.89,CLOSED
TH_021745,Gamma_Hybrid,SHORT,2025-03-02 17:45:00,221.81,2025-03-03 19:45:00,181.58,0.18137144402867314,TP_FIBONACCI_EXT,RSI_Reversal,185.7,238.7664285714286,181.58,CLOSED
TH_032000,Gamma_Hybrid,LONG,2025-03-03 20:00:00,182.62,2025-03-04 01:30:00,171.56,-0.0605629175336765,SL_ATR_DYNAMIC,RSI_Reversal,226.47,173.67357142857142,183.51,CLOSED
TH_040230,Gamma_Hybrid,LONG,2025-03-04 02:30:00,171.42,2025-03-05 23:15:00,220.7,0.2874810407187026,TRAILING_STOP_SMART,RSI_Reversal,240.44,162.51428571428568,223.98,CLOSED
TH_060930,Gamma_Hybrid,LONG,2025-03-06 09:30:00,227.04,2025-03-06 12:45:00,221.1,-0.02616279069767441,SL_ATR_DYNAMIC,RSI_Reversal,256.59,221.52428571428572,229.56,CLOSED
TH_061415,Gamma_Hybrid,LONG,2025-03-06 14:15:00,218.88,2025-03-06 17:15:00,212.67,-0.028371710526315826,SL_ATR_DYNAMIC,RSI_Reversal,256.59,212.67000000000002,218.88,CLOSED
TH_061915,Gamma_Hybrid,LONG,2025-03-06 19:15:00,211.98,2025-03-07 00:15:00,203.31,-0.040900084913671045,SL_ATR_DYNAMIC,RSI_Reversal,256.59,206.21142857142857,214.63,CLOSED
TH_080900,Gamma_Hybrid,LONG,2025-03-08 09:00:00,186.89,2025-03-09 17:30:00,179.85,-0.037669217186580305,SL_ATR_DYNAMIC,RSI_Reversal,225.7,183.79357142857143,198.82,CLOSED
TH_091845,Gamma_Hybrid,LONG,2025-03-09 18:45:00,179.35,2025-03-10 08:30:00,191.8,0.06941734039587409,TRAILING_STOP_SMART,RSI_Reversal,196.27,168.85642857142858,194.38,CLOSED
TH_101500,Gamma_Hybrid,LONG,2025-03-10 15:00:00,185.93,2025-03-11 00:15:00,175.57,-0.05571989458398329,SL_ATR_DYNAMIC,RSI_Reversal,217.81,176.3,187.31,CLOSED
TH_110045,Gamma_Hybrid,LONG,2025-03-11 00:45:00,173.75,2025-03-12 15:00:00,164.35,-0.054100719424460465,SL_ATR_DYNAMIC,RSI_Reversal,217.81,164.56785714285715,184.75,CLOSED
TH_122145,Gamma_Hybrid,SHORT,2025-03-12 21:45:00,173.03,2025-03-19 11:00:00,177.78,-0.027451886956019186,SL_ATR_DYNAMIC,RSI_Reversal,152.92,177.665,160.68,CLOSED
TH_191200,Gamma_Hybrid,SHORT,2025-03-19 12:00:00,179.73,2025-03-23 07:45:00,184.73,-0.027819507038335283,SL_ATR_DYNAMIC,RSI_Reversal,159.16,184.5492857142857,172.19,CLOSED
TH_230845,Gamma_Hybrid,SHORT,2025-03-23 08:45:00,184.28,2025-03-24 04:30:00,187.62,-0.018124593010636007,SL_ATR_DYNAMIC,RSI_Reversal,176.85,187.21142857142857,181.39,CLOSED
TH_240545,Gamma_Hybrid,SHORT,2025-03-24 05:45:00,188.86,2025-03-24 08:15:00,193.43,-0.02419781848988665,SL_ATR_DYNAMIC,RSI_Reversal,177.82,193.2014285714286,188.86,CLOSED
TH_250400,Gamma_Hybrid,LONG,2025-03-25 04:00:00,187.46,2025-03-26 02:30:00,184.08,-0.01803051317614422,SL_ATR_DYNAMIC,RSI_Reversal,200.6,184.19000000000003,190.64,CLOSED
TH_260800,Gamma_Hybrid,SHORT,2025-03-26 08:00:00,187.18,2025-03-26 18:45:00,176.89,0.0549738219895289,TP_FIBONACCI_EXT,RSI_Reversal,178.11,190.22714285714287,176.89,CLOSED
TH_261915,Gamma_Hybrid,LONG,2025-03-26 19:15:00,175.89,2025-03-28 12:45:00,171.45,-0.025243049633293525,SL_ATR_DYNAMIC,RSI_Reversal,199.63,171.75214285714284,186.85,CLOSED
TH_290030,Gamma_Hybrid,SHORT,2025-03-29 00:30:00,176.63,2025-03-30 07:00:00,166.38,0.05803091207609127,TRAILING_STOP_SMART,RSI_Reversal,162.31,180.08,164.71,CLOSED
TH_302115,Gamma_Hybrid,SHORT,2025-03-30 21:15:00,166.53,2025-03-31 07:30:00,156.95,0.057527172281270716,TP_FIBONACCI_EXT,RSI_Reversal,157.53,169.17857142857142,156.95,CLOSED
TH_311015,Gamma_Hybrid,LONG,2025-03-31 10:15:00,153.77,2025-04-03 12:15:00,149.35,-0.028744228393054662,SL_ATR_DYNAMIC,RSI_Reversal,176.71,149.74785714285713,169.93,CLOSED
TH_031315,Gamma_Hybrid,LONG,2025-04-03 13:15:00,147.39,2025-04-06 13:45:00,142.38,-0.03399145125178093,SL_ATR_DYNAMIC,RSI_Reversal,163.99,142.97785714285712,154.54,CLOSED
TH_061745,Gamma_Hybrid,LONG,2025-04-06 17:45:00,138.32,2025-04-06 18:45:00,133.2,-0.037015615962984416,SL_ATR_DYNAMIC,RSI_Reversal,155.22,134.15428571428572,138.32,CLOSED
TH_062100,Gamma_Hybrid,LONG,2025-04-06 21:00:00,129.66,2025-04-07 03:30:00,122.09,-0.058383464445472724,SL_ATR_DYNAMIC,RSI_Reversal,155.22,123.32142857142858,130.78,CLOSED
TH_070800,Gamma_Hybrid,LONG,2025-04-07 08:00:00,116.54,2025-04-23 01:45:00,158.96,0.36399519478290715,TRAILING_STOP_SMART,RSI_Reversal,177.09,109.92714285714285,161.54,CLOSED
TH_240600,Gamma_Hybrid,LONG,2025-04-24 06:00:00,164.29,2025-04-24 08:15:00,160.29,-0.02434719094284497,SL_ATR_DYNAMIC,RSI_Reversal,175.99,160.42,165.42,CLOSED
TH_241515,Gamma_Hybrid,SHORT,2025-04-24 15:15:00,165.96,2025-04-26 01:30:00,171.97,-0.03621354543263431,SL_ATR_DYNAMIC,RSI_Reversal,150.61,170.4064285714286,163.77,CLOSED
TH_261200,Gamma_Hybrid,LONG,2025-04-26 12:00:00,166.97,2025-04-28 01:30:00,162.08,-0.02928669820925907,SL_ATR_DYNAMIC,RSI_Reversal,179.26,163.19,178.87,CLOSED
TH_280145,Gamma_Hybrid,LONG,2025-04-28 01:45:00,162.52,2025-04-30 13:00:00,157.94,-0.028181146935761826,SL_ATR_DYNAMIC,RSI_Reversal,177.18,158.60714285714286,174.37,CLOSED
TH_301315,Gamma_Hybrid,LONG,2025-04-30 13:15:00,159.26,2025-05-01 15:30:00,176.22,0.10649252794173056,TRAILING_STOP_SMART,RSI_Reversal,179.53,155.63428571428568,178.95,CLOSED
TH_022245,Gamma_Hybrid,LONG,2025-05-02 22:45:00,173.56,2025-05-03 16:30:00,171.31,-0.01296381654759161,SL_ATR_DYNAMIC,RSI_Reversal,183.62,171.40642857142856,175.06,CLOSED
TH_031745,Gamma_Hybrid,LONG,2025-05-03 17:45:00,171.6,2025-05-03 21:15:00,178.95,0.0428321678321678,TP_FIBONACCI_EXT,RSI_Reversal,178.46,168.63642857142855,178.95,CLOSED
TH_032245,Gamma_Hybrid,SHORT,2025-05-03 22:45:00,179.15,2025-05-06 14:00:00,165.73,0.0749092938878036,TRAILING_STOP_SMART,RSI_Reversal,162.17,183.47642857142858,163.72,CLOSED
TH_070515,Gamma_Hybrid,LONG,2025-05-07 05:15:00,173.83,2025-05-07 13:00:00,170.51,-0.019099119829718812,SL_ATR_DYNAMIC,RSI_Reversal,190.39,170.6264285714286,175.33,CLOSED
TH_080415,Gamma_Hybrid,SHORT,2025-05-08 04:15:00,186.12,2025-05-08 15:15:00,192.05,-0.03186116483988828,SL_ATR_DYNAMIC,RSI_Reversal,162.21,191.75785714285715,182.86,CLOSED
TH_082130,Gamma_Hybrid,SHORT,2025-05-08 21:30:00,202.95,2025-05-09 07:30:00,212.99,-0.04947031288494713,SL_ATR_DYNAMIC,RSI_Reversal,141.83,212.8435714285714,202.18,CLOSED
TH_090745,Gamma_Hybrid,SHORT,2025-05-09 07:45:00,212.04,2025-05-10 07:45:00,218.34,-0.029711375212224164,SL_ATR_DYNAMIC,RSI_Reversal,141.83,217.6242857142857,206.13,CLOSED
TH_100845,Gamma_Hybrid,SHORT,2025-05-10 08:45:00,218.85,2025-05-10 17:15:00,226.32,-0.0341329677861549,SL_ATR_DYNAMIC,RSI_Reversal,197.6,226.30714285714285,215.74,CLOSED
TH_130300,Gamma_Hybrid,LONG,2025-05-13 03:00:00,214.45,2025-05-13 19:15:00,235.08,0.09619958032175344,TP_FIBONACCI_EXT,RSI_Reversal,234.3,208.17142857142858,235.08,CLOSED
TH_131945,Gamma_Hybrid,SHORT,2025-05-13 19:45:00,235.13,2025-05-16 09:15:00,242.91,-0.033088078935057205,SL_ATR_DYNAMIC,RSI_Reversal,192.98,242.05142857142857,218.0,CLOSED
TH_161445,Gamma_Hybrid,LONG,2025-05-16 14:45:00,234.32,2025-05-17 00:30:00,227.26,-0.03012973711164221,SL_ATR_DYNAMIC,RSI_Reversal,261.16,228.23642857142858,235.7,CLOSED
TH_180730,Gamma_Hybrid,SHORT,2025-05-18 07:30:00,225.92,2025-05-18 13:45:00,230.4,-0.01983002832861198,SL_ATR_DYNAMIC,RSI_Reversal,216.04,230.23142857142858,224.47,CLOSED
TH_181700,Gamma_Hybrid,SHORT,2025-05-18 17:00:00,241.35,2025-05-19 06:00:00,217.5,0.09881914232442508,TRAILING_STOP_SMART,RSI_Reversal,211.93,248.64428571428573,213.68,CLOSED
TH_191030,Gamma_Hybrid,SHORT,2025-05-19 10:30:00,221.24,2025-05-19 15:00:00,227.28,-0.02730066895678897,SL_ATR_DYNAMIC,RSI_Reversal,197.75,226.98285714285714,218.77,CLOSED
TH_191600,Gamma_Hybrid,SHORT,2025-05-19 16:00:00,227.53,2025-05-19 17:00:00,235.73,-0.03603920362150041,SL_ATR_DYNAMIC,RSI_Reversal,197.75,234.0507142857143,227.53,CLOSED
TH_191730,Gamma_Hybrid,SHORT,2025-05-19 17:30:00,236.7,2025-05-19 23:30:00,248.37,-0.04930291508238283,SL_ATR_DYNAMIC,RSI_Reversal,197.75,244.53642857142856,234.53,CLOSED
TH_200300,Gamma_Hybrid,SHORT,2025-05-20 03:00:00,263.48,2025-05-27 08:15:00,276.8,-0.050554121754971884,SL_ATR_DYNAMIC,RSI_Reversal,197.75,276.29,243.25,CLOSED
TH_270830,Gamma_Hybrid,SHORT,2025-05-27 08:30:00,276.05,2025-05-28 23:00:00,263.63,0.04499184930266262,TRAILING_STOP_SMART,RSI_Reversal,258.8,282.8214285714286,260.63,CLOSED
TH_290100,Gamma_Hybrid,SHORT,2025-05-29 01:00:00,269.89,2025-05-29 21:45:00,255.27,0.05417021749601681,TRAILING_STOP_SMART,RSI_Reversal,251.31,275.7785714285714,253.17,CLOSED
TH_300000,Gamma_Hybrid,LONG,2025-05-30 00:00:00,250.09,2025-05-30 00:45:00,242.61,-0.029909232676236512,SL_ATR_DYNAMIC,RSI_Reversal,295.44,246.09571428571428,250.09,CLOSED
TH_300100,Gamma_Hybrid,LONG,2025-05-30 01:00:00,246.36,2025-06-01 01:45:00,239.33,-0.028535476538399093,SL_ATR_DYNAMIC,RSI_Reversal,295.44,239.58428571428573,255.58,CLOSED
TH_010215,Gamma_Hybrid,LONG,2025-06-01 02:15:00,240.11,2025-06-03 13:00:00,264.83,0.10295281329390683,TP_FIBONACCI_EXT,RSI_Reversal,264.77,233.65357142857147,264.83,CLOSED
TH_031400,Gamma_Hybrid,SHORT,2025-06-03 14:00:00,266.1,2025-06-04 14:45:00,273.52,-0.027884254039834494,SL_ATR_DYNAMIC,RSI_Reversal,250.54,272.49857142857144,263.2,CLOSED
TH_041930,Gamma_Hybrid,LONG,2025-06-04 19:30:00,266.47,2025-06-05 07:30:00,261.49,-0.018688782977445934,SL_ATR_DYNAMIC,RSI_Reversal,283.94,261.95071428571435,266.47,CLOSED
TH_050815,Gamma_Hybrid,LONG,2025-06-05 08:15:00,261.97,2025-06-05 16:15:00,256.67,-0.02023132419742723,SL_ATR_DYNAMIC,RSI_Reversal,269.05,257.7121428571429,265.92,CLOSED
TH_051700,Gamma_Hybrid,LONG,2025-06-05 17:00:00,255.77,2025-06-05 20:00:00,247.29,-0.033154787504398556,SL_ATR_DYNAMIC,RSI_Reversal,269.74,249.31571428571428,255.77,CLOSED
TH_052100,Gamma_Hybrid,LONG,2025-06-05 21:00:00,242.04,2025-06-09 21:00:00,272.24,0.1247727648322592,TP_FIBONACCI_EXT,RSI_Reversal,269.74,233.12571428571428,272.24,CLOSED
TH_092130,Gamma_Hybrid,SHORT,2025-06-09 21:30:00,274.06,2025-06-09 22:45:00,281.03,-0.025432387068525034,SL_ATR_DYNAMIC,RSI_Reversal,245.87,279.32928571428573,274.06,CLOSED
TH_092345,Gamma_Hybrid,SHORT,2025-06-09 23:45:00,283.24,2025-06-10 02:45:00,290.65,-0.026161559101821663,SL_ATR_DYNAMIC,RSI_Reversal,245.87,290.63928571428573,283.24,CLOSED
TH_101145,Gamma_Hybrid,SHORT,2025-06-10 11:45:00,313.7,2025-06-22 00:15:00,235.59,0.24899585591329293,TRAILING_STOP_SMART,RSI_Reversal,208.37,324.96714285714285,228.99,CLOSED
TH_221000,Gamma_Hybrid,LONG,2025-06-22 10:00:00,228.95,2025-06-22 13:15:00,223.32,-0.024590521948023567,SL_ATR_DYNAMIC,RSI_Reversal,258.37,223.71499999999997,232.34,CLOSED
TH_230130,Gamma_Hybrid,SHORT,2025-06-23 01:30:00,228.74,2025-06-23 18:00:00,236.22,-0.032700883098714655,SL_ATR_DYNAMIC,RSI_Reversal,200.35,235.33357142857145,223.85,CLOSED
TH_232030,Gamma_Hybrid,SHORT,2025-06-23 20:30:00,248.47,2025-06-24 03:15:00,259.75,-0.04539783474866182,SL_ATR_DYNAMIC,RSI_Reversal,213.71,258.98285714285714,246.86,CLOSED
TH_240600,Gamma_Hybrid,SHORT,2025-06-24 06:00:00,261.59,2025-06-24 16:45:00,269.03,-0.028441454184028436,SL_ATR_DYNAMIC,RSI_Reversal,213.71,266.93857142857144,257.21,CLOSED
TH_241700,Gamma_Hybrid,SHORT,2025-06-24 17:00:00,267.28,2025-06-27 01:00:00,252.64,0.05477401975456445,TRAILING_STOP_SMART,RSI_Reversal,246.69,273.95714285714286,249.02,CLOSED
TH_270430,Gamma_Hybrid,SHORT,2025-06-27 04:30:00,257.95,2025-06-27 09:45:00,263.08,-0.019887575111455693,SL_ATR_DYNAMIC,RSI_Reversal,242.22,262.1885714285714,255.97,CLOSED
TH_271945,Gamma_Hybrid,LONG,2025-06-27 19:45:00,256.84,2025-06-29 16:00:00,271.62,0.05754555365207924,TRAILING_STOP_SMART,RSI_Reversal,274.99,250.2571428571428,274.24,CLOSED
TH_302030,Gamma_Hybrid,SHORT,2025-06-30 20:30:00,280.89,2025-07-02 01:15:00,260.41,0.07291110399088598,TRAILING_STOP_SMART,RSI_Reversal,258.17,287.1921428571428,258.45,CLOSED
TH_021700,Gamma_Hybrid,SHORT,2025-07-02 17:00:00,281.09,2025-07-06 22:00:00,289.95,-0.03152015368743112,SL_ATR_DYNAMIC,RSI_Reversal,240.71,289.1835714285714,259.27,CLOSED
TH_062230,Gamma_Hybrid,SHORT,2025-07-06 22:30:00,288.96,2025-07-09 05:30:00,301.68,-0.04401993355481738,SL_ATR_DYNAMIC,RSI_Reversal,256.08,295.59214285714285,277.46,CLOSED
TH_090730,Gamma_Hybrid,SHORT,2025-07-09 07:30:00,299.3,2025-07-09 22:00:00,306.55,-0.024223187437353823,SL_ATR_DYNAMIC,RSI_Reversal,281.71,306.2085714285715,294.91,CLOSED
TH_101800,Gamma_Hybrid,SHORT,2025-07-10 18:00:00,305.54,2025-07-10 21:30:00,313.38,-0.025659488119395085,SL_ATR_DYNAMIC,RSI_Reversal,283.23,312.7035714285715,303.97,CLOSED
TH_112245,Gamma_Hybrid,LONG,2025-07-11 22:45:00,297.12,2025-07-14 06:30:00,319.94,0.07680398492191705,TRAILING_STOP_SMART,RSI_Reversal,327.61,288.975,325.68,CLOSED
TH_141915,Gamma_Hybrid,LONG,2025-07-14 19:15:00,313.63,2025-07-22 08:00:00,306.21,-0.023658451041035665,SL_ATR_DYNAMIC,RSI_Reversal,349.36,306.4985714285714,335.5,CLOSED
TH_221245,Gamma_Hybrid,SHORT,2025-07-22 12:45:00,310.44,2025-07-22 13:00:00,311.49,-0.0033822960958639716,TP_FIBONACCI_EXT,RSI_Reversal,314.03,315.13071428571425,310.44,CLOSED
TH_250115,Gamma_Hybrid,LONG,2025-07-25 01:15:00,284.82,2025-07-28 01:30:00,301.64,0.05905484165437818,TRAILING_STOP_SMART,RSI_Reversal,307.37,277.61785714285713,305.64,CLOSED
TH_281430,Gamma_Hybrid,LONG,2025-07-28 14:30:00,293.69,2025-07-28 19:30:00,287.6,-0.020736150362627177,SL_ATR_DYNAMIC,RSI_Reversal,317.98,287.6385714285715,293.69,CLOSED
TH_290815,Gamma_Hybrid,SHORT,2025-07-29 08:15:00,293.03,2025-07-30 05:30:00,281.81,0.03828959492202154,TRAILING_STOP_SMART,RSI_Reversal,277.12,297.1721428571429,279.52,CLOSED
TH_301100,Gamma_Hybrid,LONG,2025-07-30 11:00:00,277.37,2025-07-30 18:45:00,270.76,-0.023830983884342263,SL_ATR_DYNAMIC,RSI_Reversal,288.59,272.7607142857143,279.25,CLOSED
TH_301915,Gamma_Hybrid,LONG,2025-07-30 19:15:00,269.29,2025-07-31 22:30:00,261.48,-0.02900219094656319,SL_ATR_DYNAMIC,RSI_Reversal,297.64,261.61428571428576,279.83,CLOSED
TH_010015,Gamma_Hybrid,LONG,2025-08-01 00:15:00,259.6,2025-08-01 22:15:00,251.87,-0.029776579352850607,SL_ATR_DYNAMIC,RSI_Reversal,295.92,253.21214285714288,262.23,CLOSED
TH_020645,Gamma_Hybrid,LONG,2025-08-02 06:45:00,251.37,2025-08-02 18:00:00,247.64,-0.014838684011616414,SL_ATR_DYNAMIC,RSI_Reversal,269.45,247.98857142857145,255.62,CLOSED
TH_021900,Gamma_Hybrid,LONG,2025-08-02 19:00:00,247.63,2025-08-04 00:45:00,263.67,0.0647740580705085,TP_FIBONACCI_EXT,RSI_Reversal,263.38,240.92928571428573,263.67,CLOSED
TH_040145,Gamma_Hybrid,SHORT,2025-08-04 01:45:00,262.22,2025-08-04 14:00:00,267.12,-0.018686599038974818,SL_ATR_DYNAMIC,RSI_Reversal,235.71,265.88428571428574,260.93,CLOSED
TH_050230,Gamma_Hybrid,LONG,2025-08-05 02:30:00,265.44,2025-08-05 03:15:00,262.71,-0.010284810126582347,SL_ATR_DYNAMIC,RSI_Reversal,277.67,262.7421428571428,265.44,CLOSED
TH_050400,Gamma_Hybrid,LONG,2025-08-05 04:00:00,262.12,2025-08-05 07:15:00,258.89,-0.012322600335724165,SL_ATR_DYNAMIC,RSI_Reversal,277.67,259.03857142857146,262.24,CLOSED
TH_051145,Gamma_Hybrid,SHORT,2025-08-05 11:45:00,262.96,2025-08-05 22:45:00,254.06,0.03384545177973828,TRAILING_STOP_SMART,RSI_Reversal,251.52,266.46142857142854,252.32,CLOSED
TH_060545,Gamma_Hybrid,SHORT,2025-08-06 05:45:00,257.31,2025-08-06 15:45:00,262.89,-0.021685904162294448,SL_ATR_DYNAMIC,RSI_Reversal,248.03,261.5078571428571,253.9,CLOSED
TH_061600,Gamma_Hybrid,SHORT,2025-08-06 16:00:00,261.56,2025-08-07 08:45:00,267.27,-0.02183055513075386,SL_ATR_DYNAMIC,RSI_Reversal,249.46,267.18285714285713,259.71,CLOSED
TH_071130,Gamma_Hybrid,SHORT,2025-08-07 11:30:00,272.49,2025-08-07 19:15:00,276.94,-0.016330874527505555,SL_ATR_DYNAMIC,RSI_Reversal,246.16,276.2807142857143,271.49,CLOSED
TH_072130,Gamma_Hybrid,SHORT,2025-08-07 21:30:00,283.07,2025-08-08 17:15:00,288.32,-0.018546649238704208,SL_ATR_DYNAMIC,RSI_Reversal,265.34,288.1035714285714,279.76,CLOSED
TH_081915,Gamma_Hybrid,SHORT,2025-08-08 19:15:00,293.35,2025-08-09 05:15:00,301.65,-0.028293846940514587,SL_ATR_DYNAMIC,RSI_Reversal,273.77,298.64500000000004,290.15,CLOSED
TH_090530,Gamma_Hybrid,SHORT,2025-08-09 05:30:00,300.95,2025-08-09 18:15:00,307.15,-0.020601428808772183,SL_ATR_DYNAMIC,RSI_Reversal,286.74,307.1364285714286,298.69,CLOSED
TH_091915,Gamma_Hybrid,SHORT,2025-08-09 19:15:00,307.69,2025-08-11 22:00:00,291.76,0.051772888296662246,TP_FIBONACCI_EXT,RSI_Reversal,292.3,313.0728571428572,291.76,CLOSED
TH_121445,Gamma_Hybrid,SHORT,2025-08-12 14:45:00,305.4,2025-08-12 16:45:00,314.78,-0.030713817943680406,SL_ATR_DYNAMIC,RSI_Reversal,284.96,314.47499999999997,305.4,CLOSED
TH_121715,Gamma_Hybrid,SHORT,2025-08-12 17:15:00,313.91,2025-08-12 23:30:00,322.35,-0.026886687267051058,SL_ATR_DYNAMIC,RSI_Reversal,284.96,322.23928571428576,312.83,CLOSED
TH_131245,Gamma_Hybrid,SHORT,2025-08-13 12:45:00,329.27,2025-08-14 03:30:00,336.8,-0.022868770310079965,SL_ATR_DYNAMIC,RSI_Reversal,270.27,336.05642857142857,321.62,CLOSED
TH_141015,Gamma_Hybrid,LONG,2025-08-14 10:15:00,326.7,2025-08-14 12:30:00,314.82,-0.03636363636363635,SL_ATR_DYNAMIC,RSI_Reversal,353.13,320.41714285714284,326.7,CLOSED
TH_141300,Gamma_Hybrid,LONG,2025-08-14 13:00:00,315.26,2025-08-15 14:30:00,302.09,-0.041775042821797934,SL_ATR_DYNAMIC,RSI_Reversal,362.02,303.6457142857143,320.9,CLOSED
TH_151615,Gamma_Hybrid,LONG,2025-08-15 16:15:00,296.28,2025-08-18 06:00:00,288.11,-0.027575266639665048,SL_ATR_DYNAMIC,RSI_Reversal,332.49,288.23785714285714,310.11,CLOSED
TH_180615,Gamma_Hybrid,LONG,2025-08-18 06:15:00,286.74,2025-08-19 04:00:00,280.43,-0.02200599846550883,SL_ATR_DYNAMIC,RSI_Reversal,317.41,280.9157142857143,294.61,CLOSED
TH_190430,Gamma_Hybrid,LONG,2025-08-19 04:30:00,283.35,2025-08-19 18:45:00,277.23,-0.02159872948650081,SL_ATR_DYNAMIC,RSI_Reversal,304.67,277.69714285714286,288.78,CLOSED
TH_200515,Gamma_Hybrid,SHORT,2025-08-20 05:15:00,284.85,2025-08-20 08:00:00,289.27,-0.01551693873968741,SL_ATR_DYNAMIC,RSI_Reversal,267.2,289.0971428571429,284.85,CLOSED
TH_200900,Gamma_Hybrid,SHORT,2025-08-20 09:00:00,290.1,2025-08-20 17:30:00,294.72,-0.015925542916235796,SL_ATR_DYNAMIC,RSI_Reversal,265.47,294.39428571428573,284.01,CLOSED
TH_202145,Gamma_Hybrid,SHORT,2025-08-20 21:45:00,297.06,2025-08-21 03:00:00,303.15,-0.020500908907291372,SL_ATR_DYNAMIC,RSI_Reversal,276.73,302.8071428571429,297.06,CLOSED
TH_221230,Gamma_Hybrid,LONG,2025-08-22 12:30:00,297.65,2025-08-22 14:00:00,319.99,0.07505459432219061,TP_FIBONACCI_EXT,RSI_Reversal,317.15,292.2885714285714,319.99,CLOSED
TH_221415,Gamma_Hybrid,SHORT,2025-08-22 14:15:00,317.02,2025-08-22 18:30:00,336.41,-0.061163333543625145,SL_ATR_DYNAMIC,RSI_Reversal,285.16,330.24999999999994,317.02,CLOSED
TH_222000,Gamma_Hybrid,SHORT,2025-08-22 20:00:00,336.63,2025-08-22 23:15:00,346.42,-0.029082375308201944,SL_ATR_DYNAMIC,RSI_Reversal,285.16,345.66214285714284,336.6,CLOSED
TH_230000,Gamma_Hybrid,SHORT,2025-08-23 00:00:00,344.85,2025-08-23 11:00:00,356.06,-0.03250688705234154,SL_ATR_DYNAMIC,RSI_Reversal,285.16,353.6592857142858,340.24,CLOSED
TH_231330,Gamma_Hybrid,SHORT,2025-08-23 13:30:00,362.06,2025-08-23 14:15:00,377.3,-0.04209247086118326,SL_ATR_DYNAMIC,RSI_Reversal,359.23,373.9721428571429,362.06,CLOSED
TH_240330,Gamma_Hybrid,LONG,2025-08-24 03:30:00,350.94,2025-08-24 22:15:00,344.31,-0.01889211831082235,SL_ATR_DYNAMIC,RSI_Reversal,365.26,345.43285714285713,358.72,CLOSED
TH_242230,Gamma_Hybrid,LONG,2025-08-24 22:30:00,347.26,2025-08-25 07:15:00,332.65,-0.04207222254218745,SL_ATR_DYNAMIC,RSI_Reversal,370.38,333.28642857142853,350.16,CLOSED
TH_250815,Gamma_Hybrid,LONG,2025-08-25 08:15:00,331.05,2025-08-25 17:00:00,323.27,-0.02350098172481507,SL_ATR_DYNAMIC,RSI_Reversal,370.38,323.78571428571433,331.05,CLOSED
TH_252015,Gamma_Hybrid,LONG,2025-08-25 20:15:00,316.84,2025-08-29 07:00:00,306.92,-0.031309178134073856,SL_ATR_DYNAMIC,RSI_Reversal,370.38,309.76642857142855,337.37,CLOSED
TH_290715,Gamma_Hybrid,LONG,2025-08-29 07:15:00,307.4,2025-08-30 06:30:00,318.26,0.03532856213402737,TRAILING_STOP_SMART,RSI_Reversal,322.78,300.78928571428565,320.82,CLOSED
TH_310100,Gamma_Hybrid,SHORT,2025-08-31 01:00:00,319.83,2025-08-31 03:00:00,323.65,-0.011943845167745343,SL_ATR_DYNAMIC,RSI_Reversal,308.61,323.3914285714286,319.79,CLOSED
TH_311500,Gamma_Hybrid,LONG,2025-08-31 15:00:00,318.4,2025-09-01 00:00:00,313.37,-0.01579773869346725,SL_ATR_DYNAMIC,RSI_Reversal,329.42,313.86999999999995,322.37,CLOSED
TH_010115,Gamma_Hybrid,LONG,2025-09-01 01:15:00,314.34,2025-09-01 04:30:00,308.87,-0.017401539734045846,SL_ATR_DYNAMIC,RSI_Reversal,325.88,309.2785714285714,315.84,CLOSED
TH_010815,Gamma_Hybrid,SHORT,2025-09-01 08:15:00,316.15,2025-09-01 21:30:00,299.58,0.05241182982761346,TP_FIBONACCI_EXT,RSI_Reversal,299.65,322.06428571428575,299.58,CLOSED
TH_020115,Gamma_Hybrid,SHORT,2025-09-02 01:15:00,305.5,2025-09-02 03:45:00,310.72,-0.01708674304418994,SL_ATR_DYNAMIC,RSI_Reversal,286.3,310.2914285714286,305.5,CLOSED
TH_020415,Gamma_Hybrid,SHORT,2025-09-02 04:15:00,311.19,2025-09-02 06:00:00,316.25,-0.016260162601626025,SL_ATR_DYNAMIC,RSI_Reversal,286.3,316.22142857142853,311.19,CLOSED
TH_020645,Gamma_Hybrid,SHORT,2025-09-02 06:45:00,316.0,2025-09-03 09:45:00,320.33,-0.01370253164556957,SL_ATR_DYNAMIC,RSI_Reversal,287.7,319.72214285714284,304.98,CLOSED
TH_031030,Gamma_Hybrid,SHORT,2025-09-03 10:30:00,319.79,2025-09-03 13:30:00,326.87,-0.022139529065949477,SL_ATR_DYNAMIC,RSI_Reversal,296.49,324.03714285714284,319.49,CLOSED
TH_040415,Gamma_Hybrid,LONG,2025-09-04 04:15:00,322.45,2025-09-04 07:30:00,317.92,-0.014048689719336246,SL_ATR_DYNAMIC,RSI_Reversal,348.28,318.25642857142856,322.45,CLOSED
TH_041115,Gamma_Hybrid,SHORT,2025-09-04 11:15:00,322.84,2025-09-04 15:45:00,308.61,0.04407756164044097,TP_FIBONACCI_EXT,RSI_Reversal,308.78,327.5435714285714,308.61,CLOSED
TH_041600,Gamma_Hybrid,LONG,2025-09-04 16:00:00,309.61,2025-09-05 14:30:00,300.89,-0.028164464972061713,SL_ATR_DYNAMIC,RSI_Reversal,329.59,301.73071428571427,312.3,CLOSED
TH_090730,Gamma_Hybrid,SHORT,2025-09-09 07:30:00,307.28,2025-09-12 05:30:00,313.48,-0.0201770372298882,SL_ATR_DYNAMIC,RSI_Reversal,292.65,312.24071428571426,295.34,CLOSED
TH_120945,Gamma_Hybrid,LONG,2025-09-12 09:45:00,310.29,2025-09-12 18:45:00,320.68,0.0334848045376905,TP_FIBONACCI_EXT,RSI_Reversal,320.23,306.8271428571429,320.68,CLOSED
TH_121900,Gamma_Hybrid,SHORT,2025-09-12 19:00:00,319.93,2025-09-14 14:30:00,302.94,0.05310536679898731,TP_FIBONACCI_EXT,RSI_Reversal,303.98,324.2971428571429,302.94,CLOSED
TH_150900,Gamma_Hybrid,LONG,2025-09-15 09:00:00,299.44,2025-09-16 13:45:00,292.15,-0.024345444830350057,SL_ATR_DYNAMIC,RSI_Reversal,314.06,293.0842857142857,300.42,CLOSED
TH_161815,Gamma_Hybrid,SHORT,2025-09-16 18:15:00,297.4,2025-09-17 22:00:00,304.32,-0.0232683254875589,SL_ATR_DYNAMIC,RSI_Reversal,283.93,302.79785714285714,290.89,CLOSED
TH_172315,Gamma_Hybrid,SHORT,2025-09-17 23:15:00,306.48,2025-09-22 02:30:00,282.69,0.07762333594361792,TP_FIBONACCI_EXT,RSI_Reversal,283.55,312.63000000000005,282.69,CLOSED
TH_220315,Gamma_Hybrid,LONG,2025-09-22 03:15:00,284.41,2025-09-22 06:00:00,265.21,-0.06750817481804453,SL_ATR_DYNAMIC,RSI_Reversal,302.74,277.19928571428574,284.41,CLOSED
TH_220630,Gamma_Hybrid,LONG,2025-09-22 06:30:00,268.59,2025-10-10 20:45:00,245.38,-0.0864142373133772,SL_ATR_DYNAMIC,RSI_Reversal,334.16,255.3064285714285,301.02,CLOSED
TH_110930,Gamma_Hybrid,SHORT,2025-10-11 09:30:00,241.13,2025-10-12 16:30:00,249.71,-0.03558246588976906,SL_ATR_DYNAMIC,RSI_Reversal,-43.29,249.10999999999999,224.44,CLOSED
TH_121815,Gamma_Hybrid,SHORT,2025-10-12 18:15:00,251.31,2025-10-13 20:45:00,262.45,-0.04432772273287965,SL_ATR_DYNAMIC,RSI_Reversal,222.66,262.2214285714286,244.05,CLOSED
TH_132100,Gamma_Hybrid,SHORT,2025-10-13 21:00:00,261.63,2025-10-16 01:00:00,242.44,0.07334785766158314,TRAILING_STOP_SMART,RSI_Reversal,236.68,268.25142857142856,239.37,CLOSED
TH_162100,Gamma_Hybrid,LONG,2025-10-16 21:00:00,228.89,2025-10-17 05:30:00,221.05,-0.03425226091135469,SL_ATR_DYNAMIC,RSI_Reversal,254.99,221.38142857142856,228.97,CLOSED
TH_170845,Gamma_Hybrid,LONG,2025-10-17 08:45:00,204.58,2025-11-04 05:30:00,196.15,-0.04120637403460752,SL_ATR_DYNAMIC,RSI_Reversal,273.18,196.26785714285717,248.4,CLOSED
TH_041830,Gamma_Hybrid,LONG,2025-11-04 18:30:00,189.71,2025-11-04 21:30:00,178.31,-0.0600917189394339,SL_ATR_DYNAMIC,RSI_Reversal,211.48,179.86785714285716,190.26,CLOSED
TH_050415,Gamma_Hybrid,SHORT,2025-11-05 04:15:00,197.76,2025-11-07 17:15:00,207.04,-0.046925566343042076,SL_ATR_DYNAMIC,RSI_Reversal,159.34,206.89285714285714,190.47,CLOSED
TH_071915,Gamma_Hybrid,SHORT,2025-11-07 19:15:00,208.78,2025-11-10 00:45:00,216.35,-0.036258262285659516,SL_ATR_DYNAMIC,RSI_Reversal,181.55,215.68214285714288,197.0,CLOSED
TH_100345,Gamma_Hybrid,SHORT,2025-11-10 03:45:00,219.88,2025-11-10 22:45:00,228.84,-0.040749499727123925,SL_ATR_DYNAMIC,RSI_Reversal,203.99,225.40214285714285,216.78,CLOSED
TH_110615,Gamma_Hybrid,LONG,2025-11-11 06:15:00,219.58,2025-11-11 18:15:00,213.01,-0.02992075781036534,SL_ATR_DYNAMIC,RSI_Reversal,242.09,213.16214285714287,219.58,CLOSED
TH_111830,Gamma_Hybrid,LONG,2025-11-11 18:30:00,212.28,2025-11-11 23:45:00,207.6,-0.022046353872244236,SL_ATR_DYNAMIC,RSI_Reversal,222.3,207.62357142857144,212.76,CLOSED
TH_120000,Gamma_Hybrid,LONG,2025-11-12 00:00:00,207.66,2025-11-12 19:15:00,203.55,-0.019791967639410504,SL_ATR_DYNAMIC,RSI_Reversal,228.01,203.64214285714286,218.84,CLOSED
TH_130645,Gamma_Hybrid,SHORT,2025-11-13 06:45:00,214.95,2025-11-13 19:00:00,193.93,0.09779018376366588,TP_FIBONACCI_EXT,RSI_Reversal,194.14,220.51285714285711,193.93,CLOSED
TH_131915,Gamma_Hybrid,LONG,2025-11-13 19:15:00,195.34,2025-11-14 04:30:00,187.6,-0.03962322105047614,SL_ATR_DYNAMIC,RSI_Reversal,225.33,187.90214285714285,200.91,CLOSED
TH_140515,Gamma_Hybrid,LONG,2025-11-14 05:15:00,188.61,2025-11-14 11:00:00,182.78,-0.0309103440962834,SL_ATR_DYNAMIC,RSI_Reversal,209.25,182.85214285714287,190.42,CLOSED
TH_152145,Gamma_Hybrid,LONG,2025-11-15 21:45:00,178.1,2025-11-16 15:45:00,173.21,-0.027456485120718622,SL_ATR_DYNAMIC,RSI_Reversal,186.99,175.28,181.57,CLOSED
TH_161700,Gamma_Hybrid,LONG,2025-11-16 17:00:00,170.16,2025-11-17 20:00:00,165.43,-0.027797367183826926,SL_ATR_DYNAMIC,RSI_Reversal,191.03,165.61285714285714,179.52,CLOSED
TH_181630,Gamma_Hybrid,SHORT,2025-11-18 16:30:00,178.18,2025-11-21 09:30:00,155.03,0.12992479515097097,TP_FIBONACCI_EXT,RSI_Reversal,155.44,184.48642857142858,155.03,CLOSED
TH_211030,Gamma_Hybrid,LONG,2025-11-21 10:30:00,155.29,2025-11-25 00:15:00,177.92,0.145727348831219,TRAILING_STOP_SMART,RSI_Reversal,182.1,146.92642857142857,179.43,CLOSED
TH_260515,Gamma_Hybrid,LONG,2025-11-26 05:15:00,177.27,2025-11-26 18:15:00,186.61,0.05268799007164214,TP_FIBONACCI_EXT,RSI_Reversal,185.89,174.97500000000002,186.61,CLOSED
TH_262000,Gamma_Hybrid,SHORT,2025-11-26 20:00:00,186.01,2025-12-01 01:30:00,171.81,0.07633998172141276,TRAILING_STOP_SMART,RSI_Reversal,165.93,190.9557142857143,169.03,CLOSED
TH_010330,Gamma_Hybrid,LONG,2025-12-01 03:30:00,167.45,2025-12-03 09:15:00,192.12,0.1473275604658108,TRAILING_STOP_SMART,RSI_Reversal,199.59,162.29642857142855,194.42,CLOSED
TH_032315,Gamma_Hybrid,SHORT,2025-12-03 23:15:00,199.72,2025-12-05 16:30:00,182.85,0.08446825555778091,TP_FIBONACCI_EXT,RSI_Reversal,183.86,204.1192857142857,182.85,CLOSED
TH_061500,Gamma_Hybrid,SHORT,2025-12-06 15:00:00,186.99,2025-12-06 16:15:00,190.49,-0.018717578480132627,SL_ATR_DYNAMIC,RSI_Reversal,180.12,189.58285714285714,186.07,CLOSED
TH_061645,Gamma_Hybrid,SHORT,2025-12-06 16:45:00,189.76,2025-12-07 19:15:00,193.84,-0.02150084317032047,SL_ATR_DYNAMIC,RSI_Reversal,176.21,193.61071428571427,182.04,CLOSED
TH_071945,Gamma_Hybrid,SHORT,2025-12-07 19:45:00,193.75,2025-12-08 14:30:00,198.94,-0.026787096774193535,SL_ATR_DYNAMIC,RSI_Reversal,173.63,198.67214285714286,185.86,CLOSED
TH_091130,Gamma_Hybrid,LONG,2025-12-09 11:30:00,188.29,2025-12-09 16:00:00,199.98,0.06208508152318232,TP_FIBONACCI_EXT,RSI_Reversal,198.63,186.22857142857143,199.98,CLOSED
TH_091900,Gamma_Hybrid,SHORT,2025-12-09 19:00:00,203.98,2025-12-15 19:30:00,183.76,0.09912736542798313,TRAILING_STOP_SMART,RSI_Reversal,175.23,210.63571428571427,180.36,CLOSED
TH_152345,Gamma_Hybrid,SHORT,2025-12-15 23:45:00,192.8,2025-12-18 21:00:00,172.57,0.10492738589211627,TRAILING_STOP_SMART,RSI_Reversal,168.92,199.14714285714285,169.77,CLOSED
TH_190415,Gamma_Hybrid,SHORT,2025-12-19 04:15:00,179.23,2025-12-19 14:30:00,184.11,-0.02722758466774549,SL_ATR_DYNAMIC,RSI_Reversal,159.59,183.9142857142857,178.36,CLOSED
