Trade_ID,Strategy,Side,Entry_Time,Entry_Price,Exit_Time,Exit_Price,PnL_Pct,Exit_Reason,Structure_Context,Fibo_Target,SL,Peak_Price,Mode,status
TH_211130,Gamma_HEDGE_REVERSAL,SHORT,2024-12-21 11:30:00,321.44,2024-12-21 13:30:00,308.31,0.04084743653558983,SL_HIT,HEDGE_REVERSAL|MACD:-1.1516|Dist:999.000,294.1176,307.3329,304.29,HEDGE_REVERSAL,CLOSED
TH_211400,Gamma_HEDGE_REVERSAL,SHORT,2024-12-21 14:00:00,309.36,2024-12-21 22:15:00,299.82,0.03083785880527547,SL_HIT,HEDGE_REVERSAL|MACD:-1.0261|Dist:999.000,283.06440000000003,299.7276,296.76,HEDGE_REVERSAL,CLOSED
TH_231100,Gamma_HEDGE_REVERSAL,LONG,2024-12-23 11:00:00,337.88,2024-12-23 15:00:00,329.89,-0.023647448798389988,SL_HIT,HEDGE_REVERSAL|MACD:0.2111|Dist:0.016,366.59979999999996,332.8118,340.48,HEDGE_REVERSAL,CLOSED
TH_231845,Gamma_HEDGE_REVERSAL,LONG,2024-12-23 18:45:00,352.25,2024-12-23 22:15:00,382.45,0.08573456352022708,TP_HIT,HEDGE_REVERSAL|MACD:0.9611|Dist:0.028,382.19124999999997,372.22020000000003,382.45,HEDGE_REVERSAL,CLOSED
TH_232300,Gamma_HEDGE_REVERSAL,LONG,2024-12-23 23:00:00,383.61,2024-12-24 01:15:00,375.86,-0.020202810145720913,SL_HIT,HEDGE_REVERSAL|MACD:1.5752|Dist:0.107,416.21685,377.85585000000003,386.12,HEDGE_REVERSAL,CLOSED
TH_260415,Gamma_HEDGE_REVERSAL,SHORT,2024-12-26 04:15:00,355.4,2024-12-26 11:15:00,343.14,0.03449634214969047,SL_HIT,HEDGE_REVERSAL|MACD:-0.5187|Dist:0.030,325.191,342.592,339.2,HEDGE_REVERSAL,CLOSED
TH_271545,Gamma_HEDGE_REVERSAL,SHORT,2024-12-27 15:45:00,325.67,2024-12-28 12:00:00,331.99,-0.01940614732704883,SL_HIT,HEDGE_REVERSAL|MACD:-1.1839|Dist:0.022,297.98805000000004,330.55505,320.08,HEDGE_REVERSAL,CLOSED
TH_291645,Gamma_HEDGE_REVERSAL,SHORT,2024-12-29 16:45:00,331.61,2024-12-30 00:00:00,337.46,-0.017641205030005023,SL_HIT,HEDGE_REVERSAL|MACD:-0.5023|Dist:0.016,303.42315,336.58414999999997,327.64,HEDGE_REVERSAL,CLOSED
TH_310100,Gamma_HEDGE_REVERSAL,SHORT,2024-12-31 01:00:00,312.91,2024-12-31 13:15:00,319.01,-0.0194944233166085,SL_HIT,HEDGE_REVERSAL|MACD:-1.0126|Dist:0.024,286.31265,317.60365,308.96,HEDGE_REVERSAL,CLOSED
TH_012100,Gamma_HEDGE_REVERSAL,LONG,2025-01-01 21:00:00,319.66,2025-01-02 08:15:00,331.36,0.036601388975786735,SL_HIT,HEDGE_REVERSAL|MACD:0.3800|Dist:0.015,346.8311,331.6599,335.01,HEDGE_REVERSAL,CLOSED
TH_030600,Gamma_HEDGE_REVERSAL,SHORT,2025-01-03 06:00:00,325.53,2025-01-03 12:00:00,331.33,-0.017817098270512737,SL_HIT,HEDGE_REVERSAL|MACD:-0.1267|Dist:0.020,297.85994999999997,330.41294999999997,318.48,HEDGE_REVERSAL,CLOSED
TH_031530,Gamma_HEDGE_REVERSAL,LONG,2025-01-03 15:30:00,347.11,2025-01-04 02:15:00,341.34,-0.016622972544726566,SL_HIT,HEDGE_REVERSAL|MACD:1.4528|Dist:0.021,376.61435,341.90335,355.5,HEDGE_REVERSAL,CLOSED
TH_071545,Gamma_HEDGE_REVERSAL,SHORT,2025-01-07 15:45:00,315.71,2025-01-08 07:00:00,295.14,0.0651547306072028,SL_HIT,HEDGE_REVERSAL|MACD:-1.8173|Dist:0.066,288.87465,294.8897,291.97,HEDGE_REVERSAL,CLOSED
TH_130415,Gamma_HEDGE_REVERSAL,SHORT,2025-01-13 04:15:00,282.31,2025-01-13 07:15:00,273.84,0.030002479543764043,SL_HIT,HEDGE_REVERSAL|MACD:-0.3917|Dist:0.014,258.31365,273.5686,270.86,HEDGE_REVERSAL,CLOSED
TH_130945,Gamma_HEDGE_REVERSAL,SHORT,2025-01-13 09:45:00,267.63,2025-01-13 12:00:00,261.75,0.021970631095168686,SL_HIT,HEDGE_REVERSAL|MACD:-0.2533|Dist:0.063,244.88145,259.09529999999995,256.53,HEDGE_REVERSAL,CLOSED
TH_151630,Gamma_HEDGE_REVERSAL,LONG,2025-01-15 16:30:00,315.9,2025-01-16 03:45:00,310.64,-0.01665083887306107,SL_HIT,HEDGE_REVERSAL|MACD:1.3743|Dist:0.038,342.75149999999996,311.1615,322.54,HEDGE_REVERSAL,CLOSED
TH_172115,Gamma_HEDGE_REVERSAL,LONG,2025-01-17 21:15:00,333.01,2025-01-18 03:30:00,325.01,-0.02402330260352542,SL_HIT,HEDGE_REVERSAL|MACD:0.8389|Dist:0.014,361.31584999999995,328.01484999999997,339.6,HEDGE_REVERSAL,CLOSED
TH_180600,Gamma_HEDGE_REVERSAL,SHORT,2025-01-18 06:00:00,316.72,2025-01-19 02:15:00,322.77,-0.019102045971204705,SL_HIT,HEDGE_REVERSAL|MACD:-1.4073|Dist:0.017,289.7988,321.4708,307.95,HEDGE_REVERSAL,CLOSED
TH_190930,Gamma_HEDGE_REVERSAL,SHORT,2025-01-19 09:30:00,301.44,2025-01-19 13:45:00,312.25,-0.03586119957537156,SL_HIT,HEDGE_REVERSAL|MACD:-0.8167|Dist:0.017,275.8176,305.9616,294.48,HEDGE_REVERSAL,CLOSED
TH_191515,Gamma_HEDGE_REVERSAL,LONG,2025-01-19 15:15:00,328.83,2025-01-19 18:15:00,343.7,0.0452209348295472,SL_HIT,HEDGE_REVERSAL|MACD:3.8449|Dist:0.014,356.78054999999995,343.74780000000004,347.22,HEDGE_REVERSAL,CLOSED
TH_192330,Gamma_HEDGE_REVERSAL,SHORT,2025-01-19 23:30:00,309.99,2025-01-20 01:00:00,302.2,0.02512984289815807,SL_HIT,HEDGE_REVERSAL|MACD:-3.6784|Dist:0.015,283.64085,302.1112,299.12,HEDGE_REVERSAL,CLOSED
TH_200730,Gamma_HEDGE_REVERSAL,LONG,2025-01-20 07:30:00,352.62,2025-01-20 09:15:00,346.32,-0.017866258295048527,SL_HIT,HEDGE_REVERSAL|MACD:4.6577|Dist:0.018,382.5927,347.3307,362.23,HEDGE_REVERSAL,CLOSED
TH_230215,Gamma_HEDGE_REVERSAL,SHORT,2025-01-23 02:15:00,337.28,2025-01-23 14:30:00,344.07,-0.02013164136622397,SL_HIT,HEDGE_REVERSAL|MACD:-0.9776|Dist:0.052,308.6112,342.33919999999995,330.98,HEDGE_REVERSAL,CLOSED
TH_240600,Gamma_HEDGE_REVERSAL,LONG,2025-01-24 06:00:00,346.1,2025-01-24 20:45:00,340.47,-0.016266974862756415,SL_HIT,HEDGE_REVERSAL|MACD:1.7439|Dist:0.015,375.5185,340.9085,354.01,HEDGE_REVERSAL,CLOSED
TH_270000,Gamma_HEDGE_REVERSAL,SHORT,2025-01-27 00:00:00,317.35,2025-01-27 03:15:00,305.96,0.03589097211280933,SL_HIT,HEDGE_REVERSAL|MACD:-1.1484|Dist:0.041,290.37525000000005,305.4038,302.38,HEDGE_REVERSAL,CLOSED
TH_301100,Gamma_HEDGE_REVERSAL,LONG,2025-01-30 11:00:00,307.43,2025-01-30 18:15:00,314.08,0.02163094037667104,SL_HIT,HEDGE_REVERSAL|MACD:0.1275|Dist:0.028,333.56155,314.90909999999997,318.09,HEDGE_REVERSAL,CLOSED
TH_311315,Gamma_HEDGE_REVERSAL,LONG,2025-01-31 13:15:00,328.37,2025-01-31 17:00:00,339.18,0.03292018150257332,SL_HIT,HEDGE_REVERSAL|MACD:0.8317|Dist:0.013,356.28145,342.75780000000003,346.22,HEDGE_REVERSAL,CLOSED
TH_012230,Gamma_HEDGE_REVERSAL,SHORT,2025-02-01 22:30:00,300.78,2025-02-02 05:00:00,291.94,0.02939025201143685,SL_HIT,HEDGE_REVERSAL|MACD:-0.5165|Dist:0.028,275.21369999999996,291.1325,288.25,HEDGE_REVERSAL,CLOSED
TH_021800,Gamma_HEDGE_REVERSAL,SHORT,2025-02-02 18:00:00,266.67,2025-02-02 22:45:00,257.97,0.03262459219259755,SL_HIT,HEDGE_REVERSAL|MACD:-1.6389|Dist:0.099,244.00305000000003,255.6108,253.08,HEDGE_REVERSAL,CLOSED
TH_030200,Gamma_HEDGE_REVERSAL,SHORT,2025-02-03 02:00:00,219.06,2025-02-03 03:00:00,225.38,-0.02885054323016522,SL_HIT,HEDGE_REVERSAL|MACD:-2.9792|Dist:0.021,200.43990000000002,222.34589999999997,217.22,HEDGE_REVERSAL,CLOSED
TH_030330,Gamma_HEDGE_REVERSAL,SHORT,2025-02-03 03:30:00,227.04,2025-02-03 06:15:00,232.86,-0.02563424947145887,SL_HIT,HEDGE_REVERSAL|MACD:-0.3659|Dist:0.034,207.7416,230.44559999999996,222.2,HEDGE_REVERSAL,CLOSED
TH_030800,Gamma_HEDGE_REVERSAL,LONG,2025-02-03 08:00:00,242.4,2025-02-03 08:15:00,237.64,-0.019636963696369716,SL_HIT,HEDGE_REVERSAL|MACD:2.9249|Dist:0.025,263.004,238.764,242.4,HEDGE_REVERSAL,CLOSED
TH_040300,Gamma_HEDGE_REVERSAL,SHORT,2025-02-04 03:00:00,269.13,2025-02-04 06:00:00,256.99,0.04510831196819376,SL_HIT,HEDGE_REVERSAL|MACD:-1.4011|Dist:0.014,246.25395,254.6816,252.16,HEDGE_REVERSAL,CLOSED
TH_061500,Gamma_HEDGE_REVERSAL,SHORT,2025-02-06 15:00:00,253.97,2025-02-06 20:30:00,245.63,0.0328385242351459,SL_HIT,HEDGE_REVERSAL|MACD:-0.7178|Dist:0.033,232.38255,244.8341,242.41,HEDGE_REVERSAL,CLOSED
TH_071200,Gamma_HEDGE_REVERSAL,LONG,2025-02-07 12:00:00,253.61,2025-02-07 16:00:00,249.25,-0.01719175111391512,SL_HIT,HEDGE_REVERSAL|MACD:0.5670|Dist:0.024,275.16685,249.80585000000002,261.13,HEDGE_REVERSAL,CLOSED
TH_072245,Gamma_HEDGE_REVERSAL,SHORT,2025-02-07 22:45:00,233.93,2025-02-07 23:45:00,237.93,-0.017099132219039883,SL_HIT,HEDGE_REVERSAL|MACD:-0.3632|Dist:0.013,214.04595,237.43894999999998,233.89,HEDGE_REVERSAL,CLOSED
TH_101915,Gamma_HEDGE_REVERSAL,LONG,2025-02-10 19:15:00,255.42,2025-02-10 21:45:00,251.02,-0.017226528854435742,SL_HIT,HEDGE_REVERSAL|MACD:0.3808|Dist:0.025,277.1307,251.5887,255.42,HEDGE_REVERSAL,CLOSED
TH_110145,Gamma_HEDGE_REVERSAL,LONG,2025-02-11 01:45:00,258.36,2025-02-11 13:15:00,253.53,-0.018694844403158432,SL_HIT,HEDGE_REVERSAL|MACD:0.6496|Dist:0.037,280.3206,254.4846,261.06,HEDGE_REVERSAL,CLOSED
TH_111830,Gamma_HEDGE_REVERSAL,SHORT,2025-02-11 18:30:00,244.64,2025-02-12 14:30:00,238.35,0.02571124918247217,SL_HIT,HEDGE_REVERSAL|MACD:-0.2694|Dist:0.021,223.8456,236.0673,233.73,HEDGE_REVERSAL,CLOSED
TH_141845,Gamma_HEDGE_REVERSAL,LONG,2025-02-14 18:45:00,266.17,2025-02-14 21:00:00,261.36,-0.01807115753090131,SL_HIT,HEDGE_REVERSAL|MACD:0.3177|Dist:0.030,288.79445,262.17745,267.13,HEDGE_REVERSAL,CLOSED
TH_170915,Gamma_HEDGE_REVERSAL,LONG,2025-02-17 09:15:00,265.49,2025-02-17 15:00:00,273.79,0.03126294775697771,SL_HIT,HEDGE_REVERSAL|MACD:0.9524|Dist:0.037,288.05665,274.1805,276.95,HEDGE_REVERSAL,CLOSED
TH_180615,Gamma_HEDGE_REVERSAL,SHORT,2025-02-18 06:15:00,251.69,2025-02-18 09:45:00,256.35,-0.01851483968373803,SL_HIT,HEDGE_REVERSAL|MACD:-0.6413|Dist:0.029,230.29635000000002,255.46534999999997,249.94,HEDGE_REVERSAL,CLOSED
TH_211900,Gamma_HEDGE_REVERSAL,SHORT,2025-02-21 19:00:00,244.89,2025-02-22 15:45:00,248.69,-0.015517170974723393,SL_HIT,HEDGE_REVERSAL|MACD:-0.8633|Dist:0.073,224.07435,248.56334999999996,239.01,HEDGE_REVERSAL,CLOSED
TH_240500,Gamma_HEDGE_REVERSAL,SHORT,2025-02-24 05:00:00,237.43,2025-02-24 20:00:00,225.52,0.05016215305563743,SL_HIT,HEDGE_REVERSAL|MACD:-0.6128|Dist:0.015,217.24845000000002,224.8159,222.59,HEDGE_REVERSAL,CLOSED
TH_250730,Gamma_HEDGE_REVERSAL,SHORT,2025-02-25 07:30:00,194.13,2025-02-25 08:00:00,197.92,-0.01952300005151183,SL_HIT,HEDGE_REVERSAL|MACD:-0.5815|Dist:0.030,177.62895,197.04194999999999,194.13,HEDGE_REVERSAL,CLOSED
TH_252215,Gamma_HEDGE_REVERSAL,LONG,2025-02-25 22:15:00,203.68,2025-02-26 12:00:00,207.72,0.01983503534956791,SL_HIT,HEDGE_REVERSAL|MACD:0.4623|Dist:0.018,220.9928,208.8306,210.94,HEDGE_REVERSAL,CLOSED
TH_280415,Gamma_HEDGE_REVERSAL,SHORT,2025-02-28 04:15:00,185.83,2025-02-28 08:45:00,182.11,0.020018296292310167,SL_HIT,HEDGE_REVERSAL|MACD:-1.0575|Dist:0.035,170.03445000000002,181.2344,179.44,HEDGE_REVERSAL,CLOSED
TH_021745,Gamma_HEDGE_REVERSAL,LONG,2025-03-02 17:45:00,221.81,2025-03-02 18:30:00,217.03,-0.02154997520400343,SL_HIT,HEDGE_REVERSAL|MACD:2.9122|Dist:0.112,240.66385,218.48285,221.81,HEDGE_REVERSAL,CLOSED
TH_021900,Gamma_HEDGE_REVERSAL,LONG,2025-03-02 19:00:00,216.14,2025-03-02 23:15:00,223.28,0.033034144535948995,SL_HIT,HEDGE_REVERSAL|MACD:0.2599|Dist:0.104,234.51189999999997,223.7004,225.96,HEDGE_REVERSAL,CLOSED
TH_032000,Gamma_HEDGE_REVERSAL,SHORT,2025-03-03 20:00:00,182.62,2025-03-04 04:00:00,172.83,0.05360858613514397,SL_HIT,HEDGE_REVERSAL|MACD:-1.2506|Dist:0.042,167.09730000000002,172.4676,170.76,HEDGE_REVERSAL,CLOSED
TH_041915,Gamma_HEDGE_REVERSAL,LONG,2025-03-04 19:15:00,209.8,2025-03-04 20:45:00,205.0,-0.02287893231649195,SL_HIT,HEDGE_REVERSAL|MACD:0.8892|Dist:0.025,227.633,206.65300000000002,210.34,HEDGE_REVERSAL,CLOSED
TH_050515,Gamma_HEDGE_REVERSAL,LONG,2025-03-05 05:15:00,212.26,2025-03-05 09:45:00,221.56,0.04381419014416287,SL_HIT,HEDGE_REVERSAL|MACD:0.4573|Dist:0.025,230.3021,221.7402,223.98,HEDGE_REVERSAL,CLOSED
TH_051030,Gamma_HEDGE_REVERSAL,LONG,2025-03-05 10:30:00,223.0,2025-03-05 10:45:00,219.62,-0.01515695067264572,SL_HIT,HEDGE_REVERSAL|MACD:0.1833|Dist:0.030,241.95499999999998,219.655,223.0,HEDGE_REVERSAL,CLOSED
TH_091100,Gamma_HEDGE_REVERSAL,SHORT,2025-03-09 11:00:00,189.47,2025-03-09 12:30:00,193.11,-0.019211484667757506,SL_HIT,HEDGE_REVERSAL|MACD:-0.4842|Dist:0.017,173.36505,192.31204999999997,189.47,HEDGE_REVERSAL,CLOSED
TH_091845,Gamma_HEDGE_REVERSAL,SHORT,2025-03-09 18:45:00,179.35,2025-03-09 20:00:00,182.49,-0.017507666573738583,SL_HIT,HEDGE_REVERSAL|MACD:-0.8259|Dist:0.079,164.10525,182.04025,179.02,HEDGE_REVERSAL,CLOSED
TH_110045,Gamma_HEDGE_REVERSAL,SHORT,2025-03-11 00:45:00,173.75,2025-03-11 01:30:00,173.16,0.00339568345323743,SL_HIT,HEDGE_REVERSAL|MACD:-0.6107|Dist:0.014,158.98125000000002,169.0942,167.42,HEDGE_REVERSAL,CLOSED
TH_131800,Gamma_HEDGE_REVERSAL,SHORT,2025-03-13 18:00:00,165.96,2025-03-14 13:45:00,169.1,-0.018920221740178274,SL_HIT,HEDGE_REVERSAL|MACD:-0.4190|Dist:0.024,151.85340000000002,168.4494,160.68,HEDGE_REVERSAL,CLOSED
TH_191200,Gamma_HEDGE_REVERSAL,LONG,2025-03-19 12:00:00,179.73,2025-03-20 01:30:00,177.02,-0.015078172814777609,SL_HIT,HEDGE_REVERSAL|MACD:0.9087|Dist:0.024,195.00705,177.03404999999998,184.12,HEDGE_REVERSAL,CLOSED
TH_210015,Gamma_HEDGE_REVERSAL,LONG,2025-03-21 00:15:00,179.45,2025-03-21 10:15:00,176.7,-0.015324602953468934,SL_HIT,HEDGE_REVERSAL|MACD:0.3899|Dist:0.014,194.70324999999997,176.75824999999998,181.95,HEDGE_REVERSAL,CLOSED
TH_240545,Gamma_HEDGE_REVERSAL,LONG,2025-03-24 05:45:00,188.86,2025-03-25 22:15:00,185.65,-0.016996717144975155,SL_HIT,HEDGE_REVERSAL|MACD:0.4806|Dist:0.013,204.91310000000001,186.02710000000002,193.86,HEDGE_REVERSAL,CLOSED
TH_261715,Gamma_HEDGE_REVERSAL,SHORT,2025-03-26 17:15:00,179.4,2025-03-27 02:30:00,182.44,-0.016945373467112553,SL_HIT,HEDGE_REVERSAL|MACD:-0.1944|Dist:0.022,164.151,182.09099999999998,175.42,HEDGE_REVERSAL,CLOSED
TH_280600,Gamma_HEDGE_REVERSAL,SHORT,2025-03-28 06:00:00,178.95,2025-03-28 18:00:00,171.3,0.04274937133277439,SL_HIT,HEDGE_REVERSAL|MACD:-0.7519|Dist:0.020,163.73925,170.9425,169.25,HEDGE_REVERSAL,CLOSED
TH_010830,Gamma_HEDGE_REVERSAL,LONG,2025-04-01 08:30:00,168.16,2025-04-01 11:30:00,165.31,-0.016948144624167424,SL_HIT,HEDGE_REVERSAL|MACD:0.4000|Dist:0.034,182.4536,165.6376,169.21,HEDGE_REVERSAL,CLOSED
TH_020530,Gamma_HEDGE_REVERSAL,SHORT,2025-04-02 05:30:00,159.31,2025-04-02 15:30:00,164.0,-0.029439457661163754,SL_HIT,HEDGE_REVERSAL|MACD:-0.1625|Dist:0.028,145.76865,161.69965,156.33,HEDGE_REVERSAL,CLOSED
TH_061745,Gamma_HEDGE_REVERSAL,SHORT,2025-04-06 17:45:00,138.32,2025-04-06 22:00:00,130.78,0.05451127819548867,SL_HIT,HEDGE_REVERSAL|MACD:-0.4640|Dist:0.080,126.5628,130.0476,128.76,HEDGE_REVERSAL,CLOSED
TH_070800,Gamma_HEDGE_REVERSAL,SHORT,2025-04-07 08:00:00,116.54,2025-04-07 08:15:00,119.87,-0.028573880212802456,SL_HIT,HEDGE_REVERSAL|MACD:-0.3310|Dist:0.019,106.6341,118.2881,116.54,HEDGE_REVERSAL,CLOSED
TH_081730,Gamma_HEDGE_REVERSAL,SHORT,2025-04-08 17:30:00,127.23,2025-04-09 01:30:00,122.98,0.033404071366816,SL_HIT,HEDGE_REVERSAL|MACD:-0.5898|Dist:0.015,116.41545,121.52319999999999,120.32,HEDGE_REVERSAL,CLOSED
TH_091830,Gamma_HEDGE_REVERSAL,LONG,2025-04-09 18:30:00,141.57,2025-04-10 03:00:00,139.17,-0.01695274422547154,SL_HIT,HEDGE_REVERSAL|MACD:1.4436|Dist:0.073,153.60344999999998,139.44645,144.69,HEDGE_REVERSAL,CLOSED
TH_101600,Gamma_HEDGE_REVERSAL,SHORT,2025-04-10 16:00:00,129.87,2025-04-10 20:30:00,132.45,-0.019866019866019744,SL_HIT,HEDGE_REVERSAL|MACD:-0.6205|Dist:0.014,118.83105,131.81805,128.56,HEDGE_REVERSAL,CLOSED
TH_121500,Gamma_HEDGE_REVERSAL,LONG,2025-04-12 15:00:00,146.73,2025-04-13 04:15:00,144.36,-0.016152116131670252,SL_HIT,HEDGE_REVERSAL|MACD:0.5130|Dist:0.054,159.20204999999999,144.52904999999998,149.71,HEDGE_REVERSAL,CLOSED
TH_131400,Gamma_HEDGE_REVERSAL,SHORT,2025-04-13 14:00:00,140.61,2025-04-13 17:15:00,143.11,-0.017779674276367254,SL_HIT,HEDGE_REVERSAL|MACD:-0.3150|Dist:0.015,128.65815,142.71915,140.06,HEDGE_REVERSAL,CLOSED
TH_210330,Gamma_NORMAL,SHORT,2025-04-21 03:30:00,144.43,2025-04-21 18:45:00,139.19,0.03628055113203634,TP_HIT,NORMAL|MACD:-0.1024|Dist:0.002,139.37495,141.08689999999999,139.19,NORMAL,CLOSED
TH_222315,Gamma_HEDGE_REVERSAL,LONG,2025-04-22 23:15:00,158.08,2025-04-23 05:15:00,163.31,0.03308451417004042,SL_HIT,HEDGE_REVERSAL|MACD:0.3012|Dist:0.019,171.51680000000002,163.44899999999998,165.1,HEDGE_REVERSAL,CLOSED
TH_010415,Gamma_NORMAL,SHORT,2025-05-01 04:15:00,167.4,2025-05-01 10:15:00,172.86,-0.03261648745519718,SL_HIT,NORMAL|MACD:-0.0557|Dist:0.007,161.541,170.74800000000002,167.4,NORMAL,CLOSED
TH_011030,Gamma_HEDGE_REVERSAL,LONG,2025-05-01 10:30:00,172.27,2025-05-01 15:15:00,177.12,0.0281534800023219,SL_HIT,HEDGE_REVERSAL|MACD:0.1731|Dist:0.018,186.91295,177.16049999999998,178.95,HEDGE_REVERSAL,CLOSED
TH_050645,Gamma_HEDGE_REVERSAL,LONG,2025-05-05 06:45:00,177.76,2025-05-05 13:00:00,175.02,-0.015414041404140306,SL_HIT,HEDGE_REVERSAL|MACD:0.3085|Dist:0.012,192.8696,175.09359999999998,180.36,HEDGE_REVERSAL,CLOSED
TH_060830,Gamma_HEDGE_REVERSAL,SHORT,2025-05-06 08:30:00,169.24,2025-05-06 18:45:00,173.09,-0.022748759158591314,SL_HIT,HEDGE_REVERSAL|MACD:-0.1961|Dist:0.024,154.8546,171.77859999999998,163.72,HEDGE_REVERSAL,CLOSED
TH_080415,Gamma_HEDGE_REVERSAL,LONG,2025-05-08 04:15:00,186.12,2025-05-08 04:45:00,183.14,-0.01601117558564377,SL_HIT,HEDGE_REVERSAL|MACD:1.1562|Dist:0.041,201.9402,183.3282,186.12,HEDGE_REVERSAL,CLOSED
TH_082130,Gamma_HEDGE_REVERSAL,LONG,2025-05-08 21:30:00,202.95,2025-05-09 08:30:00,211.51,0.0421778763242178,SL_HIT,HEDGE_REVERSAL|MACD:0.8470|Dist:0.023,220.20074999999997,214.1568,216.32,HEDGE_REVERSAL,CLOSED
TH_100845,Gamma_HEDGE_REVERSAL,LONG,2025-05-10 08:45:00,218.85,2025-05-10 17:45:00,223.26,0.02015078821110348,SL_HIT,HEDGE_REVERSAL|MACD:0.6883|Dist:0.019,237.45225,224.99730000000002,227.27,HEDGE_REVERSAL,CLOSED
TH_131945,Gamma_HEDGE_REVERSAL,LONG,2025-05-13 19:45:00,235.13,2025-05-14 02:45:00,231.32,-0.01620380215200103,SL_HIT,HEDGE_REVERSAL|MACD:0.6039|Dist:0.013,255.11604999999997,231.60305,238.44,HEDGE_REVERSAL,CLOSED
TH_182015,Gamma_HEDGE_REVERSAL,SHORT,2025-05-18 20:15:00,220.11,2025-05-18 21:15:00,225.28,-0.02348825587206391,SL_HIT,HEDGE_REVERSAL|MACD:-2.2165|Dist:0.013,201.40065,223.41164999999998,220.11,HEDGE_REVERSAL,CLOSED
TH_200300,Gamma_HEDGE_REVERSAL,LONG,2025-05-20 03:00:00,263.48,2025-05-20 14:45:00,259.39,-0.01552299984818594,SL_HIT,HEDGE_REVERSAL|MACD:1.0148|Dist:0.119,285.8758,259.5278,269.57,HEDGE_REVERSAL,CLOSED
TH_270830,Gamma_HEDGE_REVERSAL,LONG,2025-05-27 08:30:00,276.05,2025-05-27 22:45:00,271.75,-0.015576888244883213,SL_HIT,HEDGE_REVERSAL|MACD:0.6009|Dist:0.031,299.51425,271.90925,281.89,HEDGE_REVERSAL,CLOSED
TH_010030,Gamma_HEDGE_REVERSAL,SHORT,2025-06-01 00:30:00,243.05,2025-06-01 15:00:00,247.15,-0.016868957004731514,SL_HIT,HEDGE_REVERSAL|MACD:-1.1102|Dist:0.013,222.39075000000003,246.69574999999998,237.59,HEDGE_REVERSAL,CLOSED
TH_031400,Gamma_HEDGE_REVERSAL,LONG,2025-06-03 14:00:00,266.1,2025-06-05 07:30:00,261.49,-0.017324314167606214,SL_HIT,HEDGE_REVERSAL|MACD:0.6707|Dist:0.044,288.7185,262.1085,273.76,HEDGE_REVERSAL,CLOSED
TH_051700,Gamma_HEDGE_REVERSAL,SHORT,2025-06-05 17:00:00,255.77,2025-06-05 21:30:00,244.9,0.0424991203033976,SL_HIT,HEDGE_REVERSAL|MACD:-0.6334|Dist:0.027,234.02955000000003,242.7232,240.32,HEDGE_REVERSAL,CLOSED
TH_071530,Gamma_HEDGE_REVERSAL,LONG,2025-06-07 15:30:00,257.26,2025-06-08 09:15:00,253.32,-0.015315245277151512,SL_HIT,HEDGE_REVERSAL|MACD:0.2295|Dist:0.013,279.1271,253.40109999999999,260.18,HEDGE_REVERSAL,CLOSED
TH_091930,Gamma_HEDGE_REVERSAL,LONG,2025-06-09 19:30:00,267.52,2025-06-10 00:45:00,284.66,0.0640699760765552,SL_HIT,HEDGE_REVERSAL|MACD:0.1162|Dist:0.041,290.25919999999996,285.1101,287.99,HEDGE_REVERSAL,CLOSED
TH_101145,Gamma_HEDGE_REVERSAL,LONG,2025-06-10 11:45:00,313.7,2025-06-10 13:30:00,308.21,-0.017500796939751383,SL_HIT,HEDGE_REVERSAL|MACD:1.8798|Dist:0.013,340.36449999999996,308.99449999999996,317.1,HEDGE_REVERSAL,CLOSED
TH_120330,Gamma_HEDGE_REVERSAL,SHORT,2025-06-12 03:30:00,297.8,2025-06-12 16:45:00,302.91,-0.01715916722632644,SL_HIT,HEDGE_REVERSAL|MACD:-0.1714|Dist:0.026,272.487,302.267,292.36,HEDGE_REVERSAL,CLOSED
TH_130115,Gamma_HEDGE_REVERSAL,SHORT,2025-06-13 01:15:00,270.78,2025-06-13 06:45:00,278.94,-0.03013516507866174,SL_HIT,HEDGE_REVERSAL|MACD:-2.1482|Dist:0.093,247.76369999999997,274.84169999999995,263.4,HEDGE_REVERSAL,CLOSED
TH_141700,Gamma_HEDGE_REVERSAL,SHORT,2025-06-14 17:00:00,270.19,2025-06-14 21:00:00,274.85,-0.017247122395351512,SL_HIT,HEDGE_REVERSAL|MACD:-0.3219|Dist:0.020,247.22385,274.24285,268.9,HEDGE_REVERSAL,CLOSED
TH_212200,Gamma_HEDGE_REVERSAL,SHORT,2025-06-21 22:00:00,234.5,2025-06-22 10:00:00,228.95,0.02366737739872073,SL_HIT,HEDGE_REVERSAL|MACD:-1.0115|Dist:0.034,214.5675,228.26,226.0,HEDGE_REVERSAL,CLOSED
TH_232030,Gamma_HEDGE_REVERSAL,LONG,2025-06-23 20:30:00,248.47,2025-06-24 00:15:00,254.84,0.025636897814625526,SL_HIT,HEDGE_REVERSAL|MACD:1.5412|Dist:0.055,269.58995,254.9151,257.49,HEDGE_REVERSAL,CLOSED
TH_290800,Gamma_HEDGE_REVERSAL,LONG,2025-06-29 08:00:00,263.65,2025-06-29 13:45:00,271.27,0.028901953347240678,SL_HIT,HEDGE_REVERSAL|MACD:0.7008|Dist:0.022,286.06024999999994,271.49760000000003,274.24,HEDGE_REVERSAL,CLOSED
TH_020030,Gamma_HEDGE_REVERSAL,SHORT,2025-07-02 00:30:00,260.08,2025-07-02 09:00:00,264.67,-0.017648415872039497,SL_HIT,HEDGE_REVERSAL|MACD:-0.0500|Dist:0.038,237.9732,263.98119999999994,258.45,HEDGE_REVERSAL,CLOSED
TH_081215,Gamma_HEDGE_REVERSAL,LONG,2025-07-08 12:15:00,288.44,2025-07-08 16:00:00,284.11,-0.01501178754680344,SL_HIT,HEDGE_REVERSAL|MACD:0.7355|Dist:0.019,312.9574,284.1134,290.41,HEDGE_REVERSAL,CLOSED
TH_112245,Gamma_HEDGE_REVERSAL,SHORT,2025-07-11 22:45:00,297.12,2025-07-12 02:15:00,301.85,-0.015919493807216002,SL_HIT,HEDGE_REVERSAL|MACD:-0.9004|Dist:0.019,271.8648,301.5768,293.68,HEDGE_REVERSAL,CLOSED
TH_140345,Gamma_HEDGE_REVERSAL,LONG,2025-07-14 03:45:00,324.04,2025-07-14 16:00:00,317.1,-0.021417108998889017,SL_HIT,HEDGE_REVERSAL|MACD:1.6792|Dist:0.020,351.5834,319.17940000000004,329.62,HEDGE_REVERSAL,CLOSED
TH_221245,Gamma_HEDGE_REVERSAL,LONG,2025-07-22 12:45:00,310.44,2025-07-22 13:45:00,305.51,-0.015880685478675452,SL_HIT,HEDGE_REVERSAL|MACD:0.5029|Dist:0.024,336.8274,305.7834,311.49,HEDGE_REVERSAL,CLOSED
TH_280030,Gamma_HEDGE_REVERSAL,LONG,2025-07-28 00:30:00,304.9,2025-07-28 13:00:00,300.22,-0.015349294850770582,SL_HIT,HEDGE_REVERSAL|MACD:0.3792|Dist:0.017,330.81649999999996,300.32649999999995,308.41,HEDGE_REVERSAL,CLOSED
TH_301100,Gamma_HEDGE_REVERSAL,SHORT,2025-07-30 11:00:00,277.37,2025-07-31 16:00:00,269.24,0.02931102858997006,SL_HIT,HEDGE_REVERSAL|MACD:-0.3580|Dist:0.017,253.79355,268.963,266.3,HEDGE_REVERSAL,CLOSED
TH_071130,Gamma_HEDGE_REVERSAL,LONG,2025-08-07 11:30:00,272.49,2025-08-08 00:15:00,282.03,0.03501045909941636,SL_HIT,HEDGE_REVERSAL|MACD:0.4662|Dist:0.031,295.65165,282.5658,285.42,HEDGE_REVERSAL,CLOSED
TH_081915,Gamma_HEDGE_REVERSAL,LONG,2025-08-08 19:15:00,293.35,2025-08-09 13:00:00,300.57,0.024612237941025975,SL_HIT,HEDGE_REVERSAL|MACD:0.6852|Dist:0.023,318.28475000000003,301.0194,304.06,HEDGE_REVERSAL,CLOSED
TH_111245,Gamma_HEDGE_REVERSAL,SHORT,2025-08-11 12:45:00,296.69,2025-08-12 02:30:00,302.64,-0.020054602446998512,SL_HIT,HEDGE_REVERSAL|MACD:-0.6783|Dist:0.020,271.47135000000003,301.14034999999996,291.76,HEDGE_REVERSAL,CLOSED
TH_121715,Gamma_HEDGE_REVERSAL,LONG,2025-08-12 17:15:00,313.91,2025-08-13 05:15:00,321.49,0.024147048517090833,SL_HIT,HEDGE_REVERSAL|MACD:0.4928|Dist:0.043,340.59235,321.7995,325.05,HEDGE_REVERSAL,CLOSED
TH_171015,Gamma_HEDGE_REVERSAL,LONG,2025-08-17 10:15:00,305.83,2025-08-17 20:45:00,300.85,-0.01628355622404591,SL_HIT,HEDGE_REVERSAL|MACD:0.2111|Dist:0.014,331.82554999999996,301.24255,310.11,HEDGE_REVERSAL,CLOSED
TH_180230,Gamma_HEDGE_REVERSAL,SHORT,2025-08-18 02:30:00,296.08,2025-08-18 09:30:00,288.43,0.02583761145636307,SL_HIT,HEDGE_REVERSAL|MACD:-0.7336|Dist:0.023,270.9132,287.5167,284.67,HEDGE_REVERSAL,CLOSED
TH_221415,Gamma_HEDGE_REVERSAL,LONG,2025-08-22 14:15:00,317.02,2025-08-22 22:15:00,344.49,0.08665068449940076,TP_HIT,HEDGE_REVERSAL|MACD:2.1722|Dist:0.038,343.96669999999995,340.5105,344.49,HEDGE_REVERSAL,CLOSED
TH_231330,Gamma_HEDGE_REVERSAL,LONG,2025-08-23 13:30:00,362.06,2025-08-23 14:30:00,369.2,0.019720488316853524,SL_HIT,HEDGE_REVERSAL|MACD:1.1775|Dist:0.074,392.8351,373.527,377.3,HEDGE_REVERSAL,CLOSED
TH_250815,Gamma_HEDGE_REVERSAL,SHORT,2025-08-25 08:15:00,331.05,2025-08-25 22:30:00,316.71,0.04331671952877218,SL_HIT,HEDGE_REVERSAL|MACD:-0.8181|Dist:0.048,302.91075,313.71610000000004,310.61,HEDGE_REVERSAL,CLOSED
TH_290715,Gamma_HEDGE_REVERSAL,SHORT,2025-08-29 07:15:00,307.4,2025-08-29 12:45:00,312.8,-0.017566688353936353,SL_HIT,HEDGE_REVERSAL|MACD:-0.7914|Dist:0.020,281.271,312.01099999999997,305.29,HEDGE_REVERSAL,CLOSED
TH_041600,Gamma_HEDGE_REVERSAL,SHORT,2025-09-04 16:00:00,309.61,2025-09-07 01:15:00,300.5,0.029424114208197454,SL_HIT,HEDGE_REVERSAL|MACD:-1.3504|Dist:0.030,283.29315,300.4346,297.46,HEDGE_REVERSAL,CLOSED
TH_121900,Gamma_HEDGE_REVERSAL,LONG,2025-09-12 19:00:00,319.93,2025-09-13 15:30:00,314.35,-0.01744131528771914,SL_HIT,HEDGE_REVERSAL|MACD:0.6287|Dist:0.014,347.12405,315.13105,321.34,HEDGE_REVERSAL,CLOSED
TH_141330,Gamma_HEDGE_REVERSAL,SHORT,2025-09-14 13:30:00,305.6,2025-09-16 08:00:00,297.25,0.027323298429319444,SL_HIT,HEDGE_REVERSAL|MACD:-0.3796|Dist:0.014,279.624,296.5259,293.59,HEDGE_REVERSAL,CLOSED
TH_172315,Gamma_HEDGE_REVERSAL,LONG,2025-09-17 23:15:00,306.48,2025-09-19 15:00:00,300.15,-0.020653876272513836,SL_HIT,HEDGE_REVERSAL|MACD:0.7761|Dist:0.014,332.5308,301.88280000000003,311.89,HEDGE_REVERSAL,CLOSED
TH_220115,Gamma_HEDGE_REVERSAL,SHORT,2025-09-22 01:15:00,287.57,2025-09-22 06:30:00,268.59,0.0660013214173941,SL_HIT,HEDGE_REVERSAL|MACD:-0.8786|Dist:0.019,263.12655,267.8621,265.21,HEDGE_REVERSAL,CLOSED
TH_220915,Gamma_NORMAL,LONG,2025-09-22 09:15:00,264.55,2025-09-22 14:45:00,266.64,0.007900207900207805,SL_HIT,NORMAL|MACD:0.1121|Dist:0.002,273.80924999999996,267.4287,270.13,NORMAL,CLOSED
TH_231445,Gamma_HEDGE_REVERSAL,LONG,2025-09-23 14:45:00,276.33,2025-09-24 03:15:00,271.23,-0.018456193681467687,SL_HIT,HEDGE_REVERSAL|MACD:0.4383|Dist:0.019,299.81804999999997,272.18505,279.92,HEDGE_REVERSAL,CLOSED
TH_282130,Gamma_HEDGE_REVERSAL,LONG,2025-09-28 21:30:00,270.06,2025-09-29 23:15:00,277.39,0.027142116566688825,SL_HIT,HEDGE_REVERSAL|MACD:0.0864|Dist:0.012,293.0151,277.39799999999997,280.2,HEDGE_REVERSAL,CLOSED
TH_011000,Gamma_HEDGE_REVERSAL,LONG,2025-10-01 10:00:00,283.34,2025-10-02 20:15:00,290.67,0.02586997952989356,SL_HIT,HEDGE_REVERSAL|MACD:1.1837|Dist:0.016,307.42389999999995,290.9511,293.89,HEDGE_REVERSAL,CLOSED
TH_071700,Gamma_HEDGE_REVERSAL,SHORT,2025-10-07 17:00:00,279.15,2025-10-08 17:15:00,284.16,-0.017947340139710007,SL_HIT,HEDGE_REVERSAL|MACD:-0.1957|Dist:0.013,255.42225,283.3372499999999,275.2,HEDGE_REVERSAL,CLOSED
TH_082015,Gamma_HEDGE_REVERSAL,LONG,2025-10-08 20:15:00,285.1,2025-10-09 02:30:00,279.45,-0.019817607856892436,SL_HIT,HEDGE_REVERSAL|MACD:0.0803|Dist:0.015,309.3335,280.8235,286.52,HEDGE_REVERSAL,CLOSED
TH_101815,Gamma_HEDGE_REVERSAL,SHORT,2025-10-10 18:15:00,262.24,2025-10-10 21:00:00,226.07,0.13792708968883471,TP_HIT,HEDGE_REVERSAL|MACD:-0.4933|Dist:0.065,239.9496,247.8338,226.07,HEDGE_REVERSAL,CLOSED
TH_111030,Gamma_HEDGE_REVERSAL,LONG,2025-10-11 10:30:00,241.73,2025-10-11 12:45:00,236.97,-0.01969139122161085,SL_HIT,HEDGE_REVERSAL|MACD:0.6972|Dist:0.018,262.27705,238.10405,242.95,HEDGE_REVERSAL,CLOSED
TH_121815,Gamma_HEDGE_REVERSAL,LONG,2025-10-12 18:15:00,251.31,2025-10-13 01:00:00,247.44,-0.015399307628029145,SL_HIT,HEDGE_REVERSAL|MACD:0.5277|Dist:0.068,272.67135,247.54035,255.7,HEDGE_REVERSAL,CLOSED
TH_131915,Gamma_HEDGE_REVERSAL,LONG,2025-10-13 19:15:00,258.88,2025-10-14 03:00:00,254.58,-0.016610012360939366,SL_HIT,HEDGE_REVERSAL|MACD:0.6292|Dist:0.018,280.8848,254.99679999999998,262.45,HEDGE_REVERSAL,CLOSED
TH_162100,Gamma_HEDGE_REVERSAL,SHORT,2025-10-16 21:00:00,228.89,2025-10-17 07:30:00,209.22,0.08593647603652405,TP_HIT,HEDGE_REVERSAL|MACD:-0.4403|Dist:0.013,209.43435,213.8978,209.22,HEDGE_REVERSAL,CLOSED
TH_170900,Gamma_HEDGE_REVERSAL,SHORT,2025-10-17 09:00:00,206.22,2025-10-17 11:00:00,210.51,-0.02080302589467555,SL_HIT,HEDGE_REVERSAL|MACD:-0.9248|Dist:0.023,188.6913,209.31329999999997,204.88,HEDGE_REVERSAL,CLOSED
TH_191300,Gamma_HEDGE_REVERSAL,LONG,2025-10-19 13:00:00,220.41,2025-10-20 10:45:00,231.67,0.05108661131527604,SL_HIT,HEDGE_REVERSAL|MACD:0.1727|Dist:0.032,239.14485,231.6996,234.04,HEDGE_REVERSAL,CLOSED
TH_210415,Gamma_HEDGE_REVERSAL,SHORT,2025-10-21 04:15:00,222.04,2025-10-21 14:00:00,225.41,-0.015177445505314378,SL_HIT,HEDGE_REVERSAL|MACD:-0.4041|Dist:0.023,203.1666,225.37059999999997,218.54,HEDGE_REVERSAL,CLOSED
TH_211545,Gamma_HEDGE_REVERSAL,LONG,2025-10-21 15:45:00,235.48,2025-10-21 16:45:00,231.29,-0.017793443179887878,SL_HIT,HEDGE_REVERSAL|MACD:1.4497|Dist:0.021,255.49579999999997,231.9478,236.45,HEDGE_REVERSAL,CLOSED
TH_240400,Gamma_HEDGE_REVERSAL,LONG,2025-10-24 04:00:00,225.97,2025-10-24 07:00:00,231.04,0.022436606629198535,SL_HIT,HEDGE_REVERSAL|MACD:0.1240|Dist:0.023,245.17745,231.58079999999998,233.92,HEDGE_REVERSAL,CLOSED
TH_261230,Gamma_HEDGE_REVERSAL,LONG,2025-10-26 12:30:00,234.81,2025-10-27 06:00:00,245.36,0.04492994335846008,SL_HIT,HEDGE_REVERSAL|MACD:0.4408|Dist:0.027,254.76885,245.916,248.4,HEDGE_REVERSAL,CLOSED
TH_301400,Gamma_HEDGE_REVERSAL,SHORT,2025-10-30 14:00:00,215.71,2025-10-30 20:45:00,211.43,0.01984145380371796,SL_HIT,HEDGE_REVERSAL|MACD:-0.6947|Dist:0.017,197.37465,210.1103,208.03,HEDGE_REVERSAL,CLOSED
TH_030500,Gamma_HEDGE_REVERSAL,SHORT,2025-11-03 05:00:00,217.78,2025-11-03 08:00:00,212.34,0.024979336945541362,SL_HIT,HEDGE_REVERSAL|MACD:-0.7522|Dist:0.021,199.2687,212.201,210.1,HEDGE_REVERSAL,CLOSED
TH_041830,Gamma_HEDGE_REVERSAL,SHORT,2025-11-04 18:30:00,189.71,2025-11-04 21:45:00,185.12,0.02419482367824576,SL_HIT,HEDGE_REVERSAL|MACD:-0.9676|Dist:0.013,173.58465,180.0931,178.31,HEDGE_REVERSAL,CLOSED
TH_071915,Gamma_HEDGE_REVERSAL,LONG,2025-11-07 19:15:00,208.78,2025-11-08 05:30:00,205.22,-0.017051441708975965,SL_HIT,HEDGE_REVERSAL|MACD:0.5368|Dist:0.035,226.5263,205.6483,211.87,HEDGE_REVERSAL,CLOSED
TH_111830,Gamma_HEDGE_REVERSAL,SHORT,2025-11-11 18:30:00,212.28,2025-11-12 10:30:00,216.03,-0.017665347654041832,SL_HIT,HEDGE_REVERSAL|MACD:-0.0756|Dist:0.016,194.2362,215.46419999999998,207.33,HEDGE_REVERSAL,CLOSED
TH_121345,Gamma_NORMAL,SHORT,2025-11-12 13:45:00,218.24,2025-11-12 15:30:00,208.97,0.042476173020527905,TP_HIT,NORMAL|MACD:-0.0094|Dist:0.005,210.6016,212.84740000000002,208.97,NORMAL,CLOSED
TH_130845,Gamma_NORMAL,SHORT,2025-11-13 08:45:00,214.18,2025-11-13 14:45:00,211.7,0.01157904566252693,SL_HIT,NORMAL|MACD:-0.0876|Dist:0.004,206.6837,210.2719,208.19,NORMAL,CLOSED
TH_131915,Gamma_HEDGE_REVERSAL,SHORT,2025-11-13 19:15:00,195.34,2025-11-13 23:00:00,199.4,-0.020784273574280754,SL_HIT,HEDGE_REVERSAL|MACD:-0.8588|Dist:0.054,178.73610000000002,198.27009999999999,191.35,HEDGE_REVERSAL,CLOSED
TH_141000,Gamma_HEDGE_REVERSAL,SHORT,2025-11-14 10:00:00,183.74,2025-11-14 12:45:00,177.73,0.03270926308914781,SL_HIT,HEDGE_REVERSAL|MACD:-0.0319|Dist:0.036,168.12210000000002,176.62879999999998,174.88,HEDGE_REVERSAL,CLOSED
TH_201800,Gamma_HEDGE_REVERSAL,SHORT,2025-11-20 18:00:00,163.32,2025-11-20 21:30:00,166.1,-0.017021797697771256,SL_HIT,HEDGE_REVERSAL|MACD:-0.9506|Dist:0.019,149.4378,165.76979999999998,160.31,HEDGE_REVERSAL,CLOSED
TH_232030,Gamma_HEDGE_REVERSAL,LONG,2025-11-23 20:30:00,168.16,2025-11-25 08:45:00,178.12,0.05922930542340633,SL_HIT,HEDGE_REVERSAL|MACD:0.2123|Dist:0.015,182.4536,178.3485,180.15,HEDGE_REVERSAL,CLOSED
TH_262030,Gamma_NORMAL,SHORT,2025-11-26 20:30:00,185.25,2025-11-27 14:15:00,183.76,0.008043184885290197,SL_HIT,NORMAL|MACD:-0.0794|Dist:0.001,178.76624999999999,183.7493,181.93,NORMAL,CLOSED
TH_010100,Gamma_HEDGE_REVERSAL,SHORT,2025-12-01 01:00:00,170.9,2025-12-01 16:30:00,164.64,0.03662960795787021,SL_HIT,HEDGE_REVERSAL|MACD:-1.0335|Dist:0.032,156.3735,164.5391,162.91,HEDGE_REVERSAL,CLOSED
TH_021415,Gamma_HEDGE_REVERSAL,LONG,2025-12-02 14:15:00,173.59,2025-12-02 19:00:00,188.67,0.08687136355780854,TP_HIT,HEDGE_REVERSAL|MACD:0.3426|Dist:0.013,188.34515,186.26850000000002,188.67,HEDGE_REVERSAL,CLOSED
TH_110115,Gamma_HEDGE_REVERSAL,SHORT,2025-12-11 01:15:00,192.96,2025-12-11 20:45:00,196.31,-0.01736111111111108,SL_HIT,HEDGE_REVERSAL|MACD:-0.6036|Dist:0.024,176.5584,195.8544,187.51,HEDGE_REVERSAL,CLOSED
