timestamp,timeframe_source,signal,price,rsi,volume,macd,adx,atr,in_fvg,max_advance_%,max_drawdown_%
2025-01-15,AAVEUSDT_1d.csv,SHORT (Mid Resistance),319.92,50.02836477095449,238759.852,-7.887957941727677,61.52770526640893,25.803571428571423,True,47.64,18.31
2025-01-16,AAVEUSDT_1d.csv,LONG (Mid Support),311.23,41.81550900404264,161303.479,-6.808705346948216,59.861215505781495,25.47428571428571,False,21.61,46.17
2025-01-17,AAVEUSDT_1d.csv,SHORT (Mid Resistance),335.19,44.53086679279658,167317.241,-3.9742059596201775,58.5851003402656,24.519285714285708,True,50.02,12.92
2025-01-18,AAVEUSDT_1d.csv,LONG (Mid Support),315.57,38.84727295239274,220504.431,-3.273282440093965,57.29608646653151,25.475,True,19.94,46.92
2025-01-19,AAVEUSDT_1d.csv,LONG (Mid Support),309.41,39.76804613727106,542806.161,-3.178219483882856,55.64110799759103,28.495,False,22.33,45.86
2025-01-20,AAVEUSDT_1d.csv,SHORT (Upper),337.53,48.93112917990415,1016783.784,-0.8243300511375651,54.4400471228288,32.04714285714286,False,50.53,12.14
2025-01-20,AAVEUSDT_1d.csv,SHORT (Mid Resistance),337.53,48.93112917990415,1016783.784,-0.8243300511375651,54.4400471228288,32.04714285714286,False,50.53,12.14
2025-01-21,AAVEUSDT_1d.csv,SHORT (Upper),370.8,67.33564764591019,684136.842,3.683296485071821,53.5662119242684,33.017857142857146,False,55.81,0.43
2025-01-22,AAVEUSDT_1d.csv,SHORT (Upper),346.65,63.681132656201896,233350.263,5.246442101930256,52.75479352560517,32.337857142857146,False,53.81,3.15
2025-01-27,AAVEUSDT_1d.csv,LONG (Mid Support),305.07,53.58962482630847,321955.984,1.6362456173523017,43.694697120293576,32.64142857142858,True,14.48,47.51
2025-01-30,AAVEUSDT_1d.csv,SHORT (Mid Resistance),315.44,50.91901331586988,174687.445,-3.2458364090969667,36.40505726770274,33.43857142857143,True,49.24,10.71
2025-01-31,AAVEUSDT_1d.csv,SHORT (Mid Resistance),332.71,49.442345745637695,335111.11,-1.505091229047025,35.56540214467124,34.21857142857143,True,51.87,0.25
2025-02-01,AAVEUSDT_1d.csv,LONG (Mid Support),296.06,45.925059526296,167928.935,-3.0477542221241265,34.04763438069317,34.42428571428572,False,2.94,45.91
2025-02-02,AAVEUSDT_1d.csv,LONG (Lower),258.44,40.590732877976734,366449.871,-7.222686718442389,32.24166952472978,34.705714285714286,False,10.27,38.04
2025-02-03,AAVEUSDT_1d.csv,LONG (Lower),276.45,38.28718263404158,1127436.263,-8.974640250105494,31.78281110181121,36.355,False,2.51,42.08
2025-02-04,AAVEUSDT_1d.csv,LONG (Lower),272.3,28.73672394439167,459215.108,-10.576032444427256,31.35672828052968,34.78428571428572,False,4.07,41.19
2025-02-17,AAVEUSDT_1d.csv,SHORT (Mid Resistance),264.57,44.12462908011869,255620.395,-13.425042247952147,23.971968899496023,21.715714285714284,False,56.89,1.72
2025-02-18,AAVEUSDT_1d.csv,SHORT (Mid Resistance),249.6,39.85882773409578,177667.031,-13.177408878162623,22.799645146010608,21.367142857142856,False,54.31,7.82
2025-02-20,AAVEUSDT_1d.csv,SHORT (Mid Resistance),261.28,60.670403104117256,125911.839,-11.277402845286986,20.432670959826982,19.149285714285718,False,56.35,3.0
2025-02-21,AAVEUSDT_1d.csv,LONG (Mid Support),242.92,52.26070002785256,258217.285,-11.605800727107804,19.53344921454514,19.113571428571426,False,4.66,53.05
2025-02-23,AAVEUSDT_1d.csv,SHORT (Mid Resistance),247.7,52.95086467197365,83526.179,-11.053885411936308,17.78055450665107,18.39642857142857,False,53.96,0.67
2025-02-24,AAVEUSDT_1d.csv,LONG (Lower),210.78,34.49017426770486,232853.204,-13.60647646291659,18.503048919394967,19.87142857142857,False,14.73,45.89
2025-02-24,AAVEUSDT_1d.csv,SHORT (Mid Resistance),210.78,34.49017426770486,232853.204,-13.60647646291659,18.503048919394967,19.87142857142857,False,45.89,14.73
2025-02-25,AAVEUSDT_1d.csv,LONG (Lower),205.13,35.331206320267384,475176.508,-15.902022426357943,19.659623217403613,20.106428571428577,False,17.89,44.4
2025-02-26,AAVEUSDT_1d.csv,LONG (Lower),202.55,29.921700223713643,295382.838,-17.72511943559138,20.7335850655545,19.40928571428572,False,19.39,43.69
2025-02-27,AAVEUSDT_1d.csv,LONG (Lower),203.97,28.673660242335515,146454.592,-18.838199776892907,21.73083535312318,19.53357142857143,False,18.56,44.08
2025-02-28,AAVEUSDT_1d.csv,LONG (Lower),192.25,22.6225680933852,304630.917,-20.430519704956566,23.22232730786218,20.183571428571437,False,25.79,40.68
2025-03-01,AAVEUSDT_1d.csv,LONG (Lower),194.99,26.071633472666164,125176.086,-21.226661874180703,24.607284122976967,20.14571428571429,False,24.02,41.51
2025-03-04,AAVEUSDT_1d.csv,LONG (Lower),206.7,38.873327108621226,654727.541,-20.058378468818372,24.13260818564911,25.167857142857144,False,17.0,44.82
2025-03-06,AAVEUSDT_1d.csv,SHORT (Mid Resistance),208.46,37.28576930483343,456119.8,-17.064894745363404,22.718434203560594,27.428571428571427,False,45.29,1.82
2025-03-22,AAVEUSDT_1d.csv,SHORT (Mid Resistance),179.77,41.26272021008864,84609.274,-13.279732463005018,23.73478984555839,14.401428571428568,False,36.56,28.24
2025-03-23,AAVEUSDT_1d.csv,SHORT (Mid Resistance),185.05,54.055073557148255,112878.785,-11.834336692972728,23.002935725569014,13.334999999999996,False,38.37,24.58
2025-03-24,AAVEUSDT_1d.csv,LONG (Mid Support),190.77,56.23427955443765,134165.595,-10.110743577500443,21.548527122551484,12.387142857142855,False,24.95,40.22
2025-03-26,AAVEUSDT_1d.csv,LONG (Mid Support),177.43,51.47962667880719,185901.176,-8.715013864225654,19.78666830364968,11.159999999999997,False,34.85,35.72
2025-03-27,AAVEUSDT_1d.csv,SHORT (Mid Resistance),184.72,63.17815469746181,111413.715,-7.832664997362741,19.404712940740676,10.661428571428567,False,38.26,32.7
2025-03-28,AAVEUSDT_1d.csv,LONG (Mid Support),175.83,51.65238678090576,161365.104,-7.761278677201062,19.61625209590037,10.892142857142852,False,39.41,35.14
2025-03-29,AAVEUSDT_1d.csv,SHORT (Mid Resistance),168.15,47.27761595339459,176026.568,-8.229551176479504,19.99714944637031,11.550714285714282,False,32.17,45.77
2025-03-31,AAVEUSDT_1d.csv,LONG (Lower),159.59,40.4953482524516,174133.212,-9.578489235608204,21.86380894875824,11.311428571428568,False,69.45,28.54
2025-04-02,AAVEUSDT_1d.csv,LONG (Lower),150.29,30.99173553719008,280168.932,-10.618021564545955,23.037299915054216,11.762142857142855,False,79.94,24.11
2025-04-03,AAVEUSDT_1d.csv,LONG (Lower),151.13,33.109264238572464,154185.86,-11.292084329646656,24.02575613247024,11.724285714285717,False,78.94,24.54
2025-04-04,AAVEUSDT_1d.csv,LONG (Lower),152.02,34.03892944038931,196022.179,-11.620514309943276,25.05329686032331,11.750714285714286,False,82.19,24.98
2025-04-06,AAVEUSDT_1d.csv,LONG (Lower),129.0,21.820010055304152,214453.046,-13.514342983699464,27.68248794027549,13.147857142857143,False,114.7,11.59
2025-04-07,AAVEUSDT_1d.csv,LONG (Lower),132.03,19.646548160396847,596014.993,-14.536419782314823,29.8368413507182,13.776428571428571,False,114.22,9.23
2025-04-08,AAVEUSDT_1d.csv,LONG (Lower),125.3,19.12667270349128,361650.137,-15.708401094252023,31.83731237470071,14.162142857142856,False,125.73,4.36
2025-04-09,AAVEUSDT_1d.csv,LONG (Lower),143.15,34.12962962962963,345619.119,-15.02367532902619,32.76850448662424,14.88142857142857,True,97.58,10.44
2025-04-19,AAVEUSDT_1d.csv,SHORT (Mid Resistance),141.99,44.8160535117057,66400.56,-9.546304612633437,31.443874692879536,12.964999999999996,True,3.65,99.2
2025-04-20,AAVEUSDT_1d.csv,SHORT (Mid Resistance),140.94,57.53978277342762,64713.51,-8.786720049061302,30.86776744885332,11.568571428571428,True,1.34,102.71
2025-04-21,AAVEUSDT_1d.csv,SHORT (Mid Resistance),142.86,56.93608300243371,136874.98,-7.938307983025453,29.953024233948856,10.480714285714283,True,2.18,122.44
2025-04-22,AAVEUSDT_1d.csv,SHORT (Upper),158.2,68.9778495616059,204783.652,-5.959428922934421,28.139029634041083,10.95785714285714,True,1.75,105.7
2025-04-22,AAVEUSDT_1d.csv,LONG (Mid Support),158.2,68.9778495616059,204783.652,-5.959428922934421,28.139029634041083,10.95785714285714,True,105.7,1.75
2025-04-23,AAVEUSDT_1d.csv,SHORT (Upper),168.14,65.86263806017516,248577.84,-3.548176908071838,27.38053380575692,9.948571428571428,False,7.56,93.54
2025-04-24,AAVEUSDT_1d.csv,SHORT (Upper),167.92,76.53046172001768,238796.662,-1.6361341396402054,26.82830726670879,9.753571428571425,False,7.44,93.79
2025-04-25,AAVEUSDT_1d.csv,SHORT (Upper),166.46,73.15716272600834,216716.797,-0.2359167667704866,26.31552548044981,9.72285714285714,False,6.63,95.49
2025-04-26,AAVEUSDT_1d.csv,SHORT (Upper),172.91,70.83123425692695,143654.91,1.3783380611675398,26.07768126157523,9.177142857142854,False,10.11,88.2
2025-04-27,AAVEUSDT_1d.csv,SHORT (Upper),166.62,74.1040056219255,167845.334,2.125593689196819,26.38795935439016,9.330714285714285,False,6.72,95.3
2025-05-08,AAVEUSDT_1d.csv,SHORT (Upper),206.28,72.82789811949539,337309.174,8.128363112510328,23.23284197315698,12.96428571428572,True,1.87,57.75
2025-05-09,AAVEUSDT_1d.csv,SHORT (Upper),211.24,75.58272394881172,283918.985,10.343183913561177,25.10598083751493,13.717857142857143,False,1.14,54.05
2025-05-10,AAVEUSDT_1d.csv,SHORT (Upper),228.64,78.29795876916829,208941.792,13.34860552220718,27.22495883776279,14.629285714285716,True,8.03,42.32
2025-05-11,AAVEUSDT_1d.csv,SHORT (Upper),221.15,77.35527239891644,139746.809,14.953666833571331,29.198629483454404,14.827142857142858,True,4.91,47.14
2025-05-12,AAVEUSDT_1d.csv,SHORT (Upper),221.87,77.80443911217759,242807.236,16.09821724180742,30.774017379478803,15.152142857142858,True,5.22,46.67
2025-05-13,AAVEUSDT_1d.csv,SHORT (Upper),236.41,81.06020712655786,179353.002,17.971375342370635,32.386782246627625,16.587857142857143,True,10.34,37.65
2025-05-20,AAVEUSDT_1d.csv,SHORT (Upper),259.46,77.07973994958208,453430.281,20.804331123186984,38.43607064267672,22.04928571428572,False,17.91,25.42
2025-05-27,AAVEUSDT_1d.csv,SHORT (Upper),271.57,66.47919010123736,170465.692,22.519173972379065,42.37026454145107,20.90428571428572,False,21.57,23.36
2025-05-30,AAVEUSDT_1d.csv,LONG (Mid Support),250.96,59.11995618039074,215505.527,18.13388265119997,40.44763596960932,20.807142857142857,False,34.67,15.13
2025-05-31,AAVEUSDT_1d.csv,LONG (Mid Support),247.09,61.91204588910136,167004.296,16.281757497555418,38.97304609826069,20.802857142857142,False,36.78,13.8
2025-06-01,AAVEUSDT_1d.csv,SHORT (Mid Resistance),246.13,57.326639472858496,139665.72,14.56853400113812,37.18373796375758,20.178571428571427,True,13.46,37.32
2025-06-02,AAVEUSDT_1d.csv,SHORT (Mid Resistance),257.81,55.48281505728316,148460.574,13.99197959225117,35.78032915035503,18.83571428571428,True,17.38,31.1
2025-06-05,AAVEUSDT_1d.csv,LONG (Mid Support),241.72,41.79428695557728,199094.629,11.617352525255797,33.002606832588214,19.020714285714284,True,39.82,11.88
2025-06-07,AAVEUSDT_1d.csv,SHORT (Mid Resistance),257.44,47.82394157702554,63294.548,10.060249673354662,29.401801182847564,17.281428571428567,True,17.26,31.28
2025-06-08,AAVEUSDT_1d.csv,LONG (Mid Support),253.8,42.06479393069512,62246.441,9.29618870376379,27.97107751632577,16.636428571428567,False,33.17,16.08
2025-06-09,AAVEUSDT_1d.csv,SHORT (Upper),283.31,56.301380796552,166118.033,10.945700038656838,28.09308673152087,17.909999999999993,False,24.82,19.3
2025-06-09,AAVEUSDT_1d.csv,SHORT (Mid Resistance),283.31,56.301380796552,166118.033,10.945700038656838,28.09308673152087,17.909999999999993,False,24.82,19.3
2025-06-10,AAVEUSDT_1d.csv,SHORT (Upper),308.34,62.56922130306966,427174.508,14.110010058431612,29.361890532722505,18.997857142857136,True,30.92,9.61
2025-06-11,AAVEUSDT_1d.csv,SHORT (Upper),303.83,63.46740638002773,216952.423,16.068600415139144,30.755268046779936,19.766428571428573,True,29.9,11.24
2025-06-12,AAVEUSDT_1d.csv,SHORT (Upper),293.92,65.78493387004028,207729.733,16.629449265378526,31.029747591249414,19.572857142857146,True,27.53,14.99
2025-06-13,AAVEUSDT_1d.csv,LONG (Mid Support),291.17,64.2679724646938,529097.909,16.659978145020432,29.728125636588835,20.740714285714287,True,16.08,26.85
2025-06-15,AAVEUSDT_1d.csv,LONG (Mid Support),274.97,59.469398476490696,98219.224,13.894614632730224,27.305381858947968,21.211428571428574,True,22.92,22.54
2025-06-17,AAVEUSDT_1d.csv,LONG (Mid Support),266.56,50.04620086715474,286884.273,10.963747092178266,25.96987763287985,21.765714285714296,True,26.79,20.09
2025-06-18,AAVEUSDT_1d.csv,SHORT (Mid Resistance),259.06,48.26238947151964,145068.062,8.868141599735964,24.68244346727958,21.89285714285715,True,17.78,30.46
2025-06-21,AAVEUSDT_1d.csv,LONG (Lower),234.74,41.406723198061776,141134.971,1.6561004638031136,21.03020477639193,22.58857142857144,True,43.98,9.26
2025-06-22,AAVEUSDT_1d.csv,LONG (Lower),227.9,40.427261975162615,306273.969,-1.1594943433362346,21.063496289604316,24.05714285714287,True,48.3,2.73
2025-06-23,AAVEUSDT_1d.csv,LONG (Lower),257.04,40.26387962345268,350889.69,-1.0276726755013783,19.985662701789327,24.15000000000001,True,31.49,4.68
2025-06-24,AAVEUSDT_1d.csv,SHORT (Mid Resistance),264.12,31.096101231190147,208497.59,-0.3478958967077119,18.69192836364665,22.831428571428575,True,7.24,27.96
2025-06-25,AAVEUSDT_1d.csv,SHORT (Mid Resistance),255.95,30.152545183220013,138698.613,-0.4630805184880273,17.557896166308222,22.23285714285715,True,4.28,33.03
2025-06-27,AAVEUSDT_1d.csv,SHORT (Mid Resistance),259.26,36.98294851921349,140571.753,-0.6923119385054406,15.248186338874438,20.84428571428572,True,5.5,31.33
2025-06-29,AAVEUSDT_1d.csv,SHORT (Mid Resistance),278.61,51.44766146993319,144538.614,1.3392647131304898,14.22888192761306,20.65428571428572,True,12.06,22.21
2025-07-01,AAVEUSDT_1d.csv,LONG (Mid Support),259.93,47.556931240327216,101132.555,1.95565496022283,14.085296206117194,19.842142857142864,True,30.99,5.74
2025-07-02,AAVEUSDT_1d.csv,SHORT (Mid Resistance),276.16,55.920232654756965,179381.171,2.918564343789626,13.90659313857832,20.630714285714287,True,11.28,23.29
2025-07-04,AAVEUSDT_1d.csv,LONG (Mid Support),265.95,56.24246483590086,156226.386,3.546482929134527,12.88033266096638,20.41071428571429,True,45.14,7.88
2025-07-06,AAVEUSDT_1d.csv,SHORT (Upper),287.35,69.64769647696477,114798.087,5.125302745811894,12.016004263646629,19.298571428571424,True,14.74,34.33
2025-07-09,AAVEUSDT_1d.csv,SHORT (Upper),301.68,67.65773418796819,207147.58,8.498511316834652,13.20068828912826,17.685,True,18.79,27.95
2025-07-10,AAVEUSDT_1d.csv,SHORT (Upper),308.76,72.32661167124961,232006.347,10.183606237048709,14.446112857641248,18.19142857142857,True,20.65,25.01
2025-07-11,AAVEUSDT_1d.csv,SHORT (Upper),297.41,64.3087540319556,235570.343,10.482371701751504,15.701900913968617,18.51428571428572,True,17.62,29.78
2025-07-13,AAVEUSDT_1d.csv,SHORT (Upper),305.8,61.11156518185534,132111.145,11.529717113511085,18.209249612464365,18.415000000000003,True,19.88,26.22
2025-07-14,AAVEUSDT_1d.csv,SHORT (Upper),315.14,65.93759799310128,261896.293,12.575417096843296,20.1441580863602,19.157857142857143,True,22.26,22.48
2025-07-15,AAVEUSDT_1d.csv,SHORT (Upper),327.52,76.95191004067311,243488.14,14.238966461598125,21.94085881212062,19.727857142857147,True,25.2,17.85
2025-07-16,AAVEUSDT_1d.csv,SHORT (Upper),323.23,70.74482150727195,228870.542,15.03782745721412,23.74584944640263,18.859285714285715,True,24.2,19.42
2025-07-18,AAVEUSDT_1d.csv,SHORT (Upper),324.44,78.9182240680313,419466.312,15.672955652899477,25.43195506217107,19.49785714285714,True,24.49,18.97
2025-07-22,AAVEUSDT_1d.csv,LONG (Mid Support),310.53,59.73997110790087,261436.183,13.486460099081114,27.924795836089643,20.10357142857143,True,24.3,21.1
2025-07-23,AAVEUSDT_1d.csv,LONG (Mid Support),290.39,44.43568260226712,246334.094,10.63163631376682,25.965388767768275,21.023571428571437,True,32.92,15.63
2025-07-28,AAVEUSDT_1d.csv,SHORT (Mid Resistance),288.96,37.47128637059724,140535.822,3.3940907925116903,19.03321090448139,18.98642857142857,True,15.21,33.58
2025-07-30,AAVEUSDT_1d.csv,LONG (Lower),274.58,26.196301007926408,151419.829,-0.3620801362832253,18.29229977751323,18.84,True,40.57,10.77
2025-07-31,AAVEUSDT_1d.csv,LONG (Lower),260.99,23.43517464764072,134667.184,-3.015379954721766,18.60468841756093,18.88642857142857,True,47.89,6.13
2025-08-01,AAVEUSDT_1d.csv,LONG (Lower),255.36,20.50384286934245,205487.148,-5.508929613558507,19.445371456902173,17.975,True,51.16,4.06
2025-08-02,AAVEUSDT_1d.csv,LONG (Lower),249.45,20.39065817409765,87719.319,-7.871238552948398,20.418398650978663,17.913571428571426,True,54.74,1.14
2025-08-07,AAVEUSDT_1d.csv,SHORT (Mid Resistance),285.08,49.64034111976269,124492.762,-7.733255979372132,19.681365273690965,16.044285714285714,True,12.77,35.4
2025-08-08,AAVEUSDT_1d.csv,LONG (Mid Support),290.93,48.77423248095346,161349.338,-5.707185630276399,18.802980648136813,16.083571428571428,True,32.67,14.52
2025-08-12,AAVEUSDT_1d.csv,SHORT (Upper),322.26,62.49295686470919,198659.914,3.16295296056245,18.793156781393638,18.15714285714285,True,22.83,19.78
2025-08-13,AAVEUSDT_1d.csv,SHORT (Upper),332.15,67.7849860982391,206556.064,6.179951609403361,19.542938208339525,17.98142857142857,True,25.13,16.21
2025-08-14,AAVEUSDT_1d.csv,SHORT (Upper),312.58,65.36971935887505,269906.899,6.912130589442199,19.491852987331782,19.162857142857145,True,20.44,23.49
2025-08-18,AAVEUSDT_1d.csv,LONG (Mid Support),288.58,55.860433604336045,137118.474,4.170824395509442,16.473703322949646,20.707857142857137,True,33.75,13.83
2025-08-19,AAVEUSDT_1d.csv,LONG (Mid Support),277.42,56.2638612453796,116969.271,2.207923833640393,15.578780369964504,20.608571428571427,True,39.14,10.36
2025-08-20,AAVEUSDT_1d.csv,SHORT (Mid Resistance),299.35,59.446348536778295,159605.205,2.3942789622769283,14.605218915729225,21.28571428571428,True,16.93,28.94
2025-08-22,AAVEUSDT_1d.csv,SHORT (Upper),345.61,63.11270983213431,286095.884,6.313823373703087,15.327813696127768,23.00928571428571,False,76.99,11.68
2025-08-22,AAVEUSDT_1d.csv,LONG (Mid Support),345.61,63.11270983213431,286095.884,6.313823373703087,15.327813696127768,23.00928571428571,False,11.68,76.99
2025-08-23,AAVEUSDT_1d.csv,SHORT (Upper),357.78,62.26757592111074,443289.636,10.143676837161877,17.591164992075683,24.779285714285717,False,77.78,0.76
2025-08-24,AAVEUSDT_1d.csv,SHORT (Upper),348.67,60.04920514761546,177381.18,12.301953176485256,19.69284833831303,25.035714285714285,False,77.2,0.57
2025-08-28,AAVEUSDT_1d.csv,LONG (Mid Support),317.56,51.21297739672642,161583.38,10.0584064060713,19.683847052200623,24.25214285714285,True,4.49,74.96
2025-08-29,AAVEUSDT_1d.csv,LONG (Mid Support),319.2,54.939796233405374,233659.936,9.235098409691377,18.94560176734917,23.79785714285714,True,3.96,75.09
2025-08-30,AAVEUSDT_1d.csv,LONG (Mid Support),319.39,56.25624572660811,96835.421,8.499969940622293,18.26008828855854,23.51785714285714,True,3.89,75.11
2025-08-31,AAVEUSDT_1d.csv,LONG (Mid Support),315.69,53.35338022874941,87367.956,7.531992137897248,17.8728458770068,23.03714285714285,True,5.11,74.81
2025-09-01,AAVEUSDT_1d.csv,SHORT (Mid Resistance),304.87,54.46472619634929,123593.016,5.824636399148062,16.621595165873206,23.052857142857132,True,73.92,8.84
2025-09-02,AAVEUSDT_1d.csv,SHORT (Mid Resistance),315.74,60.51938069616779,141958.637,5.287709408399792,15.45971950553487,22.872142857142848,True,74.82,5.1
2025-09-03,AAVEUSDT_1d.csv,LONG (Mid Support),327.87,58.27434141812695,107198.694,5.774416644612415,14.940701518296889,22.394285714285704,True,1.21,75.75
2025-09-04,AAVEUSDT_1d.csv,LONG (Mid Support),306.54,51.66908563134979,155854.11000000002,4.388396198401722,14.21021983900212,23.42357142857142,True,4.99,74.06
2025-09-12,AAVEUSDT_1d.csv,SHORT (Mid Resistance),321.57,51.18063166284746,106230.307,0.0727257714058851,9.482078926238618,13.27285714285713,True,75.27,0.04
2025-09-13,AAVEUSDT_1d.csv,LONG (Mid Support),315.02,47.95277803803992,82754.594,0.5372760744218681,9.842345542076814,13.458571428571418,True,0.15,74.76
2025-09-14,AAVEUSDT_1d.csv,LONG (Mid Support),306.18,45.74953070528292,73208.848,0.1899319975890989,9.544834066637687,13.698571428571418,True,2.23,74.03
2025-09-15,AAVEUSDT_1d.csv,SHORT (Mid Resistance),299.34,47.437204560200186,77785.678,-0.630009167993137,9.002479639225694,13.30714285714285,True,73.44,4.57
2025-09-16,AAVEUSDT_1d.csv,LONG (Lower),298.88,41.35207221994254,116292.108,-1.3019287801387804,8.925225315214457,13.157857142857138,True,4.73,73.4
2025-09-17,AAVEUSDT_1d.csv,SHORT (Mid Resistance),305.99,38.16785637032231,120089.268,-1.2463452423026524,8.306642636136534,13.287142857142852,True,74.02,2.29
2025-09-18,AAVEUSDT_1d.csv,SHORT (Mid Resistance),309.26,51.82795698924729,95459.047,-0.9277388210087452,8.038506906172024,12.18571428571428,True,74.29,0.9
2025-09-19,AAVEUSDT_1d.csv,LONG (Mid Support),298.62,47.72277227722772,102846.705,-1.5163208120632703,7.624185851651735,12.18785714285714,True,1.2,73.37
2025-09-22,AAVEUSDT_1d.csv,LONG (Lower),270.32,33.78109452736318,265238.413,-5.137928786722739,9.714525710910344,14.786428571428567,True,11.79,70.59
2025-09-23,AAVEUSDT_1d.csv,LONG (Lower),274.55,38.25268009217514,111249.573,-6.603766637533795,11.924570515636718,14.949285714285711,True,10.07,71.04
2025-09-24,AAVEUSDT_1d.csv,LONG (Lower),278.2,39.166913434014425,86870.674,-7.385790405120417,13.892743966205874,15.095,True,8.62,71.42
2025-09-25,AAVEUSDT_1d.csv,LONG (Lower),260.2,27.55640465793301,217501.49,-9.350215973399145,16.21960861073515,15.98785714285714,True,16.14,69.44
2025-09-26,AAVEUSDT_1d.csv,LONG (Lower),270.77,26.581228102526268,130078.739,-9.939549783607331,18.38026863779805,16.170714285714286,True,11.6,70.64
2025-10-02,AAVEUSDT_1d.csv,SHORT (Mid Resistance),288.98,40.57971014492755,117808.713,-6.9843092478445215,23.609222992150038,16.19714285714286,True,72.49,4.57
2025-10-03,AAVEUSDT_1d.csv,LONG (Mid Support),290.52,45.88999391110208,133934.406,-5.761767208118044,22.41018914525748,16.404285714285717,True,3.93,72.63
2025-10-04,AAVEUSDT_1d.csv,LONG (Mid Support),283.18,43.43482854672941,56843.409,-5.323801026473461,21.589076344195227,16.823571428571427,True,6.63,71.92
2025-10-05,AAVEUSDT_1d.csv,SHORT (Mid Resistance),285.67,45.97667919437218,93848.058,-4.721362553373297,20.456860309992013,17.446428571428573,True,72.17,5.7
2025-10-06,AAVEUSDT_1d.csv,LONG (Mid Support),297.15,64.65319497542328,100641.006,-3.2797784214187686,19.085690288566163,15.46,True,0.38,73.24
2025-10-07,AAVEUSDT_1d.csv,LONG (Mid Support),276.13,50.72918589625253,131234.345,-3.789764888731725,18.23438140119152,15.845714285714283,True,4.03,71.21
2025-10-08,AAVEUSDT_1d.csv,SHORT (Mid Resistance),285.46,53.18365199087879,59562.618,-3.4018652276380976,17.51223999375462,15.83071428571428,True,72.15,0.44
2025-10-09,AAVEUSDT_1d.csv,LONG (Mid Support),273.7,56.262757468918174,80379.242,-3.997307199970521,17.317832723248188,15.434285714285709,True,2.3,70.95
2025-10-10,AAVEUSDT_1d.csv,LONG (Lower),224.45,34.18680868496516,430454.429,-8.347043136128775,21.45303520333831,28.585,True,17.46,34.45
2025-10-10,AAVEUSDT_1d.csv,SHORT (Mid Resistance),224.45,34.18680868496516,430454.429,-8.347043136128775,21.45303520333831,28.585,True,34.45,17.46
2025-10-11,AAVEUSDT_1d.csv,LONG (Lower),234.38,39.4632991318074,553601.311,-10.867696155784015,25.29286607770771,30.102857142857136,True,12.49,37.23
2025-10-12,AAVEUSDT_1d.csv,LONG (Lower),250.99,42.46421203975744,241316.167,-11.393704120975087,28.2754762494776,31.174999999999997,True,5.04,41.38
2025-10-16,AAVEUSDT_1d.csv,LONG (Lower),223.16,32.572548188943,143715.972,-13.7195462951002,37.321143954742105,33.71285714285714,True,11.58,34.07
2025-10-17,AAVEUSDT_1d.csv,LONG (Lower),206.57,29.412918730688105,361871.542,-16.50571574435824,39.59907116481053,34.35571428571428,True,20.54,28.77
2025-10-26,AAVEUSDT_1d.csv,SHORT (Mid Resistance),240.76,46.036419992251055,78385.192,-13.12761395654158,44.76399475360135,17.852857142857143,True,38.89,3.42
2025-10-27,AAVEUSDT_1d.csv,LONG (Mid Support),235.17,39.57915026905468,68688.204,-11.858603476009025,43.52662194107695,17.639999999999997,True,1.7,37.44
2025-10-28,AAVEUSDT_1d.csv,SHORT (Mid Resistance),228.36,39.24816820643516,94769.681,-11.272471578429275,42.69038213476599,16.867857142857144,True,35.57,3.81
2025-10-29,AAVEUSDT_1d.csv,SHORT (Mid Resistance),227.63,43.53356890459363,110867.033,-10.743023834417473,42.00215379603649,15.965714285714286,True,35.36,4.15
2025-10-30,AAVEUSDT_1d.csv,SHORT (Mid Resistance),215.14,46.23756802401951,141091.637,-11.20214000267697,41.850638052106255,15.968571428571428,True,31.61,10.19
2025-10-31,AAVEUSDT_1d.csv,SHORT (Mid Resistance),228.45,60.59051306873185,147461.361,-10.372420305413868,41.3843839304994,15.689285714285711,True,35.6,3.77
2025-11-01,AAVEUSDT_1d.csv,SHORT (Mid Resistance),222.96,54.02527614688029,63123.789,-10.042099513479371,40.95143367472161,15.436428571428566,True,34.01,6.33
2025-11-02,AAVEUSDT_1d.csv,SHORT (Mid Resistance),231.37,54.40639494720222,114316.248,-8.997978100841465,40.081487875041375,15.71214285714285,True,36.41,0.71
2025-11-03,AAVEUSDT_1d.csv,LONG (Lower),199.65,38.43722841115588,228140.427,-10.60776356842328,40.10449587430322,17.125714285714277,True,16.33,26.31
2025-11-03,AAVEUSDT_1d.csv,LONG (Mid Support),199.65,38.43722841115588,228140.427,-10.60776356842328,40.10449587430322,17.125714285714277,True,16.33,26.31
2025-11-04,AAVEUSDT_1d.csv,LONG (Lower),188.1,38.02266510355607,341245.207,-12.66947282572042,40.64164234917616,17.88357142857142,True,23.47,22.17
2025-11-05,AAVEUSDT_1d.csv,LONG (Lower),202.02,44.81770646801805,248859.582,-13.029963294249852,41.11041591356988,18.48285714285713,True,14.96,27.53
2025-11-07,AAVEUSDT_1d.csv,LONG (Lower),208.1,42.69899103139013,248263.657,-12.925760873009324,41.48079358797092,19.329285714285707,True,11.6,29.65
2025-11-10,AAVEUSDT_1d.csv,SHORT (Mid Resistance),228.41,47.76040286244368,222389.945,-9.399930647416369,39.77191635963301,20.182142857142853,True,35.9,1.68
2025-11-11,AAVEUSDT_1d.csv,LONG (Mid Support),207.74,43.74317271513533,156987.004,-9.177084145900608,38.45201902383647,20.93,True,5.69,29.53
2025-11-12,AAVEUSDT_1d.csv,SHORT (Mid Resistance),205.16,43.25751665366381,157687.854,-9.103719118833853,37.42679296073031,21.162142857142857,True,28.64,5.83
2025-11-13,AAVEUSDT_1d.csv,SHORT (Mid Resistance),198.76,44.89846767160833,171316.444,-9.453034620489971,37.02499383588258,21.349999999999994,True,26.34,4.23
2025-11-14,AAVEUSDT_1d.csv,LONG (Lower),173.93,34.15668952690923,501942.847,-11.599728707308998,37.31994264367358,21.610714285714284,False,19.11,15.83
2025-11-15,AAVEUSDT_1d.csv,LONG (Lower),178.49,37.00695377782972,98326.775,-12.78566021456254,37.5938236794795,21.67428571428572,False,16.06,17.98
2025-11-16,AAVEUSDT_1d.csv,LONG (Lower),172.9,32.63026558136772,153771.308,-14.01502922777189,38.06641427116897,21.38642857142857,False,19.81,15.33
2025-11-21,AAVEUSDT_1d.csv,LONG (Lower),157.83,30.504925153183905,283024.365,-16.777068219712106,41.16968352904844,18.477857142857147,True,31.26,7.24
2025-11-26,AAVEUSDT_1d.csv,SHORT (Mid Resistance),185.83,40.59367396593675,101090.992,-11.954307664427574,38.35818692274713,15.865000000000004,True,21.22,11.48
2025-11-27,AAVEUSDT_1d.csv,LONG (Mid Support),185.95,43.36063024774541,99837.491,-10.427179794669968,36.8208025198964,14.40714285714286,True,11.41,21.27
2025-11-28,AAVEUSDT_1d.csv,LONG (Mid Support),185.32,57.88017157880172,76847.619,-9.162140240932018,35.24461543278267,12.985714285714293,True,11.79,21.0
2025-11-29,AAVEUSDT_1d.csv,LONG (Mid Support),182.07,52.52254791431792,39197.99,-8.325859790101077,33.89403991710285,12.764285714285718,True,13.78,19.59
2025-11-30,AAVEUSDT_1d.csv,LONG (Mid Support),177.46,53.258073735352966,109211.325,-7.943522003380565,32.54928300463041,12.749285714285715,False,16.74,17.5
2025-12-01,AAVEUSDT_1d.csv,SHORT (Mid Resistance),171.4,51.53484513274337,176219.557,-8.03686394252108,32.262165566408235,12.611428571428576,True,14.59,20.86
2025-12-02,AAVEUSDT_1d.csv,SHORT (Mid Resistance),189.86,57.062354526522114,149502.8,-6.545814305750611,30.75847964769081,13.265000000000002,True,22.89,9.11
2025-12-03,AAVEUSDT_1d.csv,SHORT (Upper),197.87,63.6098811465859,135802.139,-4.664042489981711,28.573006681915224,12.965000000000003,True,26.01,4.7
2025-12-04,AAVEUSDT_1d.csv,SHORT (Upper),190.54,65.55782394619912,71015.053,-3.7212977056615273,26.702347888316805,12.389285714285716,True,23.17,8.72
2025-12-09,AAVEUSDT_1d.csv,SHORT (Upper),202.44,64.4103194103194,146288.543,-0.3787881739702072,20.473198378127265,12.72642857142857,True,27.68,2.33
2025-12-10,AAVEUSDT_1d.csv,SHORT (Upper),196.98,56.967879015123096,141954.143,0.3199442736780895,19.75227025070335,12.500714285714286,True,25.68,5.0
2025-12-12,AAVEUSDT_1d.csv,SHORT (Upper),191.34,53.14065108514191,145380.142,1.1669292986136668,17.344843668372498,13.969285714285714,True,23.49,5.92
2025-12-14,AAVEUSDT_1d.csv,LONG (Mid Support),188.59,55.39505574406205,60358.673,1.1082886337819955,15.503390914474192,14.226428571428572,True,4.32,22.37
2025-12-15,AAVEUSDT_1d.csv,SHORT (Mid Resistance),192.95,60.62099556431739,143040.296,1.1015578421260557,15.425185311875214,14.40785714285714,True,24.13,0.19
2025-12-16,AAVEUSDT_1d.csv,LONG (Mid Support),186.24,47.98216276477146,91052.035,0.5484604088671006,15.352565823747591,13.432142857142855,True,3.78,21.39
2025-12-17,AAVEUSDT_1d.csv,SHORT (Mid Resistance),179.99,39.83397771207641,106121.692,-0.3897037956390932,15.840270223051338,13.808571428571426,True,18.66,4.22
2025-12-18,AAVEUSDT_1d.csv,LONG (Lower),173.55,40.24124066628375,122323.972,-1.634023855629522,16.84698687663969,14.070714285714285,True,8.08,15.64
2025-12-21,AAVEUSDT_1d.csv,LONG (Lower),165.15,38.85013949780789,172741.405,-3.739495890393471,20.07335567337403,14.696428571428571,True,0.87,11.35
2025-12-22,AAVEUSDT_1d.csv,LONG (Lower),150.6,31.55427335016228,385088.402,-5.979531541504713,22.298659190668342,15.000714285714286,True,4.7,2.79
2025-12-23,AAVEUSDT_1d.csv,LONG (Lower),150.84,24.26177174780527,175706.356,-7.647257119537699,24.385179159391985,14.200714285714286,True,4.53,2.94
2025-12-24,AAVEUSDT_1d.csv,LONG (Lower),148.76,25.10840388189139,93240.249,-9.03265742005314,26.380928885452462,13.807857142857143,True,6.0,0.45
