timestamp,open,high,low,close,volume,rsi,ema_9,ema_21,ema_50,ema_200
1734671520000,312.66,340.79,271.42,329.2,2295852.8,50.77755977036553,329.2,329.2,329.2,329.2
1734739200000,329.21,343.89,294.47,299.0,1419772.5,50.77755977036553,323.16,326.45454545454544,328.01568627450985,328.8995024875622
1734825600000,299.0,323.65,290.85,318.88,1331072.7,50.77755977036553,322.30400000000003,325.76595041322315,327.65742406766634,328.7998059453974
1734912000000,318.88,388.94,308.7,383.43,2551276.0,50.77755977036553,334.52920000000006,331.0081367392938,329.84458390815007,329.3433899658412
1734998400000,383.43,390.06,365.05,374.94,1429150.5,50.77755977036553,342.61136000000005,335.001942490267,331.6130315980265,329.7970875781214
1735084800000,374.96,385.98,364.38,369.87,927768.2,50.77755977036553,348.06308800000005,338.17176590024275,333.1133048686921,330.1958230251053
1735171200000,369.87,371.76,330.31,337.56,961082.9,50.77755977036553,345.96247040000003,338.1161508184025,333.2876850699199,330.26909841789035
1735257600000,337.58,352.0,320.27,323.84,1138376.0,50.77755977036553,341.53797632,336.81831892582045,332.91718761619757,330.20512728935415
1735344000000,323.84,362.19,319.05,354.38,841469.1,50.77755977036553,344.10638105600003,338.4148353871095,333.7588665332094,330.445673286475
1735430400000,354.39,355.74,326.32,332.53,679624.7,50.77755977036553,341.7911048448001,337.87985035191775,333.71067568876987,330.4664128557638
1735516800000,332.53,344.89,318.94,321.89,979769.6,50.77755977036553,337.8108838758401,336.4262275926525,333.2471197794064,330.3810754144129
1735603200000,321.89,328.2,305.74,308.7,942281.9,50.77755977036553,331.9887071006721,333.9056614478659,332.2844876311944,330.1653433207372
1735689600000,308.73,322.95,306.51,319.72,668566.7,50.77755977036553,329.5349656805377,332.6160558616963,331.79176262604955,330.06140955635175
1735776000000,319.7,339.9,318.65,333.48,837202.4,50.77755977036553,330.3239725444302,332.69459623790567,331.8579680132633,330.0954253816617
1735862400000,333.49,356.32,317.04,350.83,886647.0,53.696551252691656,334.42517803554415,334.343269307187,332.60196926764513,330.3017395569686
1735948800000,350.83,361.35,339.0,351.57,788876.7,59.99011820151267,337.85414242843535,335.9093357338063,333.34581361009043,330.5133640389888
1736035200000,351.59,352.7,339.2,341.7,459221.2,54.50809956538918,338.62331394274827,336.4357597580057,333.67342876263587,330.6246738495461
1736121600000,341.72,355.29,335.63,341.37,736720.5,38.86594663278272,339.1726511541986,336.8843270527325,333.97525508566974,330.7315925177099
1736208000000,341.38,343.26,305.09,306.76,873811.7,34.144186046511635,332.6901209233589,334.1457518661204,332.9079901803493,330.49306920907594
1736294400000,306.76,312.4,275.6,293.1,1078691.7,32.832416476586616,324.77209673868714,330.4143198782912,331.34689252621797,330.12099886868714
1736380800000,293.1,299.72,273.07,281.01,900901.0,36.096769435019915,316.0196773909497,325.92301807117383,329.37289674087606,329.6323322132773
1736467200000,281.01,300.77,277.01,285.58,957672.6,40.150344969622076,309.9317419127598,322.25547097379433,327.65552824123387,329.1940005494637
1736553600000,285.61,293.7,279.93,287.12,379085.5,29.645321389662286,305.36939353020784,319.06133724890395,326.0658996827541,328.7753537778272
1736640000000,287.12,295.95,284.57,287.75,403098.3,34.451388888888886,301.8455148241663,316.21485204445815,324.56331538146964,328.3671413024259
1736726400000,287.76,296.81,256.24,289.42,1622167.0,37.97674590831669,299.36041185933306,313.77895640405285,323.1851461508238,327.9796075581232
1736812800000,289.42,301.4,285.33,295.33,838500.8,44.76712328767123,298.5543294874665,312.10177854913894,322.0927874782425,327.6547358411269
1736899200000,295.33,323.8,285.65,319.73,1049892.2,50.00354283284914,302.7894635899732,312.79525322648993,322.0001291457624,327.5758827481804
1736985600000,319.73,321.33,304.93,311.0,820235.3,41.74136664217486,304.4315708719786,312.6320483877181,321.56875153220307,327.41094859148205
1737072000000,310.99,336.45,310.7,334.95,805899.0,44.43587946741415,310.5352566975829,314.6609530797437,322.09350637407744,327.48596402838274
1737158400000,334.94,341.91,306.04,315.39,985225.7,38.8001485884101,311.5062053580663,314.7272300724943,321.83062377117244,327.3656061773541
1737244800000,315.4,348.19,292.47,309.27,1984077.0,39.722380680737785,311.0589642864531,314.2311182477221,321.33805028995,327.18555039449484
1737331200000,309.28,365.46,296.33,337.37,3512110.8,48.92206532284143,316.32117142916246,316.33465295247464,321.96675420014805,327.2868882015148
1737417600000,337.38,378.63,326.82,370.74,2364292.8,67.35756918068367,327.20493714332997,321.28059359315876,323.8794305060246,327.7192574731415
1737504000000,370.73,372.41,345.35,346.53,972103.2,63.710546574287896,331.06994971466395,323.57599417559885,324.76768813323935,327.90642904057296
1737590400000,346.57,350.35,324.26,337.21,1212387.7,64.62932111620158,332.2979597717312,324.81544925054436,325.2556219319359,327.9990018859404
1737676800000,337.24,357.49,327.8,334.8,914767.4,62.95808761583825,332.79836781738493,325.72313568231306,325.6299112679384,328.0666735089659
1737763200000,334.8,338.31,325.74,326.25,525953.4,59.93500228507592,331.48869425390797,325.7710324384664,325.6542284731173,328.0485971556429
1737849600000,326.25,336.16,315.63,316.35,531439.4,56.93501454898158,328.4609554031264,324.91457494406035,325.28935676828917,327.93219320384543
1737936000000,316.31,320.26,287.48,304.88,1267482.0,53.578703703703695,323.7447643225011,323.09324994914573,324.4889898361994,327.7028181470908
1738022400000,304.9,307.62,280.0,283.95,852841.7,47.537009782702796,315.7858114580009,319.53477268104155,322.89922552889743,327.26746672274163
1738108800000,283.96,301.81,282.32,290.79,937161.6,43.22121240513446,310.78664916640076,316.92161152821956,321.6400402140387,326.90450685485365
1738195200000,290.79,322.26,286.67,315.36,772106.4,50.950719581334496,311.70131933312064,316.77964684383596,321.3937641272137,326.78963613988003
1738281600000,315.36,349.15,312.29,332.6,1608944.3,49.47212363538345,315.8810554664965,318.2178607671236,321.83322435751904,326.84745070565236
1738368000000,332.6,333.47,294.92,295.95,787309.7,45.94459279038718,311.8948443731972,316.1935097882942,320.81819595134186,326.54001338519816
1738454400000,295.96,304.54,245.16,258.22,1352832.0,40.59124921670538,301.15987549855777,310.9231907166311,318.36336473756376,325.86021225698727
1738540800000,258.26,285.0,191.99,276.29,3067124.0,38.31049529204625,296.18590039884623,307.774718833301,316.7134288655024,325.3669763141317
1738627200000,276.3,278.19,248.9,271.99,1583378.4,28.73508764374006,291.346720319077,304.5215625757282,314.9595689099925,324.8358621219513
1738713600000,272.0,283.13,255.85,259.57,959376.8,30.2722323049002,284.9913762552616,300.4350568870256,312.7874289527379,324.1864505585488
1738800000000,259.57,266.69,239.0,241.32,825840.2,29.09344612567044,276.2571010042093,295.0609608063869,309.98478468008153,323.3619087619463
1738886400000,241.32,262.01,230.89,237.93,1014828.4,28.969649602709396,268.59168080336747,289.86723709671537,307.1591068494901,322.51184001804637
1738972800000,237.93,241.77,230.91,238.66,599969.5,30.315969257045268,262.605344642694,285.2120337242867,304.4728673651964,321.67749335120016
1739059200000,238.65,252.6,229.64,241.13,786087.3,32.51185715614247,258.3102757141552,281.2045761129879,301.988833350875,320.87602575566586
1739145600000,241.13,258.07,234.28,252.48,823838.3,37.81055178189263,257.1442205713241,278.5932510118072,300.0473104743701,320.1954682854602
1739232000000,252.49,262.53,241.77,243.56,703109.1,40.04829251466023,254.42737645705932,275.4084100107338,297.83212182831636,319.43292631247056
1739318400000,243.57,260.97,231.57,252.69,806202.5,40.717279017639605,254.07990116564747,273.343100009758,296.0618425409314,318.7688175929435
1739404800000,252.7,258.07,246.31,256.24,724888.1,33.95222584147665,254.51192093251797,271.78827273614365,294.50020165697333,318.1466403034615
1739491200000,256.24,269.96,252.9,262.47,570724.4,29.753449968242975,256.1035367460144,270.94115703285786,293.2441153174842,317.59264388253155
1739577600000,262.47,263.54,249.48,253.23,303424.2,35.34778433255592,255.52882939681155,269.3310518480526,291.6749343246417,316.9522195652924
1739664000000,253.23,258.92,249.8,253.72,414020.0,47.92703150912104,255.16706351744924,267.9118653164115,290.1865055275969,316.3230432512099
1739750400000,253.75,278.52,249.36,264.45,1151989.5,44.15019762845848,257.0236508139594,267.5971502876468,289.1772308010245,315.8068935671183
1739836800000,264.45,266.02,241.53,249.42,887074.6,39.9178057714643,255.50292065116753,265.9446820796789,287.61812371078827,315.1463274619729
1739923200000,249.44,258.27,246.57,252.88,622921.6,46.75148101388754,254.97833652093402,264.756983708799,286.2558443495809,314.5267620145901
1740009600000,252.89,263.35,250.9,261.14,590844.4,60.6582060658206,256.21066921674725,264.4281670079991,285.27090927704836,313.9955504522558
1740096000000,261.14,268.99,238.3,242.6,918177.9,52.159437713862935,253.4885353733978,262.44378818909007,283.5975402857916,313.28514696516874
1740182400000,242.59,251.49,238.8,246.98,493308.0,53.72159599212739,252.18682829871824,261.03798926280916,282.1615583137998,312.62539425904765
1740268800000,246.97,254.16,242.83,247.49,376516.1,52.89564742305591,251.24746263897458,259.80635387528105,280.80188936031743,311.9772808833357
1740355200000,247.5,249.2,205.0,210.63,1014514.9,34.537796497450685,243.1239701111797,255.3357762502555,278.0500505618736,310.96885022778014
1740441600000,210.62,213.46,189.37,205.04,1735893.4,35.40909090909092,235.50717608894377,250.76343295477773,275.1869113241531,309.9148318175535
1740528000000,205.04,211.5,192.01,202.48,1280578.4,29.984852108745926,228.90174087115503,246.37402995888883,272.3356598996765,308.8458285158863
1740614400000,202.49,210.0,196.54,203.86,750689.7,28.75223105630377,223.89339269692402,242.5091181444444,269.65033990361076,307.8011934062755
1740700800000,203.86,204.42,178.1,192.13,1423059.4,22.685616651133913,217.54071415753924,237.92919831313125,266.6103265740574,306.65023625795436
1740787200000,192.14,196.96,183.33,194.94,724427.3,26.175100138968375,213.02057132603142,234.02108937557387,263.7997255319375,305.53869161857176
1740873600000,194.94,226.93,190.0,223.38,1295436.7,39.90550971519829,215.09245706082515,233.05371761415805,262.21463825617525,304.72119219948155
1740960000000,223.39,224.34,177.64,180.85,1377250.2,27.043057996485075,208.24396564866015,228.30792510378004,259.0238681284821,303.4886430233673
1741046400000,180.86,216.79,167.39,206.53,3188737.0,38.873034815545076,207.90117251892815,226.32811373070913,256.96528506462005,302.52388040621935
1741132800000,206.53,226.24,204.19,220.74,2084232.9,42.102417928051906,210.46893801514253,225.82010339155374,255.54468565032124,301.7101104519286
1741219200000,220.75,239.55,208.06,208.4,1939166.4,37.29523993062248,210.05515041211405,224.2364576286852,253.69587444834787,300.7816516414616
1741305600000,208.4,212.02,195.17,196.54,1632177.3,38.535444046196744,207.35212032969125,221.71859784425928,251.4544676072362,299.74442127686996
1741392000000,196.54,199.21,185.01,195.64,1106842.9,36.99594731509626,205.00969626375303,219.34781622205386,249.26566495597206,298.7085563885429
1741478400000,195.64,198.11,176.18,178.49,1402346.8,33.88151747336947,199.70575701100245,215.63346929277623,246.49014868318883,297.51235184736333
1741564800000,178.5,201.91,175.16,180.27,2164259.9,41.51765757711221,195.81860560880196,212.4186084479784,243.8932801073775,296.34576128171796
1741651200000,180.28,185.93,166.4,181.98,2174255.5,43.4144391135481,193.05088448704157,209.65146222543487,241.46530833846074,295.20779350777053
1741737600000,181.97,184.24,163.7,174.72,1870830.9,42.27945266436756,189.38470758963325,206.47587475039532,238.84784526636423,294.0089099902803
1741824000000,174.72,176.4,160.01,162.74,1617334.2,39.200546275869314,184.0557660717066,202.49988613672303,235.86322388336956,292.70275168191927
1741910400000,162.73,177.24,161.92,173.06,1166089.8,44.95422553844526,181.8566128573653,199.82353285156637,233.40035235853153,291.51227654080566
1741996800000,173.06,177.28,171.67,172.87,669638.2,44.078347196136306,180.05929028589225,197.37321168324215,231.02661305035383,290.33175637622054
1742083200000,172.87,173.97,163.15,164.59,881083.0,32.31241350261749,176.9654322287138,194.39291971203832,228.42125567583017,289.0805946212333
1742169600000,164.59,177.14,164.4,174.63,840573.8,47.673896783844434,176.49834578297106,192.59629064730757,226.31179466893488,287.9417827344548
1742256000000,174.63,175.24,164.57,170.0,785467.1,33.786063027075016,175.19867662637685,190.54208240664326,224.10348899564332,286.7682326574951
1742342400000,170.0,184.58,169.55,182.42,1216839.9,32.716940285044174,176.6429413011015,189.8037112787666,222.4688423683632,285.7299417852812
1742428800000,182.43,183.05,171.42,178.71,951491.7,35.47882226352341,177.05635304088122,188.795192071606,220.75280933430975,284.6650667426416
1742515200000,178.71,183.12,173.89,178.19,706518.8,39.90538012982726,177.283082432705,187.83108370146,219.0836795564937,283.60561334221734
1742601600000,178.2,183.64,178.14,179.66,504431.5,41.26394052044609,177.758465946164,187.08825791041818,217.53765290721944,282.57132863234455
1742688000000,179.66,186.46,179.3,185.01,629924.4,54.09239266884257,179.2087727569312,186.89932537310742,216.26205867556376,281.6005691434655
1742774400000,185.0,194.94,181.12,190.66,812639.0,56.21932239913803,181.49901820554498,187.2412048846431,215.25805637456125,280.6956878584559
1742860800000,190.66,192.54,185.17,186.56,644621.8,52.66527001862198,182.51121456443602,187.17927716785738,214.13264239908827,279.75901434742656
1742947200000,186.58,190.25,175.08,177.33,973658.4,51.484810558652875,181.47497165154883,186.2838883344158,212.68940152069268,278.7398201748154
1743033600000,177.33,186.07,176.94,184.65,740547.9,63.16232127838521,182.10997732123909,186.13535303128708,211.5898171473322,277.8036030586481
1743120000000,184.66,186.9,168.27,175.76,977915.6,51.650366748166256,180.8399818569913,185.19213911935188,210.1847262788094,276.78824382423375
1743206400000,175.75,180.61,165.66,168.02,1081408.9,47.28595411303861,178.27598548559305,183.63103556304716,208.53120760120905,275.70597274140556
1743292800000,168.02,169.5,161.2,163.53,842545.5,49.380551659654046,175.32678838847443,181.80366869367924,206.76645436194596,274.58979390815773
1743379200000,163.55,164.54,151.65,159.57,1257460.4,40.52591847005535,172.17543071077955,179.78242608516294,204.91561301441865,273.4453183468825
1743465600000,159.56,171.43,159.06,165.95,951562.9,47.50707866551765,170.93034456862364,178.52493280469358,203.38754975895125,272.3757131892021
1743552000000,165.96,168.92,149.42,150.16,1567656.7,30.933806146572095,166.77627565489894,175.94630254972142,201.30019486644335,271.15963644105085
1743638400000,150.13,157.2,146.22,151.06,996328.8,33.09695561804621,163.63302052391919,173.68391140883764,199.32999114619068,269.9646151829309
1743724800000,151.06,153.99,144.27,151.92,1223488.0,34.007061974917804,161.29041641913534,171.70537400803423,197.4707758071244,268.7900418975286
1743811200000,151.93,155.45,149.41,152.45,599108.2,33.24301022293385,159.5223331353083,169.95488546184927,195.70525518723716,267.6324295403393
1743897600000,152.45,152.55,126.26,128.96,1491834.9,21.785965972012477,153.40986650824664,166.22807769259023,193.08779419950238,266.2526043707837
1743984000000,128.95,136.18,114.02,131.97,2888033.1,19.650429206743198,149.12189320659732,163.11370699326383,190.69101795638466,264.91645905366147
1744070400000,131.96,136.09,123.45,125.26,1679045.2,19.133937562940574,144.34951456527787,159.67246090296712,188.12509568358524,263.52684254566486
1744156800000,125.27,145.06,119.77,143.06,1795164.2,34.11513859275051,144.0916116522223,158.16223718451556,186.35783702932702,262.32816749545924
1744243200000,143.09,143.31,128.12,131.84,1222500.2,26.375592735080957,141.64128932177783,155.7693065313778,184.21988263602006,261.0297777691363
1744329600000,131.84,139.36,131.25,136.37,1022514.4,31.66371846196816,140.58703145742226,154.00573321034346,182.3434166502938,259.7893819704384
1744416000000,136.38,150.14,133.67,148.0,857886.8,41.00628930817609,142.06962516593782,153.45975746394862,180.9966159973411,258.67704981152855
1744502400000,148.01,148.28,136.41,139.04,924329.8,39.422993867150375,141.46370013275026,152.14887042177145,179.3512585072493,257.4866314054437
1744588800000,139.05,147.19,136.73,137.56,984867.3,40.28599170270986,140.6829601062002,150.82260947433767,177.7123856246121,256.29333159046416
1744675200000,137.56,142.13,133.45,134.11,900374.1,35.574483508517574,139.36836808496017,149.30328134030697,176.00248814913712,255.07757704727547
1744761600000,134.11,137.4,129.64,133.91,1011338.4,41.426611796982165,138.27669446796816,147.90389212755179,174.35180233936705,253.87192951446676
1744848000000,133.91,141.51,133.74,138.85,675087.9,43.82147555915392,138.39135557437453,147.08081102504707,172.95957479664676,252.72743270337756
1744934400000,138.86,141.09,137.07,138.3,525354.6,43.08629441624366,138.37308445949964,146.2825554773155,171.60037578501357,251.58885128344346
1745020800000,138.3,142.9,137.83,141.9,507522.4,44.80653736339471,139.07846756759972,145.88414134301408,170.43565516599344,250.4974199273893
1745107200000,141.9,143.48,136.69,140.87,566245.4,57.52749336367084,139.4367740540798,145.42831031183098,169.2762177085035,249.4065998286093
1745193600000,140.87,145.98,138.96,142.79,824689.1,56.9341194565496,140.10741924326385,145.18846391984633,168.23754250424847,248.34573813877242
1745280000000,142.8,159.16,139.63,158.1,1195744.8,68.95636111752482,143.7059353946111,146.36223992713303,167.83999181780734,247.44777059510304
1745366400000,158.11,168.77,157.68,168.0,1309097.1,65.84095528455285,148.5647483156889,148.3293090246664,167.8462666484816,246.65724551455477
1745452800000,168.0,170.67,158.27,167.83,1169726.0,76.59228609428109,152.4177986525511,150.10209911333308,167.845628740698,245.87289481291742
1745539200000,167.83,170.56,162.79,166.39,1217224.3,73.24248993496437,155.21223892204088,151.58281737575734,167.78854526067065,245.08202023766452
1745625600000,166.4,173.25,164.32,172.87,906330.2,70.92377587077235,158.7437911376327,153.51801579614303,167.98781799554632,244.36349267311064
1745712000000,172.88,179.28,165.3,166.49,1055115.9,74.14248021108182,160.29303291010618,154.69728708740274,167.92908003493667,243.58863204949762
1745798400000,166.49,174.81,161.5,166.16,1343104.5,75.67324955116695,161.46642632808494,155.73935189763884,167.8597043472921,242.8181978997514
1745884800000,166.17,171.19,163.21,165.48,795605.7,79.63347817872658,162.26914106246795,156.62486536148984,167.76638260818262,242.0486635922912
1745971200000,165.48,166.91,155.34,164.1,748751.4,77.89687673258177,162.63531284997435,157.30442305589983,167.62260289805783,241.2730549993331
1746057600000,164.1,179.23,164.07,172.88,906009.3,79.36151855047454,164.6842502799795,158.72038459627257,167.82877533342813,240.59252708889198
1746144000000,172.89,179.1,171.79,174.53,629834.5,80.6773920406435,166.6534002239836,160.15762236024779,168.09156845760742,239.93518851089306
1746230400000,174.53,181.05,169.38,177.97,751631.6,80.62489386992695,168.91672017918688,161.7769294184071,168.4789579298581,239.3186194709837
1746316800000,177.98,178.92,170.75,170.99,890592.4,73.22640345465761,169.33137614334953,162.61448128946097,168.5774301679029,238.63873271007841
1746403200000,171.0,181.01,169.53,176.79,1092779.6,74.73806752037251,170.82310091467963,163.90316480860088,168.89949172994594,238.02332243435626
1746489600000,176.78,178.93,163.08,177.79,1288986.9,68.0941003492005,172.2164807317437,165.16560437145534,169.2481391130853,237.42398589272088
1746576000000,177.81,179.96,167.33,171.94,984284.6,53.91183478951549,172.16118458539498,165.78145851950484,169.3537022851212,236.7724039435396
1746662400000,171.95,208.6,171.9,206.18,1872963.3,72.71112163922774,178.96494766831597,169.45405319954986,170.7978708229596,236.46800191425064
1746748800000,206.18,220.56,202.46,211.18,1430210.5,75.45175588135017,185.4079581346528,173.24732109049987,172.38148373186314,236.21638000465612
1746835200000,211.18,230.21,208.75,228.45,1213593.7,78.13322534926098,194.01636650772224,178.26574644590897,174.58024907571166,236.13910259167446
1746921600000,228.44,230.41,213.76,221.05,953275.6,77.33466933867737,199.4230932061778,182.15522404173544,176.40259224921317,235.9889622673792
1747008000000,221.05,229.56,211.91,221.81,1293194.5,77.76114935648012,203.90047456494224,185.76020367430493,178.18327490610676,235.84787806571376
1747094400000,221.81,238.27,210.28,236.27,1044180.7,81.0455223226033,210.3743796519538,190.3520033402772,180.4611856941026,235.85207828396537
1747180800000,236.27,239.14,223.78,229.42,788440.4,77.33511884834283,214.18350372156306,193.903639400252,182.38113919629467,235.78807750502045
1747267200000,229.43,235.27,216.58,223.74,1340616.9,71.85083347654238,216.09480297725048,196.6160358184109,184.0030553062439,235.6681961368113
1747353600000,223.76,245.08,221.35,230.83,1277071.3,73.10786406173044,219.0418423818004,199.72639619855536,185.83940607854808,235.62005488171866
1747440000000,230.81,231.95,219.62,222.05,860841.5,67.33249449512427,219.64347390544032,201.75581472595943,187.25942936958543,235.48502946001003
1747526400000,222.06,244.0,218.32,231.97,1284522.8,73.43581860107611,222.10877912435228,204.5025588417813,189.0127850805821,235.4500540424975
1747612800000,231.97,249.85,211.8,247.68,1590030.0,75.31604885365333,227.22302329948184,208.42778076525573,191.31346017546124,235.57174504704977
1747699200000,247.69,270.49,246.31,259.3,3114753.6,77.05636327424817,233.6384186395855,213.0525279684143,193.97959899210983,235.80784708638262
1747785600000,259.31,261.96,243.08,247.42,1798551.4,74.09038682497128,236.39473491166842,216.17684360764937,196.07530099241924,235.9233908964684
1747872000000,247.44,259.9,246.38,256.77,1217062.7,69.19632693329285,240.46978792933476,219.86713055240853,198.45548526722632,236.13081984277218
1747958400000,256.77,264.09,239.1,256.03,1908942.3,67.58685593286799,243.5818303434678,223.15466413855322,200.7133093743939,236.32882163538142
1748044800000,256.05,276.86,250.34,261.68,1849474.5,64.33687117093797,247.20146427477425,226.6569673986847,203.10415998716277,236.58107216637265
1748131200000,261.68,270.6,256.23,269.14,1547608.7,70.73738680465716,251.58917141981942,230.51906127153154,205.69380077197994,236.90504159755304
1748217600000,269.15,276.16,259.08,267.36,1321798.4,69.47080447978115,254.74333713585557,233.86823751957414,208.1120830946474,237.2080760095177
1748304000000,267.39,282.84,262.84,271.47,1284577.8,66.50722190958545,258.0886697086845,237.2865795632492,210.5967072870142,237.54899067608966
1748390400000,271.46,274.54,260.18,264.88,993960.3,66.66980067694621,259.4469357669476,239.79507233022656,212.72546386399404,237.82094101762112
1748476800000,264.88,274.27,248.82,249.97,1309084.0,61.34613720910112,257.5515486135581,240.7200657547514,214.1860339085433,237.94182717664975
1748563200000,249.96,256.24,239.8,250.79,1330790.5,59.12916209293815,256.1992388908465,241.63551432250128,215.62148355918868,238.06966969230498
1748649600000,250.79,254.33,242.0,246.94,1172996.1,61.921640003831776,254.34739111267723,242.11774029318298,216.8496606745146,238.15793168541637
1748736000000,246.93,254.44,237.43,245.97,1101726.0,57.33445096395641,252.6719128901418,242.46794572107544,217.99163476571013,238.23566370844708
1748822400000,245.99,258.02,239.04,257.66,1052405.5,55.45832421789543,253.66953031211347,243.84904156461403,219.5472569317607,238.4289406864725
1748908800000,257.64,272.95,254.1,266.33,1108736.7,53.97309822538712,256.2016242496908,245.89276505874003,221.38187430698576,238.7065631672041
1748995200000,266.3,275.82,262.68,263.97,1155985.3,60.481317289423714,257.75529939975263,247.5361500534,223.0519968831824,238.95794064812748
1749081600000,263.98,266.82,240.0,241.55,1462811.9,41.73005868289504,254.51423951980212,246.99195459400002,223.77740877011644,238.9837322834695
1749168000000,241.55,254.96,239.64,250.79,1011432.3,47.39355352168724,253.7693916158417,247.33723144909092,224.83672607324914,239.1012075841315
1749254400000,250.79,260.44,249.2,257.36,621168.7,47.87066246056783,254.48751329267338,248.2483922264463,226.11214858018056,239.28288711065755
1749340800000,257.36,257.46,252.04,253.68,541034.1,42.084783944296554,254.3260106341387,248.74217475131482,227.1932407927225,239.42614196527788
1749427200000,253.68,285.61,250.18,283.24,1178423.8,56.329719387755105,260.108808507311,251.87834068301348,229.39115291849808,239.86210075169305
1749513600000,283.25,317.84,282.69,308.17,2719343.2,62.54615069055107,269.7210468058488,256.995764257285,232.48051947071386,240.54178134122847
1749600000000,308.16,325.43,300.19,303.65,1593809.3,63.44406685623136,276.50683744467904,261.2370584157136,235.2714794914702,241.1697238154451
1749686400000,303.66,309.08,288.14,293.8,1589219.7,65.75145547329836,279.96546995574323,264.1973258324669,237.5667155898439,241.69340815558996
1749772800000,293.81,294.1,262.51,290.99,2861044.2,64.24319727891157,282.1703759645946,266.6330234840608,239.6617463510265,242.18392150727564
1749859200000,290.98,291.05,268.0,275.04,1285877.0,59.16982117217074,280.74430077167574,267.3972940764189,241.04912884706468,242.51084766143214
1749945600000,275.05,278.82,266.29,274.82,868266.0,59.4608775496819,279.5594406173406,268.0720855240172,242.3734767354151,242.83233176430346
1750032000000,274.82,293.72,271.65,275.05,1646172.9,56.1662293454365,278.6575524938725,268.7064413854702,243.65490902030078,243.152905577594
1750118400000,275.04,283.62,261.99,266.46,1648887.6,50.046122188320446,276.218041995098,268.50221944133654,244.5492263136223,243.38481696488162
1750204800000,266.47,269.93,255.0,258.9,1289568.1,48.26524327653458,272.75443359607846,267.62929040121503,245.1120017523038,243.53919689557935
1750291200000,258.9,266.31,248.67,255.46,1293792.7,55.46991742036965,269.2955468768628,266.52299127383185,245.51780560515465,243.65781185184224
1750377600000,255.5,264.34,241.88,247.22,1514293.6,48.58501783590963,264.88043750149023,264.7681738853017,245.58455832652115,243.69325651003288
1750464000000,247.22,249.93,226.77,234.55,1122760.8,41.376181474480155,258.8143500011922,262.02106716845606,245.1518305490105,243.60227883331615
1750550400000,234.58,238.82,212.82,227.78,1960840.4,40.43150583715089,252.6074800009538,258.9082428804146,244.47058229218658,243.4448432230344
1750636800000,227.78,258.18,221.61,256.89,1941329.4,40.23278226703239,253.46398400076305,258.7247662549224,244.95761828072827,243.57862587753158
1750723200000,256.86,269.5,252.87,263.95,1458965.9,31.105793881387797,255.56118720061045,259.19978750447484,245.70241756383697,243.78132611755618
1750809600000,263.95,270.87,254.19,255.81,1050824.8,30.17241379310346,255.61094976048838,258.89162500406803,246.0987933456473,243.90101441489395
1750896000000,255.81,265.4,248.93,250.19,1194356.7,31.268791340950088,254.52675980839072,258.10056818551635,246.2592328222886,243.96359138589006
1750982400000,250.19,266.56,248.53,259.12,1238882.7,36.99502162735657,255.4454078467126,258.19324380501484,246.76357663317924,244.11440142185137
1751068800000,259.12,261.8,252.98,259.76,579815.7,42.87446371945531,256.3083262773701,258.3356761863771,247.2732402946232,244.2700790196439
1751155200000,259.77,280.69,256.26,278.42,1114771.0,51.43243673404426,260.7306610218961,260.16152380579734,248.4946818516968,244.60987922840366
1751241600000,278.4,284.82,268.35,274.3,1159254.2,49.71053647240448,263.44452881751687,261.44683982345214,249.5066551124146,244.90530331568323
1751328000000,274.32,277.31,259.36,259.76,864220.1,47.527675276752774,262.70762305401354,261.29349074859283,249.9087470687905,245.05311124289037
1751414400000,259.76,283.41,257.02,276.05,1297562.0,55.94536504194691,265.3760984432108,262.63499158962986,250.9338942425634,245.36153799669248
1751500800000,276.04,285.54,272.72,279.27,1216777.4,58.26678702867855,268.15487875456864,264.1472650814817,252.04511407618838,245.6989356285662
1751587200000,279.25,282.85,258.38,265.84,1072079.2,56.239946380697035,267.69190300365494,264.30115007407426,252.58608999476925,245.89934422927698
1751673600000,265.84,276.58,264.86,273.37,706140.2,63.473552686380664,268.82752240292393,265.12559097643117,253.40114528909203,246.17268408769215
1751760000000,273.38,291.71,269.69,287.18,770311.4,69.65585704831237,272.49801792233916,267.13053725130106,254.72580625814723,246.58071708184448
1751846400000,287.18,290.67,277.41,283.06,1048530.8,60.37586234239949,274.61041433787136,268.5786702284555,255.83695111076892,246.94369502132864
1751932800000,283.06,295.0,277.31,292.85,938543.3,61.21546103694505,278.2583314702971,270.78515475314134,257.2884432240721,247.40047417534527
1752019200000,292.85,306.59,289.99,301.47,1269144.8,67.65388184348902,282.9006651762377,273.5746861392194,259.02105329371636,247.9384794074314
1752105600000,301.48,315.95,292.15,308.68,1470955.4,72.33977541822625,288.05653214099016,276.7660783083813,260.9684629684726,248.54287264715845
1752192000000,308.69,318.09,294.13,297.37,1742599.6,64.34841323430115,289.9192257127921,278.63916209852846,262.39597422461094,249.02871471037082
1752278400000,297.37,306.79,292.51,302.15,1008118.9,65.42239685658151,292.3653805702337,280.7765109986622,263.9549556275674,249.55728471325273
1752364800000,302.15,317.7,299.84,305.59,1043697.1,61.116111611161095,295.010304456187,283.03228272605656,265.587702465702,250.11482416884226
1752451200000,305.6,331.73,305.07,315.05,1589003.9,65.97412779302233,299.0182435649496,285.94298429641503,267.5274004082235,250.76094532139112
1752537600000,315.07,331.64,305.52,327.5,1818830.6,76.99665231946437,304.7145948519597,289.7208948149227,269.8792670588814,251.52451800476035
1752624000000,327.5,335.14,321.07,323.15,1339880.7,70.74524312896403,308.40167588156777,292.7599043772024,271.96831540951354,252.23720936789707
1752710400000,323.18,331.85,312.26,321.69,1607975.3,68.97816750178954,311.0593407052542,295.38991307018404,273.9181853934542,252.9282819115001
1752796800000,321.68,338.15,311.25,324.35,2440646.8,78.96821467472027,313.7174725642034,298.02264824562184,275.8959036133188,253.6389457730772
1752883200000,324.4,325.83,311.66,319.14,747535.9,73.19347319347317,314.8019780513627,299.9424074960198,277.59175053044356,254.29069755642968
1752969600000,319.15,335.42,317.15,324.32,1080807.4,70.62416703687248,316.7055824410902,302.15855226910895,279.42423090179875,254.9875065359677
1753056000000,324.32,334.89,318.02,322.14,1328260.1,72.17934165720769,317.79246595287213,303.97504751737176,281.0993591017282,255.6556905505352
1753142400000,322.15,324.48,300.04,310.55,1657013.6,59.84427141268075,316.3439727622977,304.57277047033796,282.2542861957781,256.20190258485826
1753228800000,310.55,311.78,282.0,290.22,1562746.1,44.46412754650133,311.1191782098382,303.26797315485265,282.566667129277,256.5403911163522
1753315200000,290.24,295.4,276.03,286.0,1361413.6,38.5013181910363,306.09534256787055,301.69815741350243,282.7013076340112,256.8335215530054
1753401600000,286.0,295.18,279.95,293.99,1172371.2,48.22665267576076,303.67427405429646,300.99741583045676,283.14400145228524,257.2032377564581
1753488000000,294.0,299.65,292.18,294.84,525491.9,45.99978110977345,301.9074192434372,300.4376507549607,283.60266806199957,257.57773290316004
1753574400000,294.84,305.58,293.85,304.76,672715.1,49.57588145120082,302.47793539474975,300.8305915954188,284.43236735368583,258.04720819765595
1753660800000,304.77,308.92,285.59,288.82,1003586.4,37.429310840601936,299.7463483157998,299.7387196321989,284.6044313790315,258.3534051310126
1753747200000,288.82,295.5,279.04,282.22,854811.6,27.01056051990254,296.2410786526399,298.1461087565445,284.5109242661283,258.59088368692295
1753833600000,282.22,284.63,263.58,274.51,936952.3,26.119402985074643,291.89486292211194,295.9973715968586,284.1187311576527,258.74928285421726
1753920000000,274.52,280.14,259.65,260.88,878040.9,23.331286729234293,285.6918903376896,292.8048832698714,283.2074083671565,258.77048401984695
1754006400000,260.88,262.72,248.97,255.29,1082974.2,20.472036942021546,279.6115122701517,289.3944393362467,282.11260803903275,258.73585233805744
1754092800000,255.29,257.95,244.81,249.33,586706.2,20.341575325006374,273.55520981612136,285.7522175784061,280.8270155669138,258.6422617675295
1754179200000,249.33,260.88,246.42,259.89,412805.0,23.823840091005096,270.8221678528971,283.4011068894601,280.0059561329172,258.6546770733252
1754265600000,259.89,271.03,259.41,267.73,594335.1,28.866620057484667,270.2037342823177,281.97646080860005,279.5245460884891,258.7449787939887
1754352000000,267.73,268.25,250.35,255.25,670075.3,28.66841536799876,267.2129874258542,279.54678255327275,278.5726031046268,258.7102028855908
1754438400000,255.24,264.43,251.06,263.42,526823.7,38.591861059083946,266.45438994068337,278.08071141206614,277.9783833750336,258.7570665384705
1754524800000,263.42,286.37,262.33,284.98,802837.7,49.62166172106826,270.1595119525467,278.7079194655147,278.2529565760127,259.0179912495305
1754611200000,284.98,294.99,279.16,290.82,1003319.8,48.80512627214473,274.29160956203737,279.8090176959224,278.7457818083259,259.33442914754517
1754697600000,290.83,311.43,289.89,307.69,843644.1,54.3216519808973,280.9712876496299,282.3436524508386,279.88084918839155,259.81557910627606
1754784000000,307.69,311.45,297.87,306.17,742991.9,50.50260212447424,286.01103011970395,284.5096840462169,280.91179627904285,260.2768171251191
1754870400000,306.17,312.79,290.9,293.04,949219.2,51.534991997672066,287.41682409576316,285.2851673147426,281.38741211123727,260.6028189447697
1754956800000,293.04,324.25,292.17,322.19,1209360.3,62.48984438472595,294.37145927661055,288.6401521043114,282.9875135970711,261.21562671646353
1755043200000,322.15,335.73,316.78,332.2,1194006.7,67.77154827182552,301.93716742128845,292.6001382766467,284.9174150246369,261.92193888843906
1755129600000,332.2,340.48,303.51,312.4,1571236.9,65.28964862298196,304.02973393703076,294.40012570604245,285.9951634550433,262.4242081532307
1755216000000,312.4,317.61,293.54,299.79,868613.5,62.678062678062695,303.18178714962465,294.8901142782204,286.5361374371985,262.7960070770792
1755302400000,299.78,303.46,290.04,295.47,413838.6,63.26929713562637,301.63942971969976,294.94283116201854,286.8864849886809,263.1211214345212
1755388800000,295.47,310.59,293.86,303.01,633382.8,62.61999531725592,301.9135437757598,295.67621014728957,287.51877969500714,263.5180256988544
1755475200000,303.03,304.29,284.1,288.47,878203.2,55.84093725357667,299.2248350206079,295.0211001338996,287.5560824520657,263.7663040501096
1755561600000,288.47,292.66,275.67,277.25,758936.5,56.24007261175403,294.82986801648633,293.40554557627235,287.15192235590627,263.90047017896427
1755648000000,277.23,299.45,276.65,299.2,852122.3,59.41281700515626,295.7038944131891,293.9323141602476,287.624395989008,264.25170928166114
1755734400000,299.21,304.99,293.65,299.94,863743.0,54.4197589222406,296.55111553055133,294.47846741840686,288.1073608521842,264.60681665199286
1755820800000,299.93,346.85,294.0,345.8,1706917.6,63.13676765745963,306.4008924244411,299.14406128946075,290.3698172893534,265.4147090236149
1755907200000,345.81,386.24,339.78,357.77,2846141.6,62.25288706204737,316.67471393955293,304.4736920813279,293.01296170937877,266.33366714278293
1755993600000,357.77,360.67,343.23,348.66,1236897.0,60.023590469450355,323.0717711516424,308.49062916484354,295.1951985050894,267.1528346338995
1756080000000,348.67,350.6,310.14,318.35,1133003.5,55.523065508663215,322.12741692131397,309.3869356044032,296.1032299362624,267.66225916490544
1756166400000,318.36,338.91,314.15,335.59,1207256.0,53.084430531258626,324.81993353705116,311.7690323676393,297.6517307230757,268.3381570836626
1756252800000,335.61,336.3,319.25,320.46,918919.1,47.35989925339569,323.9479468296409,312.55912033421754,298.5461726555041,268.8567823863128
1756339200000,320.45,328.74,312.65,317.37,750349.6,51.208481252735496,322.6323574637127,312.99647303110686,299.2843619631314,269.33950096953356
1756425600000,317.37,321.42,303.92,318.99,884210.1,54.932182490752155,321.9038859709702,313.541339119188,300.0571320822243,269.8335357857571
1756512000000,319.0,319.6,310.34,319.18,478989.4,56.22277045824367,321.35910877677617,314.05394465380726,300.8070484711567,270.3245453799287
1756598400000,319.18,324.98,315.06,315.57,487276.3,53.36584842962804,320.20128702142097,314.1917678670975,301.38598774679764,270.77474890848663
1756684800000,315.57,319.4,298.94,304.68,767646.3,54.430656535286715,317.09702961713674,313.32706169736133,301.51516469790363,271.1121145909892
1756771200000,304.68,318.14,303.66,315.54,732055.9,60.48638878238485,316.7856236937094,313.5282379066921,302.0651582391623,271.5541831025217
1756857600000,315.54,328.8,312.66,327.78,554153.6,58.26680550734699,318.98449895496753,314.8238526424474,303.07358340625404,272.1136439671732
1756944000000,327.79,331.66,305.83,306.29,838221.0,51.639894633541665,316.44559916397407,314.0480478567704,303.1997173903225,272.45370721128097
1757030400000,306.29,313.57,298.11,302.18,847242.4,35.63808771236663,313.5924793311793,312.96913441524583,303.159728473055,272.7494912191289
1757116800000,302.18,304.54,297.21,298.21,339121.8,29.2993187821493,310.5159834649434,311.62739492295077,302.9656214741117,273.0028296149585
1757203200000,298.21,304.0,297.76,301.36,414427.9,32.84989122552574,308.68478677195475,310.6939953845007,302.9026559261073,273.28499051431214
1757289600000,301.36,307.97,298.3,302.81,745723.3,42.874174614820234,307.5098294175638,309.97726853136425,302.8990223603776,273.57877170322445
1757376000000,302.8,309.94,294.65,297.85,903307.4,30.498139727159995,305.57786353405106,308.87478957396746,302.7010214835001,273.82027646239635
1757462400000,297.85,306.44,295.65,300.07,738326.4,37.84138342277877,304.47629082724086,308.0743541581522,302.59784417042164,274.0814677413775
1757548800000,300.07,310.2,299.29,309.45,662929.5,45.606833814066995,305.4710326617927,308.1994128710474,302.86655616373844,274.43339343549314
1757635200000,309.47,321.61,307.94,321.34,772298.9,51.17020217109848,308.6448261294342,309.39401170095215,303.59100494163107,274.90012583912005
1757721600000,321.34,321.49,309.41,314.86,664655.5,47.97563261480787,309.88786090354733,309.89091972813833,304.0329263164691,275.297736527288
1757808000000,314.86,315.34,302.0,306.0,546667.1,45.725770433229115,309.1102887228379,309.537199752853,304.1100664609213,275.60323168622045
1757894400000,306.0,310.09,295.03,299.19,623801.1,47.45527023268748,307.1262309782703,308.5965452298663,303.9171226781401,275.83792589829784
1757980800000,299.18,301.75,289.35,298.74,710190.2,41.38107941719678,305.44898478261626,307.70049566351486,303.7140982593895,276.0658072326431
1758067200000,298.74,308.48,290.5,305.96,785134.0,38.197749891821715,305.55118782609304,307.5422687850135,303.8021728374527,276.3632618870447
1758153600000,305.98,312.81,302.6,309.15,585548.0,51.9287833827893,306.27095026087443,307.6884261681941,304.01189154970945,276.6894980871736
1758240000000,309.16,312.05,296.35,298.43,613790.8,47.67801857585139,304.7027602086996,306.8467510619946,303.7929938418777,276.9058214892913
1758326400000,298.44,300.86,294.54,296.7,344538.0,49.03833906508725,303.1022081669597,305.92431914726785,303.5148372206276,277.10277848939785
1758412800000,296.7,299.02,292.6,293.88,298625.9,45.2161678178562,301.2577665335678,304.82938104297074,303.1370004668775,277.26971601686654
1758499200000,293.87,295.48,241.76,270.12,1444722.1,33.734699970146266,295.03021322685424,301.673982766337,301.84221613484306,277.19857456396244
1758585600000,270.13,280.27,262.97,274.41,688905.2,38.25886595872569,290.9061705814834,299.1954388784882,300.7664429530845,277.1708275533758
1758672000000,274.42,281.17,268.16,278.04,661323.6,39.118838289044746,288.3329364651868,297.27221716226194,299.8752098961008,277.1794760354317
1758758400000,278.04,279.35,255.6,260.12,1162183.0,27.53029060763413,282.69034917214947,293.89474287478356,298.316182057038,277.00973000522845
1758844800000,260.13,272.58,256.17,270.6,751114.0,26.58730158730161,280.2722793377196,291.77703897707596,297.22927295676203,276.9459515972162
1758931200000,270.6,272.13,265.38,266.32,274466.2,27.138281838733988,277.4818234701757,289.46276270643267,296.0171446055165,276.8402207355524
1759017600000,266.33,277.0,260.86,274.93,410949.6,35.33188556321406,276.9714587761406,288.14160246039336,295.1901977582413,276.82121356405435
1759104000000,274.93,280.28,268.32,276.86,517940.4,38.94882708106503,276.9491670209125,287.1160022367212,294.4713664736044,276.8215994987404
1759190400000,276.86,279.06,266.02,274.27,515569.4,38.14093244160124,276.41333361673003,285.94818385156475,293.6791560236591,276.79621044900165
1759276800000,274.28,287.94,269.64,286.65,574773.4,41.0874180744023,278.46066689338403,286.0119853196043,293.4035028462607,276.89425810622555
1759363200000,286.62,294.24,278.53,288.77,630706.3,40.499720305799,280.5225335147072,286.262713926913,293.2217968522897,277.01242469223325
1759449600000,288.76,299.59,283.68,290.44,661094.0,45.93218613175848,282.5060268117658,286.64246720628455,293.11270677965086,277.1460324067384
1759536000000,290.44,291.86,279.79,283.05,355799.5,43.42928660826035,282.61482144941266,286.3158792784405,292.71809082750775,277.20477835294
1759622400000,283.05,296.1,280.93,285.52,524432.3,45.96213292117465,283.19585715953014,286.24352661676403,292.4358127558408,277.28751687679136
1759708800000,285.52,301.75,282.69,297.13,504654.0,64.78056254788221,285.98268572762413,287.23320601524,292.61989853012153,277.4849545198084
1759795200000,297.14,298.23,275.3,275.99,704649.8,50.72999445573831,283.98414858209935,286.2110963774909,291.96774564658733,277.4700793504571
1759881600000,276.0,287.19,274.4,285.4,450079.0,53.228070175438575,284.2673188656795,286.1373603431735,291.71018699378,277.5489840335371
1759968000000,285.4,286.63,268.41,273.52,586322.5,56.20600222304556,282.1178550925436,284.99032758470315,290.9968463273573,277.50889464016865
1760054400000,273.52,279.52,80.01,223.93,2431381.6,34.13340586115454,270.4802840740349,279.4393887133665,288.3667739223629,276.9757713104158
1760140800000,223.94,244.28,216.65,234.14,1555655.4,39.483660130718945,263.2122272592279,275.3212624666968,286.2402337685447,276.5495447302127
1760227200000,234.15,256.14,225.04,250.86,1070031.9,42.52994848240333,260.7417818073824,273.0975113333607,284.8527736207586,276.29392736971306
1760313600000,250.85,262.84,243.92,260.97,922626.9,45.30686986827338,260.7874254459059,271.9950103030552,283.9161942630818,276.1414504804622
1760400000000,260.97,263.36,237.96,255.2,1128194.7,44.471502290253376,259.66994035672474,270.46819118459564,282.79006899786293,275.9330778388656
1760486400000,255.19,262.53,236.34,242.12,755671.7,37.14269215222036,256.1599522853798,267.8910828950869,281.19516433128007,275.59662930315545
1760572800000,242.12,246.21,222.43,223.09,933390.6,32.72306397306397,249.54596182830386,263.8182571773517,278.9165304359358,275.0741752802385
1760659200000,223.09,227.39,200.03,206.47,1802640.7,29.52250890113642,240.9307694626431,258.6047792521379,276.07549002668344,274.3915466704849
1760745600000,206.48,216.85,205.28,214.73,560341.0,33.409422049538605,235.6906155701145,254.616162956489,273.66978453544095,273.79789943993285
1760832000000,214.72,226.36,211.47,222.33,703530.1,35.02819504335878,233.01849245609162,251.68105723317183,271.6564596516981,273.2857810375455
1760918400000,222.33,235.76,217.72,228.79,696901.3,33.402953176607724,232.1727939648733,249.6000520301562,269.9754220182982,272.84303694761974
1761004800000,228.8,236.69,217.91,218.63,896155.0,35.284761416110825,229.46423517189865,246.78459275468745,267.9618760567963,272.30360374416085
1761091200000,218.62,225.59,207.89,216.36,1249768.6,31.614827439284213,226.84338813751896,244.01872068607952,265.9382730741769,271.74695097058714
1761177600000,216.36,228.28,215.83,224.44,550303.5,36.66014350945858,226.36271051001518,242.23883698734502,264.31088981636606,271.27623504053156
1761264000000,224.45,237.08,223.14,228.82,527170.1,51.762162162162156,226.85416840801216,241.01894271576822,262.9190902157243,270.85378494062576
1761350400000,228.82,229.01,224.52,226.14,311647.9,46.95168419448255,226.71133472640975,239.66631155978928,261.4767729523625,270.4088716576345
1761436800000,226.14,242.5,223.33,240.62,475364.2,46.0303923088851,229.4930677811278,239.75301050889934,260.658860287564,270.112464974474
1761523200000,240.62,248.93,233.02,234.99,607275.1,39.566265060240966,230.59245422490227,239.32000955354485,259.65223831550264,269.7629877110464
1761609600000,234.99,239.06,224.32,228.25,611086.6,39.26038096756197,230.12396337992183,238.31364504867713,258.4207779894045,269.34992315670763
1761696000000,228.25,235.3,221.66,227.52,661024.6,43.546676096181045,229.6031707039375,237.33240458970647,257.20898277413374,268.93370501584485
1761782400000,227.53,231.14,207.27,215.02,858142.8,46.21446664790318,226.68653656315,235.30400417246042,255.55451286142264,268.3972502395678
1761868800000,215.03,235.66,212.2,228.39,890437.0,60.60576736984711,227.02722925052,234.67545833860038,254.48923784724923,267.99916814763185
1761955200000,228.38,229.27,221.25,222.84,394582.5,54.029613435357255,226.18978340041602,233.59950758054578,253.24809126500418,267.549823190939
1762041600000,222.84,237.08,218.16,231.24,714648.0,54.392191659272406,227.19982672033285,233.38500689140525,252.385028862455,267.1885314178948
1762128000000,231.24,232.91,194.57,199.57,1361488.4,38.463360707517374,221.6738613762663,230.31091535582297,250.31385126000578,266.51571020975655
1762214400000,199.57,205.99,176.46,188.02,1667717.8,38.04577052253378,214.94308910101307,226.4662866871118,247.8709551321624,265.7346583668734
1762300800000,188.03,205.37,180.58,201.9,1061981.8,44.8224004583214,212.33447128081048,224.23298789737433,246.06817257795996,265.0994876368548
1762387200000,201.89,205.89,192.65,197.16,709964.6,39.99266324284666,209.29957702464839,221.77180717943122,244.15020502588308,264.42347283449806
1762473600000,197.16,212.64,189.76,207.99,965518.1,42.704028021015766,209.03766161971873,220.51891561766473,242.7321577699661,263.8619457416175
1762560000000,207.99,211.07,198.35,202.69,977990.4,41.9343743550939,207.768129295775,218.89810510696793,241.16187707310468,263.25326966458647
1762646400000,202.7,214.96,196.52,212.17,565407.2,39.86606824820118,208.64850343662002,218.28645918815266,240.02494071729666,262.7449784241428
1762732800000,212.17,229.29,210.55,228.23,806699.3,47.75862068965517,212.564802749296,219.19041744377515,239.5623940225007,262.4015458030071
1762819200000,228.23,232.15,206.83,207.6,902838.4,43.73064545509745,211.57184219943682,218.13674313070467,238.30896680593207,261.8562567900418
1762905600000,207.61,219.41,202.76,205.01,730693.7,43.24226958871209,210.25947375954948,216.94340284609513,237.00312497040534,261.29062239412104
1762992000000,205.01,216.71,190.51,198.64,947419.1,44.894651539708256,207.9355790076396,215.27945713281375,235.4986886970561,260.6672331165676
1763078400000,198.64,199.8,172.73,173.81,1580669.1,34.1226437049104,201.1104632061117,211.50950648437615,233.07952443442647,259.8029820407809
1763164800000,173.79,182.71,173.7,178.42,592612.3,37.007137007137,196.57237056488935,208.50136953125104,230.93601367229212,258.99320112495224
1763251200000,178.42,182.11,167.67,172.78,804954.9,32.61981210607682,191.81389645191152,205.2539723011373,228.65538568514341,258.13535832768906
1763337600000,172.78,182.57,164.74,169.04,1086909.7,39.115864527629235,187.25911716152922,201.96179300103393,226.31752742298093,257.2488373493041
1763424000000,169.05,179.79,165.08,178.19,909661.9,46.43453028654334,185.44529372922338,199.80072091003083,224.43017340639346,256.4621822513011
1763510400000,178.19,179.0,163.4,174.41,938913.1,39.24070450097847,183.2382349833787,197.49247355457348,222.46859797869178,255.64574262691008
1763596800000,174.4,179.61,159.27,164.55,1005494.3,37.7286069090088,179.50058798670295,194.49770323143045,220.19728041089996,254.73931732713982
1763683200000,164.56,167.93,145.0,157.72,1387296.5,30.495848529525873,175.14447038936237,191.15427566493676,217.74719098302154,253.77395098557625
1763769600000,157.73,163.48,155.06,161.05,609560.3,33.59338061465721,172.3255763114899,188.4175233317607,215.5237717287854,252.85132460761034
1763856000000,161.05,171.45,160.23,167.35,617738.6,31.886517943743925,171.3304610491919,186.50229393796425,213.6346042100095,252.00056515877841
1763942400000,167.36,180.08,165.42,178.41,786853.6,29.01785714285714,172.74636883935352,185.76663085269476,212.253247182166,251.26832072933786
1764028800000,178.41,181.33,173.95,178.89,674196.7,35.43674546007912,173.97509507148283,185.14148259335886,210.94488454757126,250.54813843352358
1764115200000,178.9,188.7,174.63,185.67,626487.0,40.58972362787076,176.31407605718624,185.18952963032623,209.95371260452927,249.9025848172696
1764201600000,185.66,187.9,181.84,185.85,411449.1,43.37786061923993,178.221260845749,185.24957239120567,209.0084689729791,249.26524566485895
1764288000000,185.85,189.42,182.12,185.18,531740.8,57.851125535147084,179.6130086765992,185.2432476283688,208.07401920933285,248.62758152889023
1764374400000,185.18,186.56,180.78,181.98,323893.3,52.50704225352113,180.0864069412794,184.94658875306254,207.05072433837861,247.9644215136774
1764460800000,181.97,190.81,176.6,177.32,737886.5,53.241930876892305,179.53312555302352,184.25326250278414,205.8848135800108,247.26149194637713
1764547200000,177.32,178.01,162.19,171.28,1011386.8,51.54867256637169,177.88250044241883,183.07387500253103,204.52776206706923,246.50545720064204
1764633600000,171.27,190.73,167.13,189.78,769313.0,57.09562874984695,180.2620003539351,183.68352272957364,203.94941845659594,245.94102479068542
1764720000000,189.78,200.51,189.28,197.74,731967.7,63.587652882935366,183.7576002831481,184.96138429961238,203.70591185045492,245.46141260371343
1764806400000,197.74,199.3,187.29,190.42,509922.0,65.52634737726561,185.0900802265185,185.4576220905567,203.1848956994567,244.9137368564128
1764892800000,190.42,193.48,181.19,183.37,545621.6,65.35376511433017,184.74606418121482,185.26783826414243,202.40784096614468,244.30136136530422
1764979200000,183.38,191.42,182.02,187.31,312512.5,65.60494414071785,185.25885134497184,185.45348933103855,201.81576877139392,243.73428314276387
1765065600000,187.3,194.94,181.77,187.39,596910.3,62.859342915811084,185.68508107597748,185.6295357554896,201.25005234898632,243.17364350950257
1765152000000,187.4,199.98,185.69,191.42,670417.0,59.176188460995895,186.83206486078197,186.15594159589963,200.86456010000646,242.65868188254237
1765238400000,191.42,206.28,187.09,202.29,838688.8,64.39468503937007,189.92365188862559,187.62267417809056,200.92045970392778,242.25700345585042
1765324800000,202.29,207.05,196.09,196.81,736022.3,56.964241060265074,191.30092151090048,188.45788561644596,200.75926520573452,241.80479446623997
1765411200000,196.82,203.23,186.85,202.33,743012.8,59.65775902484764,193.5067372087204,189.7189869240418,200.8208626486469,241.41201044170026
1765497600000,202.34,206.8,189.16,191.25,929845.0,53.17037501305756,193.05538976697633,189.85816993094707,200.44553470164115,240.91288595969328
1765584000000,191.25,202.61,191.14,197.41,474558.6,57.817408045394664,193.92631181358107,190.5446999372246,200.32649412510622,240.4800214227809
1765670400000,197.4,198.03,184.95,188.49,429168.8,55.42496357455076,192.83904945086488,190.35790903384054,199.862317884906,239.96270777678308
1765756800000,188.49,196.65,179.06,192.8,953538.0,60.63031021537246,192.83123956069193,190.5799173034914,199.58536424236067,239.49342710238724
1765843200000,192.8,193.18,183.21,186.11,824667.1,47.94765686164859,191.48699164855356,190.1735611849922,199.05691858579752,238.96224872325902
1765929600000,186.11,192.69,176.67,179.9,901344.6,39.82432124115902,189.16959331884283,189.2396010772656,198.30566687655056,238.37456465636092
1766016000000,179.89,185.17,169.36,173.46,859871.4,40.22816317123762,186.02767465507426,187.80509188842328,197.3313269990388,237.72864859012847
1766102400000,173.47,187.47,171.63,181.53,707389.6,48.95216400911161,185.12813972405942,187.2346289894757,196.71166711672356,237.16945805689338
1766188800000,181.53,182.66,180.1,181.98,103532.0,46.839046376467785,184.49851177924756,186.7569354449779,196.1339546807736,236.62030922050639
